price_z_score,ratio_to_estimate,bid_spread_variance,single_bidder_flag,vendor_sole_bid_rate,win_rate_share,rotation_index,relationship_density,is_anomaly
0.5716698558922182,0.9209835701641004,0.050121531613146864,0,0.14334915513172922,0.4472088578908445,0.0013309984994465457,0.0700880892028466,0
-0.4720479172330387,0.9185794042222224,0.07891441759502951,0,0.13913548104475135,0.20712585502042366,0.2020844252213969,0.10561965313074087,0
-1.723093435940652,0.9798660114012705,0.14287329908342483,0,0.30729133396723385,0.30663831504496,0.09925155330641687,0.3446287215105066,0
-0.2826493024392706,0.9401798065408232,0.19751202420827169,0,0.233314272220846,0.1798735235212639,0.1996345386513827,0.0043809155791392,0
-0.13197338719050467,1.0012502470755165,0.1871996357650083,0,0.14103540362940165,0.1526732349673718,0.08771349301856858,0.1881306258756246,0
0.42887564995045085,0.8737189806908322,0.1670286190461278,0,0.35724828276811454,0.3204731790115839,0.2207701054056469,0.10299381179003864,0
-0.8493720090654197,0.9773346495171429,0.06537881399810701,0,0.008106717982418056,0.07559765501714044,0.0561099258752096,0.061285029395371,1
0.028223954248175455,1.0271479291385281,0.017387204398134723,1,0.08316642477279401,0.2579791969575212,0.160371584485084,0.3027849536026197,0
-0.15216983499732217,0.9958908611611621,0.0181292921274361,0,0.021672309738701226,0.38952041552406347,0.07706207150848692,0.7235394565672524,0
-1.042769751508959,0.8095991972873788,0.14308305673733868,0,0.05652092623860083,0.36866608489036695,0.05799255021338636,0.12146947228584652,0
0.9371569961118767,0.9875243137250773,0.21591064831017942,0,0.10017128046468268,0.033361364575077636,0.20510803987197057,0.06070250141086214,0
-0.2009950547356809,0.9654697252774127,0.21619022297590113,0,0.06778524292859525,0.27458685197574256,0.0406287209009466,0.07083491083801696,0
1.618627396236603,1.2051399711451671,0.015481310172468524,1,0.5518007053070664,0.38434137014413683,0.5011895767936801,0.3393269819129766,1
0.463262071305593,0.7930817873303132,0.13198623869106174,0,0.04978144367115491,0.2423094558962261,0.20965749696452982,0.1861831496885322,0
-0.3393023690376588,1.0707625638075124,0.19316530908856938,0,0.11738013734171142,0.8228043667685755,0.2097987487403055,0.19754855122677856,0
2.4191438583536518,0.8841685826184811,0.19029743150947526,0,0.03930645656574613,0.19394491438615974,0.051441825406191945,0.3406036888093601,0
0.635181060162795,0.891480141007264,0.08672857004771672,0,0.2817683791592831,0.5859527467634607,0.1657467885385783,0.5120967494519977,0
0.6558632161429626,0.9278563978446692,0.10084559304894428,0,0.20213104431989715,0.28628562182982364,0.11583146717897005,0.09497032725920146,0
1.1845296752551,1.0710183161988736,0.031174518805032997,0,0.7870267075584285,0.7257006361109943,0.765438060815015,0.5136988061433498,1
-0.8625063570632839,0.9051160194371856,0.07527814055819981,0,0.21373879343905092,0.053041961858155615,0.07526870602119844,0.029095385390011386,0
-0.15111650679326583,1.0987949260669447,0.18650714312536992,0,0.30367543809618497,0.42803713485567124,0.4605966382499032,0.03356007186012286,0
-2.5963497711978523,0.9660555952004074,0.07735182716952035,1,0.10101082795571718,0.0976733991327287,0.2573610910099589,0.03929929111488438,0
1.2249309264388963,0.897584069670603,0.05792837635973639,0,0.09687090435412206,0.3345051835975147,0.33676510336552024,0.07711708780723377,0
-0.4460671446956801,0.9163166560946623,0.15006535786650266,0,0.23453179477233277,0.21708235819040667,0.22248033293023858,0.10225029934390836,0
0.7093760694940213,0.9113418794044192,0.050005858107329056,0,0.183371757212522,0.025650369751560036,0.3573441484121137,0.2848951714104882,0
-0.5020623971868458,0.9995251135180415,0.01807469257731302,0,0.03663262078050786,0.03747443016834224,0.21434547387007194,0.16962205268837285,0
0.6043420462498375,1.0555673776410983,0.04651860898109821,0,0.09002832412185512,0.12591268379217613,0.23473901312941964,0.045288234789424196,0
-1.2532759073475916,0.8274701433857781,0.19974141275955792,0,0.1763595807001207,0.315260885136566,0.32636145417057333,0.45545593584834193,0
-0.11243192223156308,0.9572859819257673,0.0810265179398345,0,0.36286093931370816,0.25354710446840584,0.12876608708908752,0.24428000084707668,0
2.2551379612260853,1.4331009481216637,0.030807021242088076,1,0.5323737217678067,0.8529360849813223,0.9051909090739311,0.6850136782047695,1
0.9785894280031819,1.2749707045028946,0.016676091508380217,0,0.42967295145854706,0.6583486213802762,0.7607492267365016,0.7782088013830359,1
0.7231192305057805,0.9280097409065302,0.11264935016634507,1,0.18202554676417054,0.2578986424123406,0.06725661871273333,0.3172684417013832,0
1.0039427456419596,1.1027820031348075,0.03667353488838265,0,0.1394928537888191,0.1746811301589421,0.10579910974370105,0.20858734733723033,0
1.047833222524617,0.9582176816653029,0.17952495337108376,0,0.020023164569971344,0.2587343840963861,0.06643870902544986,0.09413426129276685,0
0.8424626711596483,1.2084938366509932,0.028292515749280246,0,0.6093664438040958,0.6927094796634515,0.5082806042946153,0.5573150523414697,1
1.1000858249645264,1.3255700202682352,0.016206648597727413,1,0.8514094510455233,0.6994742667901348,0.6745591610339122,0.8693011234398517,1
-0.7505629866629709,1.0088172935671378,0.06991408447757536,1,0.04585309134902233,0.12442313409774973,0.0348316997892821,0.3342415247826465,0
2.4981522499306568,1.0557797538916183,0.0902919287625454,0,0.023092228566898236,0.07564293221114446,0.12905373880778448,0.4329191707772438,0
0.30197176368783823,0.9310951550426168,0.11557578305913083,0,0.13868015835969227,0.18229355216613297,0.1040874825122411,0.12944464470934977,0
0.1453050078037108,0.9215481646809407,0.20751728315359935,0,0.15837054215223112,0.3182865704966125,0.10914951434260284,0.11350615854385146,0
-0.1333063751592693,0.8731156334305531,0.11986491981813233,0,0.09091934751286464,0.1000082098394388,0.08632399254304528,0.2970462810734987,0
2.249425400119323,1.3249355898575081,0.015173168751855348,1,0.7107643672418509,0.45304726571687537,0.8828931455390003,0.6066113863708182,1
-0.14258995980295808,0.9631557638592592,0.1439255547093411,0,0.08458099662693773,0.3023651614080525,0.4537347789412201,0.20621115433145182,0
0.34407028814208807,0.9345001347803094,0.025263228054125342,0,0.5184345232305926,0.2775069039819632,0.36066095641814616,0.26751108107764954,0
1.1625176496255962,0.9435497717085402,0.05633931830971291,0,0.3200697253112726,0.3312630601036934,0.0043736218197915925,0.2302512416401298,0
-0.9858942196800724,0.7932709648401128,0.17680458420880646,0,0.0475778818139405,0.11940853491405888,0.062491578399271205,0.14955699485065263,0
-0.9154687231658258,0.9508287331594886,0.20623347537886133,0,0.41432617193624777,0.3091731381126781,0.18283478868520336,0.2305841098808624,0
0.2842896548940987,0.9615475256649403,0.05566637066877877,0,0.23721479354575767,0.181097858869443,0.38306013622259905,0.2409547387161515,0
0.6995048576389117,0.9174836358912628,0.04144067612506888,0,0.10933126657884017,0.03923686634936497,0.08680236642876168,0.06978170268541259,0
0.03785249773585947,0.9144133657408993,0.028613097459401958,0,0.12368807169519838,0.09080770598297895,0.04397349395192752,0.27172226291413565,0
0.37525604495757253,1.0397256408463558,0.11674050072763115,1,0.044053445491613386,0.21774534727374015,0.028309413046095813,0.2530361881507147,0
-0.6863986149101252,1.1425321469231073,0.08063713932282991,0,0.019517547772377037,0.33951604792300344,0.3003685349089272,0.32481393406314873,0
-1.116504997824905,0.956451083559075,0.19828119406679678,0,0.11584493036347847,0.3854668184440519,0.033956656243073896,0.10070762410863504,0
0.8541154535726814,1.1757034387000422,0.005358735879018648,0,0.8815770346867948,0.6414710361772726,0.7652105945867431,0.6589445587714765,1
0.4793367445008093,1.058417774052063,0.1274221920320919,1,0.3188367048414214,0.1558067067271535,0.06329075401814405,0.286792744943116,0
-0.2965740523746849,1.0196004250301824,0.1212910598631593,0,0.1488987679968766,0.18005618418108768,0.11133723536911204,0.03594679926405238,0
0.5344664711446697,1.0006886698586752,0.08121064033958064,0,0.031398565806441424,0.1661841502359033,0.3375010772409753,0.07114752259763701,0
-1.0149326613991976,0.987084230102873,0.0635994301907065,0,0.023617931098774164,0.08147184247525872,0.015881177542817242,0.3990849138777996,0
-0.44460142231772215,0.9168327023410294,0.14498128648225161,0,0.11035393028084049,0.4806443274657097,0.1657610850007269,0.3912921332435076,0
0.22144971180115974,1.0335131883726663,0.2060485486291463,0,0.19237382027262853,0.36162547067083106,0.07826194257580246,0.11893218519378787,0
1.6250578406146199,0.9790360407865256,0.006512336908636361,0,0.5628269224389797,0.2561345741905275,0.8774035465757796,0.8100212304112304,1
-0.2637869209670733,1.0012235457299574,0.06284623523891603,0,0.19646561660880144,0.6824449278150067,0.2380661327971615,0.10114408570563226,0
0.35384239586768196,0.8179190596761278,0.13916834429427452,0,0.19054990226985374,0.2105626592473847,0.10477439824774754,0.058995838375678206,0
0.2838945148235812,0.9133120538923196,0.035627095330630965,0,0.14638268432223697,0.1449571295991321,0.03930088719480717,0.2923762245186987,0
-0.15237038362727068,1.0361044995439586,0.04276086421265475,0,0.22170286991507626,0.11995164103711232,0.16657938444345644,0.23798304775652238,0
2.3485768874069226,1.0427401415475326,0.015602859627321955,0,0.8903732482206396,0.6136699167931564,0.48722203045568374,0.7565392856351654,1
-0.7454716925810196,1.1003946457317793,0.19366813057394078,0,0.06563370577468308,0.22366788968516338,0.3612761382791434,0.17019310194045986,0
1.4191844467302064,0.9554087437598766,0.1899004606225781,0,0.15721357180712725,0.1897737115773209,0.14735836408783806,0.11222990884608769,0
0.43665639721932725,0.9311968584994413,0.16520830015972787,0,0.22575809695576537,0.07037434238507496,0.1426175745642839,0.16618143068730956,0
-0.20638794403270377,0.8205641975610667,0.17391410770525068,0,0.14000646240569847,0.1702834273198418,0.023568009085178376,0.6743571330234548,0
-0.3605087447267694,1.0702773884363046,0.20695026444663672,0,0.1375335077612848,0.2160334354859627,0.07218587677139801,0.2229494307797179,0
0.21809008802937052,0.8811356953065739,0.12250945090083862,0,0.08855992888196701,0.25756439294026584,0.21849390539965835,0.15899405121189478,0
0.3490826107816325,0.8350805422046512,0.09995811155574251,0,0.18445383320260533,0.5351627536274726,0.08938878422398758,0.21154488027610577,0
0.8244261395237709,0.8820702523026905,0.1972694679241258,0,0.057993217401864396,0.13614889827731746,0.08224404249990847,0.12573589414949712,0
0.09179289334053393,0.9977233904334564,0.2069057421657276,1,0.03269058743636096,0.5109558771635697,0.29114146363441856,0.08478883667160894,0
0.6977821479333638,1.0087620836166882,0.1993463129312208,0,0.04871270775014084,0.13927278005989793,0.17700181293863435,0.030619316696849957,0
3.2320316168902403,1.1885200786844194,0.016916775995763578,1,0.4478554226288262,0.6984287865160449,0.9080901132062822,0.9021362011207088,1
0.42808504140665715,0.9791702014591198,0.2172083451839229,0,0.06673794356715167,0.3170652875550834,0.16555747440924634,0.07588490024347966,0
1.2884463306704759,1.1223181723780673,0.014766131981459436,1,0.4045728889131625,0.9562576660520521,0.6235342110120959,0.7452944066901258,1
-1.37307163182892,1.0289149220506244,0.1037594752171398,1,0.11134778362817281,0.1441182422844201,0.11948838314726003,0.22776014388797755,0
1.2359147298820368,1.0949315495232164,0.0029020806796479707,1,0.8808219650650524,0.5151041755219421,0.5378334228952275,0.4299531405380905,0
0.8190273682061934,1.1251110766438641,0.005336584094900867,0,0.5994600320615876,0.425742802515613,0.5485082837376756,0.8298811113401408,1
0.7753764359361149,0.9758491068022582,0.003262634528433005,0,0.53865694776372,0.42211904980677356,0.81037730380355,0.6012666130805798,1
2.6042062069573344,1.1508148625805557,0.03269756336726097,1,0.5364406194669219,0.8187720174259723,0.5493376480671099,0.6384973420237153,1
2.204659651491637,1.1282781092515628,0.008196293195833345,1,0.7087366202535689,0.4377652028283509,0.9751306031465835,0.7260019791427668,1
1.8087416903752578,0.9157458203722184,0.05111155206308631,0,0.04337978813388838,0.0940017311887407,0.08910295123557391,0.1652600490736762,0
0.4946271676544649,0.932285879519448,0.17609073927009178,1,0.12197563912503352,0.10258615713731735,0.09561809447136058,0.047032829351522934,0
0.24509800738636622,0.9915663988387375,0.11607219991574198,0,0.11248043111682826,0.04892752593523245,0.04129837487981982,0.17231728095989224,0
1.347145960159504,1.0277416620173194,0.15070381708738,0,0.06601503147214254,0.2168331823773228,0.21873401365280723,0.09006555389517608,0
-1.0577778847905597,0.9223100278545697,0.15646544760870357,0,0.11646087481358096,0.2853376873934629,0.02575568305224119,0.18945312479998874,0
0.6433211015891647,0.905489581194434,0.11996479476729567,0,0.12415903843436311,0.45336127593776476,0.03902847106159282,0.1939768958755396,0
0.9012130517123185,1.225021817521526,0.017377057725943154,0,0.7733960526099819,0.5391390776778376,0.7272350862865693,0.8606528162516784,1
-0.9495182609192458,1.0149652636687132,0.04581367760921359,0,0.007055705099215679,0.04069253080008147,0.13659697906853963,0.18981690254316677,0
-0.08575394041002578,0.9981320832640446,0.08568132037418,0,0.14197407702951112,0.26757779304880575,0.12156101127951442,0.051205986713008855,0
2.662380005386755,1.4337724531975342,0.0098686903512388,0,0.9179321247936534,0.3247701561329403,0.8342569209458279,0.8664078935013081,0
0.12544396513642486,0.9296992130717525,0.20305652480888353,0,0.2109902645253868,0.20675802742289734,0.03716905450581935,0.1585565768602924,0
-0.39370084119294957,0.9964723356136562,0.16799433157666077,1,0.14126309539139767,0.3424752080038847,0.17429733232304342,0.008449805214111582,0
-0.4735128225537794,1.0847031347597516,0.12517047241296042,0,0.1586183629319274,0.21613290517869665,0.24809301155698035,0.09277128404788249,0
0.5100823395724826,0.9885002230964867,0.03702790937058674,0,0.03624990161704015,0.29920113736873843,0.05804520670580334,0.4085333778633017,0
0.389570443740367,0.942507737805197,0.1087322360220066,0,0.14469042723038344,0.11526819023584545,0.16209045756425633,0.056471652681027766,0
0.6616379740412083,1.0063885828236105,0.21907414020031007,0,0.10275542635674145,0.18841794610190146,0.04472613995158401,0.4020354642987498,0
-1.3959193906648113,0.8817007330952187,0.10977734197915294,0,0.08620973390077571,0.2893081869236486,0.2995948203767321,0.3349585233378276,0
1.4012002867599382,0.8826729687211747,0.0535520061282105,0,0.08440692062116309,0.38578539137832885,0.03221096031555943,0.1571346501901463,0
-1.8880511022433433,0.8461053890492861,0.19179899667893718,0,0.4029875506227802,0.0669154343478461,0.07428946527865977,0.19981607835420445,0
0.6904533902800009,0.8910637543794993,0.06761564642866247,0,0.0066636711096255356,0.09703784773107971,0.08095138178002555,0.3017232296431964,0
0.9984218468314128,1.0905485519271287,0.1541253192345139,0,0.007138883035451421,0.12543775246688696,0.3108504207271344,0.3127054819314464,0
2.050408383711255,1.1345925207314225,0.04310486035708448,0,0.28943155689709243,0.683404806927641,0.9795451005431118,0.7030869864961035,1
1.0386149395642166,1.0638817800506417,0.003946590107847264,0,0.8148680644970944,0.868514193473914,0.894923326246991,0.9570015389574512,1
0.8326453280950942,0.9641806792397987,0.03645542995111874,0,0.025998607652686165,0.13902840030511343,0.029007082541340674,0.2310091562381209,0
-0.7774818108104228,1.0045242499627005,0.07747598712345179,0,0.32336074558431793,0.1844848293150776,0.18983747831141407,0.490529828066389,0
-0.5592298002753628,0.9444242163106654,0.08722332126288156,0,0.05311923208528485,0.394344474060875,0.05991616521249814,0.06358508091632815,0
-0.4831545318149823,0.9376151726098395,0.020000153587569833,0,0.16094105280223694,0.43146695086265446,0.05467772092063009,0.2550600191282198,0
-1.0694769118521565,1.0106928819819248,0.11107358558425898,0,0.022973715743958165,0.19327776539653485,0.3058780546646551,0.1788783979836544,0
-1.3208682143053971,0.9339511158281196,0.027000003016410278,0,0.08151822730657739,0.12068049869854774,0.14399083315299294,0.12286205015753819,0
0.3204269236497455,0.8776150521166524,0.19409493364011354,1,0.1433708697022735,0.05991559090502082,0.15736181187729456,0.6531566863864983,0
-2.1744800501145605,0.9159907773650768,0.20853943111572476,1,0.02612562774331014,0.2041281454684721,0.22617252778694216,0.040643910085891,0
2.487205159987285,1.00419397356295,0.02735682110539519,0,0.8335653800368105,0.8252173361263456,0.7055535168816321,0.7085416715159694,1
-1.2807276212018575,0.9289840066873151,0.02634313936848595,0,0.17127476222803975,0.22148051399254068,0.21873478753905592,0.01736017658050613,0
0.6130678402814008,1.0361969576428935,0.1529062903575894,0,0.04054088018380379,0.2671193132363871,0.11161644151029174,0.03764394195774816,0
-0.5291948490857158,0.8333129288169936,0.032179852614487456,0,0.12306608016223318,0.32887706544836764,0.2311487128815186,0.1921678961092539,0
0.9358901586289254,0.9939253489214761,0.07444741549204908,0,0.15345776321420776,0.52464705576646,0.18659433513072504,0.3143216617656662,0
0.4669596771062956,1.1013209440262106,0.01668574193472276,1,0.0542377397794284,0.11231187499408914,0.1877756784470452,0.21406538171814218,0
1.9247140677464187,1.029067620277576,0.028378408318914375,0,0.6911685258804988,0.4199772280645786,0.6072191475074306,0.9545259857145083,1
0.5450468891220968,1.0369589751257473,0.06012649506049297,0,0.0897288404976443,0.1597913143395422,0.16121515041160048,0.5235438786176501,0
1.7391162313022595,0.8572332587440024,0.09578714794455653,0,0.15315962641343858,0.07297632413802033,0.00685722042484509,0.1628578867099501,0
1.8591840848897148,0.8521562310447865,0.1838793587337103,0,0.2853152438828196,0.12753515931097212,0.0547269718097173,0.01899402319022854,0
-1.1279383592072008,0.9500782890088002,0.043486780576027825,0,0.04430605000327502,0.08430089735093778,0.20946455576794185,0.231929587788939,0
0.6553163310824582,0.8658430309784025,0.18268687807082712,0,0.06076846046990769,0.25081806836578446,0.12048234609813524,0.22052891033262775,0
1.0933968230278233,0.8994588818387259,0.2006991249498577,0,0.08963211661906027,0.06795620713794236,0.024595538154495795,0.19232766173457314,1
0.12834236141435412,0.966816755970712,0.0554067379588487,0,0.09742717221089482,0.06848043927514968,0.08397907145130927,0.09176325055161992,0
1.1857293506425926,0.9452916885472632,0.10808980164239501,0,0.2046387627400279,0.359207773427305,0.14367659641017025,0.17792317422505918,0
1.0720090761625392,0.9712287895878438,0.13174388956800132,0,0.06438569054815813,0.21477537084945034,0.05832516560582978,0.14746099294529855,0
0.3328225993357465,1.0710670222566758,0.1460742163980901,0,0.04084746072295819,0.13167104273811567,0.07130890844235858,0.38680134153975193,1
1.5453691247961916,1.0870703781373146,0.00969465216309207,1,0.4651300721247979,0.40165310503196217,0.6096989691906849,0.5927444464617434,1
-0.9749498060026922,0.9847237954426122,0.06557112809751944,0,0.03309347428049414,0.2658828202238584,0.05504230375894235,0.11954021491655989,0
-0.9834369598773565,0.9663171236534467,0.10492435317682679,0,0.4540600507994122,0.09387067310149184,0.17746715241144848,0.29401292237691046,0
3.003167992485393,1.428474432549028,0.009965234972307582,0,0.5835161627586274,0.701870669935376,0.9767499174100169,0.7946067797276075,1
0.8496561509823638,0.9983832042239749,0.03943693093944214,0,0.7631545854559206,0.605498203513663,0.8573813347155093,0.9338339290081296,1
0.9837859498321093,0.9740229423147139,0.14902447420601206,0,0.2495487847633491,0.5017259263429467,0.5434344594293296,0.1401571391919695,0
0.054719329746364856,1.0305126023138858,0.03419977778453227,0,0.09372259297440813,0.20109521890879423,0.10209931900073994,0.4391482552946843,0
-0.6733071111727577,0.9549888338138212,0.21096335399221905,0,0.10074838330568732,0.3312380814782398,0.2860997206191828,0.06701424168347499,0
1.6953352100003076,1.0701674792572704,0.014940866940016667,1,0.5378905504306527,0.6695743756422841,0.7640830657252795,0.8614059099391121,1
0.7861006922225259,1.0762204436100946,0.07663440631495255,0,0.049020392922102,0.2775265187410685,0.03366959379751231,0.42328039824368796,0
0.10551186486317449,0.9837261550824243,0.15752207942828583,0,0.29968987648369116,0.5610588195602632,0.27914575078951254,0.22845599017194756,0
-0.32563013224457593,0.8918768016176545,0.13718618299470925,0,0.02328875450162767,0.28359661919131074,0.03936428634511079,0.08681112505599589,0
-0.9030168283509404,0.899691030904723,0.11270795290426892,1,0.2050873871761485,0.23301937272423254,0.24488120186248274,0.08562619401061237,0
-0.28234942532158286,0.925692165951514,0.10474434073736164,0,0.16853362427827484,0.5480099126631208,0.14534133692094575,0.19763699721607866,0
-1.2376975919062434,0.9351753835692077,0.21559372322120146,0,0.1060876578009746,0.15866505070109835,0.15150646446691526,0.23154111535149766,0
0.5832742542810648,0.9778616668736209,0.19086728297547917,0,0.08679058402046896,0.43971648570070154,0.006275584402182009,0.18419543932904506,0
0.34044670430428053,1.0223479203124266,0.10725496910319954,0,0.17269188579470432,0.16617634923974975,0.05262729255632546,0.2414618925394085,0
0.24268436971718355,0.9525290512880041,0.09664129814699964,1,0.1718002762542843,0.2718638929163944,0.04797074746289447,0.16339626455334463,0
-1.2968763295810712,0.9817937117322888,0.09662064617219585,0,0.25479645680807295,0.18049508831208352,0.2867867965192822,0.27872682542890226,0
-0.0965136154650648,1.030966382115703,0.1640308736258922,0,0.09169310216624646,0.024602271465100623,0.0847124897419907,0.07613097567467438,0
-0.4530296625444295,0.9468531835291687,0.07760976720126403,0,0.21037500737095238,0.09675672346462033,0.08138283096047692,0.18043977491989346,0
-1.2146708621232176,0.8762273945047788,0.06063374549095373,0,0.33618132990624805,0.07303616434634459,0.3106831857756112,0.07715009007870806,0
-1.4308588722612026,0.7328737072411657,0.15626736170479893,0,0.3196331660404825,0.5113582153176972,0.2595391726584533,0.355631068289314,0
0.48422517371886675,0.8972997183100457,0.09362457504896528,0,0.2671661392723368,0.30211000229635804,0.31541367579697643,0.056342916522868054,0
0.7797274458438039,0.9560095876697505,0.11985084570873658,0,0.06885563177963086,0.17170769782820364,0.10486300472289616,0.39891055145025467,0
-0.49153595100645725,0.9563590203759006,0.07717261034341628,0,0.09402549085853393,0.22503517535168557,0.13896354787015905,0.44287731286169374,0
-0.14342892725986178,0.9996644016822056,0.11669547309260889,1,0.05003993743162869,0.5068500294696384,0.14213234307957243,0.24161824470028537,0
0.5875053964280463,1.0652406632752083,0.07431724409556048,0,0.48616540968588995,0.23511906064377636,0.025683368138990213,0.27950106351906,0
1.409052479196799,1.2303039129311404,0.02199710681578934,0,0.9529732195171358,0.8940535891497569,0.843954538710285,0.9951306980642421,1
0.06890345746948315,1.066445992323123,0.01741487463876161,0,0.10982796686834219,0.1173046238126206,0.2542562739592536,0.06778794797291939,0
-0.9327405103557816,1.049490586732337,0.19427358548280582,0,0.10625773783766278,0.13829207786718192,0.09553773210433612,0.054064272061114,0
-0.5544610311442464,0.933089044367109,0.11470628066915527,0,0.1503395502751874,0.3403634693974218,0.0841716636045782,0.3731760630405296,0
-0.9604498194060687,0.9824807400225445,0.07307578823952895,0,0.13695579923236773,0.19569447229824682,0.03246923325066926,0.21085735628856356,0
-0.4257550135747812,0.8698003120837569,0.0879735201206085,0,0.3929663484606267,0.4044324310568896,0.028388966177729135,0.5768828790155587,0
0.7184141765237502,0.9396042423677128,0.15522509664687473,0,0.016422029798835603,0.04804871990006972,0.021231591622427288,0.40758354446596107,0
0.3560461651120014,1.0871152262755266,0.09552105749738452,0,0.11535027029546152,0.04108160938807897,0.32117208994638435,0.18067135982862134,0
0.6767487027110438,0.7702672511312886,0.03299344739530532,0,0.06724813033663729,0.1039607442624919,0.22998156104267423,0.4319050412412572,0
-0.18359200982552548,0.9756992752533376,0.10438990108438051,0,0.2904720946418416,0.15898242786090888,0.30497271491457156,0.13134240176186227,0
1.194399585494743,0.957133953703483,0.07956131162908116,0,0.058563485074358074,0.4080046167759561,0.4769852270914225,0.12176889823055834,0
0.24258191966079984,1.00592569767152,0.13788326111566246,0,0.22686961289983093,0.27003159712642116,0.15878155336242017,0.051415214214597986,0
-1.3687529412858244,1.00386557020436,0.11023946671004545,1,0.37262625457778464,0.7054478011449801,0.21264768783876536,0.04286145689542903,0
1.7610716171777068,1.0121844921288183,0.0828125632426694,0,0.04510283769269232,0.3671981522958971,0.12439135869373169,0.18091193239274223,0
1.3549805936663164,1.0838738119743834,0.03864197422021719,0,0.7268974612492185,0.6980640745709631,0.6082589963635824,0.965319857256587,1
0.26900550439042265,0.8652775553421952,0.10763315415371696,0,0.06606501576398101,0.49412781827426594,0.07616090977374146,0.13352410903497103,0
-1.6388974354376866,1.0812355846681798,0.0899175543539211,0,0.1948788802659184,0.26655795829292095,0.1763375030053185,0.009028187063599714,0
0.005482661312810347,0.8451272380905177,0.03917742834921786,0,0.19645684158220864,0.3751911285364354,0.1269421095607514,0.1509564518213043,0
1.964657236985936,1.1527550036315908,0.007089442762231178,1,0.9095801053971866,0.8493621714305944,0.8036976943243266,0.4383257633893425,1
1.311385523927664,1.0435658872845832,0.006337970607541849,0,0.7922819913121849,0.9632344208525945,0.6596252620165441,0.7475615151174144,1
-0.10536456994673767,0.8400787231633279,0.04081783141473762,0,0.00751352947809569,0.2069217075393258,0.32024384915536436,0.3862151187707985,0
-0.9019398360603103,0.9863606988458407,0.21781665037861803,0,0.18189082420947167,0.17706678168465734,0.10422166268877282,0.26545476758065645,0
0.7898541439950411,0.9325960639313787,0.14841972985031227,0,0.0593123089075081,0.14153454666280235,0.1729192423802785,0.0896884268979487,0
-0.656408481774016,0.9076881289339539,0.062251441657061785,0,0.02964197197334547,0.34396991811706507,0.1414941031498896,0.2615007289199292,0
0.8506677160610934,0.9811820248782384,0.1348751457091475,0,0.15574288006791795,0.1896002653288153,0.4478708891081122,0.08274271068853081,0
0.01649998714114257,1.1112352548124627,0.16742657527564542,0,0.0636281071904314,0.4078263068707217,0.07639049266537562,0.1869468728420472,0
-0.740184328080905,1.0604322887567916,0.20843086951718026,0,0.10931583660298115,0.023541887502519697,0.15517527305958753,0.07256667301166615,0
-0.11460679699435615,0.9858548385966565,0.02200599575342292,0,0.17446693796217919,0.34857526493145163,0.13146803586944994,0.2422273967837567,0
4.670817639243732,1.308666967755779,0.010468160762828244,0,0.6902933373393147,0.5995713206875671,0.5575057854161708,0.6965239214256529,1
0.8513448471678077,1.1505370825386037,0.15601922232321042,0,0.17063631531547277,0.11704848790103883,0.5020338738770863,0.07508746158892546,0
-0.9739171033823348,0.996049043954511,0.162375923643982,0,0.16676641776245346,0.26595505742191394,0.19476529610692003,0.4456504444445878,0
1.4612732625040183,1.319326303495193,0.012838826874047637,1,0.8466852666444165,0.4383166472112725,0.8804695683357312,0.848718356852682,1
-0.6285681299800087,1.0345947896763734,0.14678084511722628,0,0.21376155099277983,0.28251747721596016,0.07381027289963389,0.1903889946825841,0
-0.04292928413414265,0.9724259999359521,0.18369205400016791,1,0.03825824995250505,0.8032115657372206,0.09256235964009804,0.3031701123137174,0
2.779033787409639,1.3123128902542804,0.017208035281847184,1,0.6891692813395092,0.6802221821565122,0.7423189346587145,0.9612841371689884,1
-1.1547452197509238,0.8000888874511,0.2046792515396777,0,0.09800145669797801,0.4408827813201323,0.0962930188737328,0.680529883849244,0
-1.24445018048563,0.883394483598783,0.16986464086569414,0,0.029351474974257694,0.12107654498081925,0.041420787369422334,0.0026179502930162605,0
-1.8876015336572345,0.9667334584148557,0.0944916873485987,0,0.08964981666491466,0.16680579775362245,0.07318477109688738,0.27059673656331107,0
0.0939740632931339,0.9243245028911071,0.033754006375577655,0,0.21066774075104402,0.3013009694144643,0.10082495377163189,0.26638808799439706,0
0.22783964422315967,0.9740428983662878,0.05381897953733187,0,0.09114312159089497,0.2533202452788035,0.11645519584627545,0.2520535168750973,0
0.2058628332660638,0.8388423752655386,0.1518201837594354,0,0.11201624770131371,0.25860833278515316,0.03472251626489815,0.672044942259191,0
0.20161487864265287,0.8489705159635358,0.0947996113458549,0,0.07603391941586432,0.1110265034838252,0.25119078566786895,0.3230309479519108,0
0.21621227527841758,0.9994848163467432,0.16053628005402049,1,0.11756002343236899,0.2716937194490433,0.2709921678575249,0.5396001085537674,0
-0.5104295678385344,0.9850547579091984,0.12617149500232122,0,0.015881770924183358,0.23948448168170614,0.2906501072724363,0.13318593981666146,1
-0.03591782238016572,0.8544825201357991,0.1618156447760683,1,0.07565825384742764,0.16643416667422536,0.1330499711224698,0.15700618221874565,0
1.3897652770765805,1.2112491146872182,0.012442437707212982,1,0.5443378827180976,0.5845449799179042,0.784300625827991,0.6618366991576676,1
0.9106424617403172,1.2966356293651846,0.033319634738082915,1,0.833602835693719,0.5418292834384298,0.5942504227595058,0.7775562780700835,1
2.5145858266031427,1.1564905443726203,0.0351988186308305,0,0.9957846688900267,0.9047811302954872,0.5499610711843146,0.6836764610828209,1
-1.063896180094568,1.05546488047417,0.15603238222433535,0,0.2884367707287906,0.29720141139686634,0.018683171032788805,0.45667378104073225,0
-0.02509417281132477,1.0552868683818781,0.20935092277984252,0,0.3191573851985438,0.3224705387675228,0.12394974055870764,0.2472019933409473,0
-0.192466151000102,0.9773299980323695,0.02983716060479511,0,0.10765943047029616,0.23895603806526694,0.3158537040740321,0.20306142248812778,0
0.8281424307625791,1.189917613029527,0.028103404380779802,1,0.8887775807940412,0.4580704160615107,0.7371977998850264,0.5992817972638307,1
3.4895568762399565,1.269219234037406,0.03607214866628147,1,0.6526041409279787,0.7198226292937545,0.643804807277111,0.6176745889654099,1
0.7157498439076658,1.1151431254444693,0.04369678411016558,0,0.7394658662804942,0.36532259819619484,0.7820712040719496,0.8450106954675661,1
1.2797069299668555,1.2710154960100777,0.01842328595398242,1,0.5960459554320846,0.7589411315391205,0.43885641848459217,0.6573032269324663,1
0.18380071148190041,0.9688428253979152,0.21145717572868428,0,0.29659400541055075,0.20737943659198937,0.11284607230666534,0.02577209998195429,0
-0.13527348779230636,1.0229124969596652,0.20027228858681684,0,0.09669140091552839,0.11562587263007375,0.11100391611085002,0.1608488451798392,0
-0.41187672806205644,0.8628155091289085,0.14806380681040238,1,0.07025844707119058,0.45116358565175535,0.4484695108781094,0.08427534417243325,0
0.543995451785628,0.887298426335362,0.12037631799255324,0,0.4407242885246622,0.1329137669732192,0.055960823624251504,0.3837456814485072,0
-0.0134489002531821,1.0627276635158494,0.10756713967757202,0,0.07326253466464534,0.1847626814618571,0.09127448090918612,0.517639210419994,0
-0.4277818956282886,0.9863285422968103,0.11359302965728223,0,0.005064148507762367,0.19610226264933092,0.14176430064555065,0.13997362619614584,0
-0.2967822371755842,0.8882686218147833,0.15107728290799605,0,0.06765055087723876,0.16359228974558976,0.04363877394498142,0.22053381585244433,0
0.5653245032205428,1.0396894571928903,0.21508413229252132,0,0.03868777891057514,0.5889908910304142,0.1292428988114951,0.18179996589783348,0
-0.4280928651468387,0.948409715044169,0.20454767765771836,0,0.05092223765661661,0.4130351927265354,0.1719050785840949,0.4066328742273779,0
0.13062261312972395,0.9674383397223527,0.10730436466681083,0,0.0915315052422911,0.3479595814797025,0.23986977410152985,0.15947368504057255,0
3.2217158613564383,1.2430789739948338,0.00718061287474814,1,0.9766813659226771,0.892657558530732,0.7742078540509094,0.797813741354994,0
0.1853770146292188,0.979430561052022,0.1358944523956755,0,0.294206570164068,0.24173306835697875,0.10428271598155445,0.02193172014569986,0
-1.2156857173046505,0.9401107316986658,0.17385110361185452,0,0.23110971877628073,0.14725249322288028,0.12031609731022087,0.004529095649143344,0
-1.3757223487049408,0.8829879190464819,0.21588245872038797,1,0.2149413113887318,0.5126131024503147,0.12344075077479923,0.29800101909135024,0
-0.1609670202846898,0.942356941667477,0.040760534843814464,0,0.13038117218799547,0.07589494928539049,0.10801757773140952,0.2694335169840981,0
-0.2803250551749901,0.8533497316177754,0.08679850593705074,0,0.20778366018871475,0.16633474988625382,0.09787658234637091,0.4847627917943954,0
0.7216282094244987,0.8617244934987389,0.08978770974311066,0,0.14839460787738662,0.2501412733313969,0.041736316536989816,0.17917404857165573,0
2.570200513044906,1.3268015858164097,0.033008237400269765,1,0.778021183323222,0.2223884225478986,0.8501991472949877,0.773942477448574,1
-0.030762124858504047,0.8823900591696284,0.05930784152373875,1,0.07570691607228264,0.18395469282667684,0.094390845181183,0.36909640837390445,0
-0.7089219357845725,0.7268595208146447,0.13212060316378607,1,0.41245080402378415,0.6350859506280141,0.11496776457521979,0.15603865272451917,0
0.550607008460594,0.8390493264349429,0.01747433673662668,0,0.0650155958275005,0.2871369361957321,0.1236178407629419,0.4413783746028486,0
0.8571553842789787,0.9040403823865885,0.19378174306804913,0,0.09160302988223147,0.3901914164983121,0.34367884214641914,0.2416199501794612,0
-0.1477046990537607,1.0564795613237452,0.12582525383656945,0,0.11346389722280772,0.3404386245941218,0.13078283545756542,0.11713821138455956,0
-0.512336719926111,0.9456725371987075,0.062167320830782385,0,0.014190291477076965,0.3544467315802565,0.2263573364218524,0.2811252809839017,0
-0.8572776798256636,0.8578956466769331,0.01779616839635562,0,0.20915523058237323,0.15511763225033567,0.052951483087587965,0.3502047602370443,0
-0.24489593193799142,0.8754753885791797,0.031133023415056808,1,0.06301968752606346,0.07142474375106113,0.1789342010014879,0.2797677759012231,0
-1.375512541137151,0.9480047424736712,0.03254790832866751,0,0.0262848138368506,0.15015346277535296,0.244687372199085,0.06839337066155203,0
-0.016552809047553338,1.0972726104906156,0.19819797306354858,0,0.132857361266616,0.22029241580988454,0.09308812834318295,0.13343725065729664,0
-0.07370366316492268,0.9066248732177995,0.16582218728951253,0,0.03120040577067166,0.12092868597793174,0.16650452972350815,0.5590782279778382,1
0.5117952183584744,0.9109129915709764,0.1636066057263973,0,0.46613689178502143,0.21286100607376657,0.16053686248523305,0.3123256339814081,0
-0.1880633571795497,0.89825824340857,0.2084027619893835,0,0.15280337791249346,0.16995662721275143,0.011860402519467456,0.05960549211440138,0
-0.22825491112177543,0.9658299278412412,0.1645840747976845,0,0.2162988460997904,0.29520567134035214,0.014339359471241283,0.1483530979090703,0
0.8502696019709368,1.3404850656696932,0.042708113673782765,0,0.7689788550314102,0.7048652296281623,0.7992241238595595,0.7734344123620692,1
0.8635413569775758,1.0530270862027988,0.038063347313808754,0,0.028274025742727436,0.4018457954571762,0.13362600185301193,0.1189041316375858,0
-0.0390006878720284,1.023505477371505,0.05042811054857272,0,0.19238083934771313,0.2270182059564305,0.18003895257630914,0.1256561902825599,0
2.3891453464155554,1.1673506851221023,0.028672213002074225,1,0.6945957483934794,0.378623598668577,0.9032158778926109,0.8727980538249768,1
-0.5386681148146814,0.8890136432915383,0.10812549849388718,0,0.0841575654184298,0.12730317806851313,0.028999421991933047,0.14226677587847453,0
0.7815759069550642,0.9522701063988088,0.15271475040224752,0,0.15712458498945533,0.3309159262488856,0.23826196685682638,0.2264171749235048,0
0.028287421600997054,1.1254325070530842,0.11244860887457805,0,0.16799563168815737,0.19512491557405762,0.15009553856685098,0.17057216929624072,0
0.0687143369078671,0.9685955499472714,0.13494994049006057,0,0.01750948098929969,0.18087601594379915,0.13256750248019325,0.23079192204003396,0
2.653460428924218,1.1005117276879959,0.005185671750911312,0,0.6902252343479253,0.8057334324654055,0.9340432803095793,0.4569995032346577,1
-1.402205258089067,1.0158951050813634,0.10702690313152198,0,0.14133098993491688,0.4660459403836698,0.15050721182026594,0.2593570545386233,0
0.07548653851741506,0.9486282770447563,0.0793253393776744,0,0.01572189444957933,0.1276727565385184,0.13033543256073193,0.04763704817852591,0
0.37535317268549145,0.9497072442918355,0.21712827229498516,0,0.33751556667339117,0.17743634301197095,0.2377119970163473,0.10940404239014165,0
-2.513688358567068,1.0822425087510266,0.11089043734630381,0,0.15964730881746791,0.14244318526902502,0.12472929128759822,0.08572817909310056,0
-0.5869025190569026,1.0654641859882135,0.09570478662807563,0,0.13628166671614872,0.45218190466848773,0.05774623516492906,0.24173726723915515,0
0.6166659577312511,0.9267226457642113,0.09583993500188619,1,0.3759663752791226,0.41609990455403695,0.22896187018569006,0.28732725165433926,0
1.4291309522103044,1.041844524420179,0.18284128804320365,0,0.1513935701345918,0.1569523302585533,0.32344597001231473,0.1342267023825097,0
1.6544945955333148,0.9500130587141379,0.01997265860798706,1,0.7491796137703889,0.4168778762000529,0.8305034587475971,0.9809358132305577,1
0.2290533321168451,0.9678261739766337,0.0859196511619566,1,0.10832697233653998,0.05611241582556522,0.0444838838380675,0.05132097853604275,0
-0.9229508863674362,1.055418813233313,0.13995334449958305,0,0.08437885665881073,0.1392109588041138,0.1598721409366061,0.08500587119501143,0
1.1246984627426353,1.001448136162398,0.09272797711588841,0,0.034333403865715775,0.30373346796721934,0.34335660425312975,0.3311555352903378,0
-0.5456078182915491,0.9960482730290031,0.09072344275442995,1,0.02836959368733745,0.17502148595177053,0.1275631556891252,0.058701787416301304,0
-0.5736186357345887,0.8198536954598624,0.16144945021764495,0,0.11599245840131193,0.3835127842952632,0.13663714172360075,0.0708626526323297,0
2.1454751511731533,1.302385580675557,0.03494769384768279,1,0.6202615888008499,0.6160422015564946,0.8196330139085085,0.8786320136952286,1
0.9556635282929965,0.9422020082577387,0.08765691835741417,0,0.1767339850477871,0.4716745129347943,0.09175126685010797,0.20223366387725614,0
-0.6236378829008983,1.0802735862743198,0.15635451282561014,0,0.02387475063027159,0.256704355077503,0.11390994864406664,0.29886561568847136,0
0.626758575140309,1.0922893814793828,0.02042161503252183,0,0.11327742327814944,0.1990290824235338,0.09541744904079212,0.09178231856178543,0
0.29902171939701716,1.0171687832509293,0.13959136759240204,0,0.13387732680035444,0.2220126133780153,0.1862210366421666,0.43688535646976784,0
0.5856413228932223,1.0169857727664129,0.20032717222318464,0,0.20214217853980682,0.2562577110585291,0.20818272398089396,0.17622437076035524,0
-0.03020803556150957,0.8788192405451318,0.04364271623068559,0,0.1145393799967475,0.2706405258399849,0.0694436430262092,0.15438842393286473,0
1.3784022325901344,1.174301082161317,0.010008883044867554,1,0.8115187196988566,0.6382613300677927,0.8854716204330518,0.9678961116026242,1
-1.6419319466251405,0.8647673811460408,0.2190808719610166,0,0.4200602334169176,0.35395967648675103,0.06881399620604621,0.38521022935625593,0
1.6092634995365829,0.9823267086676147,0.20644105313607658,0,0.12983289442437454,0.03549308278752056,0.15915440619873497,0.3443520150006959,0
1.5599307326687968,0.9364605995490833,0.10874990502802817,1,0.09837083268246612,0.15804717958082426,0.04068196762597227,0.08331214420449085,0
0.9509414833104272,0.9515344994001841,0.1605930189048343,1,0.04276839145226382,0.3372548625658116,0.12713662016707183,0.04144711827699709,0
-0.2584430648740926,0.8505347968933751,0.15592455649287779,1,0.08507447260453428,0.2857695934007395,0.23207507494901447,0.26042617223339876,0
3.603100457366568,1.2869962494693694,0.029712325992917114,1,0.31086259271030203,0.6795089071822082,0.6927349178338497,0.605855404289819,1
0.8171900013166016,0.8104146928374268,0.1186908906314276,0,0.04430167319168959,0.21308237497757393,0.3117529767215453,0.3341641742745815,0
0.5954089562110757,0.9829564683441366,0.10791866336780123,0,0.01303056773183078,0.19545320007576564,0.08987465029494365,0.13368646398703032,0
-0.8817180901774366,0.9128582678568554,0.03113320822503944,0,0.27251099159712944,0.1880874288568045,0.09606245532819918,0.12943493038372378,0
1.615009697417821,0.9818408573995508,0.027608675974020905,1,0.07639993829501447,0.4943008950476255,0.10551199143824841,0.2236490095933254,0
-0.6044234582423818,0.980692891828431,0.11353284580404384,0,0.0839157272170347,0.1137652865653157,0.2997199510271178,0.10784746733672634,0
1.212694638999733,1.2894023368534233,0.03078497277242421,0,0.49437404980731847,0.7398287024694153,0.6419426659974695,0.9387073618510207,1
0.8075982214744291,1.0899013393656491,0.04135124865527046,0,0.609125192484946,0.7984592787605335,0.761142532879728,0.8717733986613357,1
1.7684749764231176,0.8643764989120604,0.01766709375230391,0,0.1667531521946101,0.3368078905572586,0.14885549105397589,0.5548296964715139,0
-1.2806697913306846,1.0148406191032162,0.05898578811903422,0,0.15438332817256611,0.3142932057020759,0.22319936370543444,0.09066916035762411,1
0.08173719677455575,0.8363416170647413,0.07675241543275119,0,0.4103566769033046,0.08094472381490216,0.14972168687483245,0.07527540620221666,0
-2.293792470964421,0.971967836601503,0.053280263789961056,0,0.12010596408670744,0.13311562396690874,0.07195820968229612,0.35602853747135615,0
-0.6324538619988311,1.0361982525562243,0.035444849330495895,1,0.07582374131874557,0.2835403803887088,0.09111448764979087,0.2781721535243924,0
0.3504739699116812,0.9625193249809596,0.11449570391255572,1,0.0466327614978871,0.16579725207567264,0.0953997424742113,0.17333373680479686,0
1.3461054939045256,0.9281953787606623,0.13612874420972298,0,0.21738135563631944,0.27077233882865975,0.057951932166029486,0.5984237444718162,0
2.8209927276097138,1.0143145032047423,0.14083841872658348,0,0.24670328543948655,0.2524222038261391,0.06712061775597725,0.03157830821265376,0
0.3021450429376461,0.9835977164567057,0.050299824822279626,0,0.18444069715261216,0.06088318063150929,0.26196568601469905,0.13948323123508877,0
1.6983128892689185,1.0538205476213955,0.13346480169538638,0,0.055645235262398,0.24166152432106697,0.1737894951475345,0.0341036656717945,0
0.34813708826320755,1.0862494446049746,0.20852846204759012,1,0.06934961323534142,0.21351272152989,0.5162632001008758,0.10958403836892917,0
0.0932764519952438,1.079129048666263,0.01928645002872317,0,0.31049521197827296,0.22621137932306468,0.6129084176793015,0.23039154822112873,0
0.8916889346444132,1.0429925393191366,0.019572728976260508,0,0.3342354765490887,0.4726560306827314,0.9161971567826886,0.6909435978446428,1
0.4961136991753442,0.8701204773408321,0.15934139395818558,1,0.021049081958745938,0.26103615345516895,0.0468984765253382,0.13664119790123522,1
0.27444531533967975,0.8765937844263538,0.09244834890142936,0,0.1884717182308528,0.1964334245774005,0.14593796744282045,0.06912984930470145,0
1.151211994176765,0.8713510033392904,0.016030228189888945,0,0.04578521166074042,0.22701132615768121,0.12790211131196186,0.13336828649995972,0
-0.5313677612120817,1.0635988467853563,0.18113874728249996,0,0.10731765815935358,0.13919932646060298,0.04114748477736189,0.19438643933557942,0
-0.00917523496568902,0.8787296938408017,0.1709556582193248,0,0.36492236934116734,0.19985824684506376,0.04167872788660217,0.5100068071792492,0
-1.0592709832916583,0.9317051392346395,0.10523043168094717,0,0.22984972167409468,0.19504763204510756,0.11578244020368464,0.4349524439818809,0
3.9987530340802655,1.1701116635896107,0.010272202635850517,1,0.6383255697609699,0.9052595714153798,0.5626651510514027,0.7623362699922733,1
2.41220566258981,1.4483585672855914,0.020309022915036244,0,0.9840540795930107,0.37622549235704966,0.7924160255105578,0.8208978136561376,1
-0.2772509909924703,1.0591667205153248,0.16265492440921608,0,0.021619414617599638,0.14860546322506318,0.3977937801642357,0.07220444335009049,0
0.20465540581417813,0.945659917971447,0.2074100471345936,0,0.36832231944559835,0.42749639844389903,0.10664521542315586,0.4302315216770509,0
-0.1711687576773499,0.9947816051645513,0.18993603200978842,0,0.007632150260693662,0.28838890291294933,0.060880877142698,0.05696187328703299,0
3.0416556823456693,1.189276321175971,0.029143093163000684,0,0.8554801593820415,0.46072163976542885,0.9523803573765237,0.5743472230030837,1
0.06765499192459092,0.9237268713292917,0.037630818021236426,0,0.1491072860154436,0.0754316309555831,0.14094108462847685,0.2627627627601597,0
0.004785701495776742,1.0552438875474877,0.14871412121847288,0,0.025929380557100257,0.12161770169208765,0.003939254940307452,0.060531307587907306,0
-0.13812093155742278,1.0203786638454246,0.12089203462979876,0,0.18647821215188626,0.35943422384859713,0.04849048812546922,0.09906053827740521,0
-0.7121143462615644,0.8638280379139128,0.1826703562506501,0,0.02773317756846153,0.0968386130176836,0.024175839460303206,0.34990420682084694,0
0.01145895681958261,1.0472146776816358,0.13781536164606425,1,0.12275137532295773,0.10502570766579127,0.230380704542928,0.05174746149634726,0
2.6870044165605904,1.3388695520365208,0.021518821163571095,0,0.8504316826846067,0.3232773651251637,0.7987838460963311,0.9269324147744166,1
-1.2864081716049132,1.0046669138569364,0.19177865787014498,0,0.2560641183155868,0.523833814768388,0.14593363814552848,0.07838918698597892,0
-0.5047252672355297,0.8612390401262082,0.062114338567469896,1,0.038327068870032004,0.2654223450670993,0.1123360569160982,0.31631192936407315,0
0.036221135744304,0.834329483429927,0.07146656935705437,0,0.11072985659033492,0.12970542943162777,0.2552317699713032,0.15499419690845165,0
-0.9621778826540823,0.9624025183331265,0.13656187328987626,0,0.34180241037115794,0.1308085095699312,0.25387775901463294,0.3920310232727491,0
-0.6632686645894306,0.8670572924870108,0.12987147824181633,0,0.002887736465819723,0.296973553501885,0.26006622520907335,0.3416490538916258,0
-0.4860951646391429,0.9549881422302542,0.018870580108128105,0,0.22878275910172713,0.1292222661107148,0.11584091511892528,0.16351478233120256,0
-0.8738637694699541,0.9270068945426815,0.09233665707171756,0,0.3268772731225198,0.014934089413926151,0.23941436043413447,0.17163509073800898,0
-0.6684675200846083,1.001702392401105,0.2083192454773759,0,0.016521408062484925,0.1907115772675768,0.08852935354296129,0.061477259264976075,0
-0.8903282746189302,1.056528652389113,0.16753013750185847,0,0.3394796238578264,0.3131773650499368,0.21571215536512983,0.12910884044215493,0
0.13650869924688502,0.8685584550341017,0.15502926291397545,0,0.03745092614998843,0.3791411027881805,0.18820560632436023,0.27674745856713673,0
1.2791486996126724,1.1398538637632147,0.03176195763995884,0,0.7322888065054378,0.3289382914921708,0.8840189877028609,0.9883999243512005,1
0.6099864296390618,0.9501324748763111,0.030488671221367763,0,0.12419780308481983,0.36934641181235206,0.06973131078277842,0.10663114893771546,0
0.056119860103998,0.9450656830149243,0.01903505915318981,1,0.0020515487614511303,0.056597188911014513,0.08312456605007296,0.21473185534939482,0
0.47427400074776366,1.045581716398708,0.07401529818364314,0,0.12563111008796946,0.3983814576714753,0.16696289593036442,0.3470763818621861,0
-0.5620222494206417,0.9270858714307197,0.01972465312335452,0,0.06514305992357149,0.20256403644740087,0.04271530959315409,0.21126760013892934,0
0.5982243088164594,1.0910687785816753,0.09970486815457354,0,0.13874315101296497,0.6438602958072127,0.26162959747928266,0.16628316991330133,0
-0.4912308795560923,0.8839271416250214,0.1940171431217929,0,0.17142093291999905,0.24107767337701486,0.005987950634125414,0.4366732496539264,0
0.28460638924151643,0.8310746112717737,0.10980364749835533,1,0.021410398732376948,0.1331688198044329,0.37013121143711963,0.25531210906318047,0
-1.0111358120438223,0.9536489260475437,0.13634245290590938,0,0.38234131526728,0.26301131882992407,0.22163991781906728,0.046004323549759016,0
1.1902200342679605,0.8072515129994166,0.09795401703795278,0,0.10110881530676294,0.3813430834692763,0.09057678874330195,0.2569176667315688,0
-0.8485468952694623,0.980965344726938,0.09524812551286659,1,0.09857786730968462,0.11800062505248668,0.18027871832010015,0.3279516615649945,0
-0.14624130585313644,1.0182814914811629,0.14088860128501884,1,0.2016490754836369,0.5097638130351091,0.08484918886316811,0.20915874018274191,0
0.6493318268490152,1.043234471411587,0.11704009553941376,0,0.03349739380144869,0.2890707310887037,0.09609829796662953,0.3493408682103274,1
0.5350190393161929,1.1162607310021255,0.17967743757119686,0,0.014968174424562346,0.29747774286733686,0.14062709888633468,0.21908253104648256,0
0.05635684276535881,0.8779305515224418,0.10564200831312641,0,0.009165055491470932,0.39221509092277196,0.12437586095870598,0.18431418393708301,1
0.43593485029751566,1.0614121208950378,0.10068983946867208,0,0.13243927293333238,0.7708490493529341,0.05687420620582706,0.15501707824068955,0
-0.5327876250716432,0.9035381213523708,0.20544928157194425,0,0.08674642932478888,0.2964941279095345,0.1345910301009787,0.29862093882599056,1
0.6203991928388887,0.9509215483294287,0.04643978962022786,1,0.28986339033139447,0.11197126707195845,0.03779225591082291,0.0627204658283174,0
0.6306940273550514,1.0095791027762295,0.20255166077490833,0,0.002829571093689021,0.0828809604327781,0.24770490613673643,0.034681536679684884,0
2.9707385901493213,1.0389453619847562,0.012829156471183191,0,0.7471292251764998,0.5015659793214153,0.8237699452257832,0.7393410507013485,1
-0.18819114991416047,0.9940391946592184,0.11328827052070196,0,0.3521950371141442,0.4602300644799804,0.13668720556124345,0.268422203070838,0
-0.5316045788594227,1.0405725760477336,0.12176719515953685,0,0.08654646322353524,0.12744147693572402,0.019428087634573286,0.2825733711312598,0
0.7442569510905865,1.2544046003225817,0.02130004479903764,1,0.8709308075920954,0.2908154349920157,0.9119677953033093,0.6223075859274756,1
0.1871193848303498,0.9726379449801161,0.2081716922697474,0,0.0031933427911072197,0.33524814030210204,0.5336192728800303,0.3801287448971634,0
0.5145604584034625,1.0359050477177296,0.07428154204057084,0,0.07912461737953876,0.31934331135431265,0.4064623663759507,0.08262253759199019,0
0.8410293371514398,1.2770384276655282,0.008540548710712042,1,0.8470350178045768,0.5163963821916298,0.502207254775328,0.7669292912704752,1
0.4426913027066289,1.0401305460166848,0.08423833933064369,1,0.07250620600371548,0.300938927037675,0.17295656413406885,0.2979472618144404,0
1.3209984998738864,1.0446251344656636,0.18474887358372172,0,0.09150796990183252,0.3015750050057759,0.04644013977267062,0.2292244069313747,0
-0.4438524169668654,0.9927708894947195,0.09555490682322738,1,0.0735721294715738,0.23750102982327684,0.14614065140565455,0.1341556430498325,0
0.18204231778999058,1.0642806345547806,0.034427536562091764,0,0.13314780491389117,0.45141344154708907,0.08113089540522464,0.1796649835860775,0
-1.7197209304384016,0.8378265714728281,0.11815993747250723,1,0.0712563260815291,0.14694466750578897,0.2446333871186732,0.08852182002687936,0
1.0576174202911193,0.9490403608446033,0.032982116552592686,0,0.3543962295100149,0.06616581646507112,0.07722076781838223,0.05179420178596431,0
-1.5024260492617294,0.7401996125819812,0.047496647975618936,0,0.12994943863714015,0.49217668473973347,0.15463936916576201,0.14958347722796614,0
0.7217652031034993,1.2285104429432774,0.020525902982315568,1,0.8187678895138192,0.8339459393154912,0.7625703186405383,0.816524851925497,0
0.3570367773349795,0.9779373123432634,0.21977546345143073,0,0.011979214726820717,0.3681529621532732,0.012603722774925908,0.11247917552817967,0
-1.1518099228390912,1.004063805781893,0.04980049213246285,0,0.024491254412842,0.4963452236097913,0.20880506091052067,0.19775639057886982,0
-0.7575289343372483,0.9940355891347338,0.09642331169501142,0,0.13501434809403773,0.196148236316311,0.03069487606444774,0.20617692832237286,0
-0.3854972506488894,0.9470300819616113,0.18484870321420926,0,0.03260192765120906,0.3761967327707449,0.045198781717249996,0.3197313583957405,0
-0.39247256706884265,1.0083032416222315,0.0867216473156081,1,0.016694671065478853,0.17506343729748114,0.22050963971812215,0.4378439524719315,0
2.3903424458013145,1.0583178973321896,0.03231180369428097,1,0.5722985400578989,0.43220760832145455,0.8071314655408302,0.9266015386847949,1
-0.12671486417648042,0.9749132935795237,0.10459191371720303,0,0.002133990089654796,0.20138891189430183,0.12879613903617365,0.2975975196346428,0
-0.6455899010412481,0.915052632051864,0.10801952085132248,0,0.12118720230978637,0.2779665414847066,0.0018834158601912124,0.08433067727230367,0
1.7385537552942978,0.9030223389080759,0.08517848690450311,0,0.03831019973372965,0.06502624773617423,0.018585356233201376,0.14587498025265505,0
-1.548611709608488,1.0080170372595423,0.11413657486138745,0,0.03990418278020982,0.2728230295616605,0.07176531263820128,0.2338485188565939,0
-1.4830441954196392,1.10089504998939,0.1285819686093432,0,0.4386520623744272,0.1742271940506049,0.16542929647011792,0.08848363631088038,0
-0.5599438327768955,0.9370564611409384,0.0589061318116153,0,0.09566480029914964,0.1331440942637715,0.3271679449326504,0.14034892155589737,0
1.707812542323286,0.9343703845070574,0.0332882027195759,0,0.8612591823316152,0.47348402580113336,0.9654957100663872,0.7611209978195955,1
-0.12429351335174631,0.9740951858002154,0.16190954702391647,0,0.10750899258065084,0.12404997308450987,0.04922207175624656,0.3156589393619062,0
-0.8244526346595864,0.8003574575638609,0.04448606655301374,1,0.4856502003581517,0.26189044911045717,0.11545240316805455,0.4081761571506132,0
-0.8554156433497317,0.8371967801974112,0.05352023570367539,0,0.013039859424670936,0.15626045799807337,0.07776889269697315,0.02073760713511929,0
0.38949068755806876,0.976967468245934,0.047320510493366136,0,0.03970370087338004,0.4173283200535946,0.1242929019880193,0.43537984484033004,0
-1.5457292213861933,0.9473355617592268,0.20522651125358943,1,0.15396512172142118,0.2999909337442963,0.10214451876554298,0.24484061367858265,0
0.32343673604438816,0.9336408559825611,0.06475657229370956,0,0.18631751024094312,0.10247129796941898,0.0655798024823948,0.30309382332208074,0
-1.0265859616726036,1.0364240446590203,0.06989373449384409,0,0.10876681765565575,0.2859653008004548,0.04572774727724389,0.12667062104513824,0
1.5191701735384717,1.0361239816459233,0.18507698009735035,0,0.23596534328041746,0.23395636632931222,0.41875322456921327,0.04626827952846563,0
-0.4073261778825798,0.9443441175082479,0.17722730834872857,0,0.15106675700248018,0.23185001538340186,0.19735401244166423,0.3564231739420477,0
0.6534325555170913,0.8848429406411213,0.1946443638326793,0,0.06022545325688498,0.22350671153710236,0.06983097281370428,0.07245860072835797,0
0.47644962882060876,0.9959374977028027,0.04111865469756294,0,0.2606632041058102,0.0737300564340959,0.16227424437922325,0.10990134878926683,0
-0.006411187545854687,0.9756905167219125,0.01516184977410985,0,0.11264736890367563,0.27829059669038037,0.03162289390761749,0.18113028871516662,0
-0.11709307899743542,0.9235568379180903,0.11531116323239989,0,0.1411966471237397,0.36872026523651297,0.291166249097065,0.15259273332463894,0
-1.0808562048513306,0.9447807324469427,0.12519223554162495,0,0.0669342065387162,0.3165904385186396,0.09036439929836003,0.503725721372086,0
-1.256058121046403,0.9393903611591204,0.10076858423122066,1,0.05776704943421068,0.3584712768276553,0.48579674007035056,0.29760438102735914,0
-1.317432969358612,0.9488482239469412,0.17675332386141968,0,0.062209996467375066,0.3251782999609431,0.08693843811675019,0.050377350086032786,0
-0.8114358234055385,0.91691410613627,0.023046875879554982,0,0.12358195267005484,0.11265648404212456,0.11674663406924873,0.041992591924439826,0
2.473730297582447,0.9636805109389073,0.11688984779432737,0,0.12720275388164806,0.06103756554153322,0.1950712842361361,0.07389192201195974,0
0.9925859359593036,1.0858987373244084,0.1617052878643413,0,0.24183405662765678,0.21245014707392887,0.2895334010882305,0.11337263447172247,0
7.07099304310399e-06,0.959974906191058,0.20582073715604055,0,0.17224184613602675,0.19655519019799622,0.0698067106626014,0.020859041661350154,0
0.5781713844202433,0.8838465231982211,0.1522703075901911,0,0.033909365650931014,0.03141806708043219,0.09246280380072917,0.3376969987141718,1
0.16270205238311655,1.005760502264038,0.20519725327193966,0,0.04920161985041518,0.30789673710196847,0.050860844066246726,0.04597654438894183,0
-0.4416200034272345,1.1095054272435083,0.13933500619125988,0,0.11624843849875047,0.22597943333450152,0.11547005891126833,0.1437469957232434,0
-0.8719488772008608,1.0795950581962588,0.02457038807935112,0,0.07564831948342965,0.1339801172683568,0.24569106728715956,0.16490191231643217,0
-0.5599704734723663,0.8616653121759666,0.08322776402379276,1,0.29041618189412444,0.23101419549378974,0.10702775084179902,0.15487485401669315,0
0.0077714790087343374,0.9903322494980898,0.18974997155658402,0,0.11535607215934034,0.43459382824904996,0.4110314367873609,0.14839444685939687,0
0.6542060688054192,0.9222947423079105,0.16685987276793784,0,0.13869499729348403,0.22216847101460557,0.1813048604545538,0.16289746856241785,0
1.3114387336517865,0.9479508788296053,0.060330268892248066,0,0.05316755553193189,0.31711633201461265,0.37705664954456575,0.3139627215817271,0
1.1117526875246393,0.9708687539265325,0.021530636318293318,0,0.2547872367215008,0.05072366011439979,0.054784540082243295,0.07604213286848303,0
-0.5319155958182739,0.966286162377532,0.03610395966355867,0,0.014429423098191093,0.5991458868020555,0.02072551184357582,0.06348991273767014,0
1.2358377820471638,1.0211088281306737,0.07924072831822337,0,0.05807109332915726,0.10711068394895955,0.05831242760812401,0.4983965046906421,0
0.8921105538327151,0.8710735800389159,0.1951706349121347,0,0.20390922101343403,0.17506073648860407,0.6146000339104255,0.09005218261158816,0
0.4979687801822548,0.9894008328432481,0.09197721751424763,0,0.12561178843342907,0.12037823171528216,0.250981501317517,0.017866236672303155,0
-0.42678418339033497,1.0508496117746355,0.15320832451007083,0,0.3302600073203209,0.03691127444339308,0.09263003205851926,0.13274801238281358,0
0.946640137502426,0.9270223403980423,0.07279555810906996,0,0.035761643978914875,0.30534204517885816,0.14607260377137346,0.12411166024251155,0
1.2817748172294272,1.161048343241229,0.02942667688722591,1,0.4963329789713188,0.3855623854362211,0.6098998105711612,0.4980940301501042,1
0.08943032478119864,1.0076392718111407,0.20276831581058075,0,0.07871253629581683,0.6019063552636245,0.5604744598940015,0.225033091052912,0
-0.16904558143751625,0.932543525852557,0.03601958031309202,1,0.23647277933592387,0.16934834110043773,0.27335700336491586,0.00462423541100743,0
0.12730370566399737,1.06808126019896,0.10002083951864872,0,0.32080919264044133,0.0558045762640347,0.3114777689336947,0.08596497200665973,0
-0.9313591696985614,1.0008125975132147,0.060643093221491,0,0.35654154918760433,0.026721729273303935,0.08591481291733086,0.32320322196351614,0
0.3510111109883225,0.9472510214283274,0.06671183094030994,1,0.12689031240815474,0.05417221651250491,0.032672483183507135,0.08083864454144563,0
2.8002344060204827,1.6294455073570995,0.028099507293287702,1,0.693541882157098,0.8948538026720281,0.7615177203159146,0.6539099028683062,1
1.5162777411125252,1.2814056785685575,0.005515859623135873,1,0.8976377431587566,0.5839385382363026,0.9159480935994707,0.5850131644934908,1
1.9206857757019182,1.1827339555040777,0.03286775950598478,1,0.9240324820447012,0.7096935164233416,0.6178657371930225,0.9419589616466566,1
1.0298498123044644,1.1492876934666014,0.011132842446318696,1,0.8947465942812944,0.7490173441127871,0.8372415820013097,0.6231717590447223,1
0.7619287523387422,1.0813115244202858,0.13234358382339184,1,0.09381915039790159,0.3483398566259038,0.13981846885496127,0.14307737570165535,0
-1.5347279307826982,0.9340745459832823,0.04988129143462597,0,0.2047616513673321,0.098586531595815,0.04680628584437994,0.5636748281874405,0
1.6246255137848786,0.938207198671705,0.16138783965042858,0,0.14567477007218177,0.6359943292645359,0.26217643433175614,0.26505660065983483,0
-0.599563798003528,1.0632606739297943,0.07917019771382418,0,0.04575778123506949,0.2165800620743055,0.06327617769883258,0.1427542939639551,0
2.1065758305132958,1.3924861903037735,0.03692323202867801,0,0.9099313814668829,0.8360830799737557,0.8855223357888975,0.6528001920417792,1
-0.5442890255261024,0.9649865079695298,0.02965811998798525,0,0.05288811570499397,0.26732745573612704,0.07293999411834719,0.08798295312144458,0
0.7340503673206424,1.0098725710623933,0.11018800768300634,0,0.3122234078088365,0.2290721159046716,0.11112854306426728,0.09046092989072102,0
0.3818598325857677,0.9201861981256768,0.04946892260842315,0,0.12716441241975343,0.32415932991153745,0.03823719120842451,0.08259387765088515,0
1.492345645896458,1.2303269368778544,0.03701905896403491,0,0.5700681019839545,0.7050005382676935,0.6506229092537782,0.6200741832474225,1
-1.0640339489441641,0.9300142354702555,0.19829040490176264,0,0.00832781950924159,0.2464600216617668,0.0655490851129609,0.34221952110304665,0
1.0947441086406675,0.853377808201628,0.14755733239979885,0,0.2619301172576838,0.13272923325548716,0.14041884792966117,0.03281658130082298,0
-0.8333577859431558,0.9945810360507324,0.05366961051693534,0,0.17023038668484025,0.07003655050187682,0.05313091692151262,0.42368545464755103,0
0.8026351321099279,1.1369165798371896,0.01526340506811381,1,0.7822276463167324,0.7137600689798123,0.6434885279879629,0.9123054655946518,1
0.47432152142239614,0.942923457651965,0.17964228323193043,0,0.29961647912439343,0.20485757522151887,0.039277616748101006,0.03191181768440063,0
0.32883863920432477,1.073640342981685,0.2143070903893533,0,0.12102792862110424,0.2842307316296626,0.17431249696307452,0.14916040963314395,1
-0.0170013241895505,0.9759848346974971,0.02006294602565281,0,0.24787015129322967,0.3502201339847365,0.2941211130906922,0.3118909267539613,0
-0.9787044214574352,1.0200879563605847,0.05790399111367457,0,0.02336311676810788,0.2459863114827686,0.009057071277580323,0.09553902014814963,1
0.31480171611214436,0.8391967030411798,0.0531638323279444,0,0.12547645389308099,0.37263829796646547,0.043242378182532105,0.3735351568943888,0
0.31728620590986745,1.0041392639928737,0.10932103844432604,0,0.10592854686607213,0.13855704997133583,0.0028325137481791706,0.37751109150702744,0
-0.23374232017631108,0.9451323398245802,0.02987783359916571,0,0.046182180035929714,0.404860922245438,0.06921185532853553,0.07843078550811405,0
-0.09010951185287154,0.9538223163821563,0.1946949006116871,1,0.13221481764690546,0.6674777805420147,0.12757321701957372,0.2314481841700595,0
1.4276757491093277,0.9794925778962171,0.2185985664813631,0,0.0204167083799978,0.09793002675326815,0.3440179255655048,0.0836511396070855,0
1.5234182615743144,1.2170763696024856,0.014191774244579014,1,0.7735472769713658,0.8480079094625282,0.7712591709985676,0.9078938781374192,1
1.589552035323733,0.8928885860779411,0.1936668645451659,0,0.017808370147437223,0.1878916545777948,0.21657482568801464,0.2988361806005361,0
1.2887497119768523,0.9360322363871838,0.035233607441276425,0,0.29524098340307303,0.5459747216129502,0.7911571616636656,0.8143820437394742,1
0.9399571733542531,0.9678060311323964,0.024830022157739953,1,0.6633342455500135,0.597156238124637,0.8924566169902916,0.7530024084887601,1
0.13790848869394856,0.9747768379824866,0.029807016395857956,0,0.32416608291147353,0.5044549471646552,0.3774407516094009,0.1546244525305526,0
0.0669646606503629,0.9224695316631673,0.1231933028591198,0,0.3324855946323524,0.2118832810799671,0.2918467934585137,0.11748810427299235,0
1.0368223104297953,1.0380832575484757,0.10270380861084125,0,0.22542914643409842,0.297782705770118,0.04009074519225767,0.3248927261678812,0
1.1195539461032757,0.8420694294366315,0.04096445393367476,0,0.10676211685653245,0.21606637059104442,0.17664224124596087,0.36900996359125676,0
0.36290883518450273,0.9140719459773121,0.1653391105200792,0,0.13163793192966075,0.5340928133044258,0.059616178568879165,0.016855035135445492,0
0.7783359391493229,1.3065657144867804,0.020565038340697943,1,0.8465101767967514,0.6391181743913759,0.6977228907119806,0.9785002876144713,1
1.01834521919076,1.1302602575335166,0.01680413927386119,0,0.7564352880642741,0.6613243417048388,0.5965175438144209,0.6020056491275146,1
-1.2296296000676594,0.9121249935535162,0.06070475175433949,0,0.03395678364949147,0.20520148444559916,0.07876585101497255,0.3694972044526785,0
0.4748020438273469,0.8202483446923556,0.021760273454931648,0,0.025157116747459043,0.4016541415032195,0.16897129319386392,0.21949861497835507,0
-0.9285213449765224,1.0326369850901638,0.03691857219786338,0,0.51173328076786,0.20312183281460577,0.044178720967664266,0.0853368807522063,0
1.3522800959183596,0.974295577344838,0.12412239458887409,1,0.27938669522583903,0.0678535140030518,0.4198230804118765,0.1437194420910651,0
-0.5978597875552377,1.1078887066637129,0.1663209047425464,0,0.06734323195117521,0.3822811706318551,0.11632344081439443,0.2611337698316741,0
1.1800776363412946,1.164534720360053,0.0260230859622465,0,0.9151885348221794,0.8164558849780529,0.6195797546506685,0.581054641759716,1
0.9282350474102382,0.8374771747805085,0.08970402252905767,0,0.18052369027217974,0.4142388850444894,0.13323079714416167,0.0724432241838238,0
0.005992534873305012,0.986531813370061,0.15912149849469698,1,0.3809852213946873,0.4836640990994015,0.009332346178004996,0.013447479269038266,0
-1.810697890035889,1.1268837639629692,0.2001253838860157,0,0.007493400357627849,0.7595290208527338,0.245814859805881,0.11610767264617448,0
3.8621747526069257,1.416948794319499,0.023608190496062546,0,0.9674317690380395,0.6769866719610722,0.9122559960632987,0.5857602433518024,1
-0.3868271930461931,0.80391185087691,0.12629001713396507,0,0.026666447539302484,0.5329988147918834,0.03863050574863356,0.1312391007296293,0
-0.377413290960272,1.0975232490273457,0.031327251452126996,0,0.19517906589997022,0.2411586383812366,0.12416018945787956,0.17249914225933907,0
2.920847029524235,1.2065894169762075,0.006614737931030696,0,0.7841571573236265,0.5191155301712813,0.7992027499209174,0.6449142751680162,1
-0.4323671006026433,0.9377964594947559,0.11711658320771598,0,0.048211476404237966,0.08591402685714275,0.19458228451766615,0.13443728875541225,0
-1.3773849810141625,0.9627122178945869,0.048326249076013114,0,0.05050746803310195,0.4705441171850451,0.11779098685447681,0.08836073281721364,0
1.178219160928656,1.087224749812448,0.016369608190200287,1,0.9237498022374001,0.6693617169076078,0.7727950885432973,0.8183722382286936,1
5.243380643022897,1.214188667789303,0.0059076554221532745,0,0.8840509048998159,0.6512238136812106,0.7063117699974127,0.8454411922483738,1
0.11822410237435371,0.9777831884640683,0.06528225751974531,0,0.23758646196863925,0.28537890238258906,0.09350500511324279,0.13008830793644977,0
0.8760757523492986,0.9110266466276143,0.11754057678217099,0,0.3100632634780983,0.3825230803515126,0.007887205818459085,0.018272809685932867,0
0.032885412887580054,0.98270008189292,0.0819574906783418,0,0.11032310751582239,0.07438558011245579,0.17009115594348947,0.09018579787603778,0
0.8558198876863397,0.9721122438361386,0.17163906504366122,0,0.1517658898903012,0.15698736335521488,0.15620054516723703,0.23769840650908602,0
-1.2532125103746197,0.8626173846223616,0.0927895830216603,0,0.05895095263768022,0.35210237618511553,0.26177257157927747,0.03306234955093656,0
0.906304349352278,0.95160258339491,0.06889054390781182,0,0.30845337595678635,0.17385551777253389,0.0761341742710243,0.18126322455198568,0
-0.5817925190260798,0.9309506671075547,0.06247451321424488,0,0.07384467115986737,0.2515087585365403,0.3194076746856047,0.2767488277598316,0
1.1714766732478663,0.9864681043692461,0.1386178419897406,1,0.24021036160919376,0.24433880981847939,0.07180899972976108,0.0754507460074545,0
1.1577870618392616,0.9449438048981743,0.20520106263777776,0,0.12347928366071304,0.08181223389919867,0.09907618652865718,0.45687625052635866,0
0.821364708249578,1.0806734741663897,0.015445958557920745,0,0.8492364391933156,0.16536979430672138,0.706015860373292,0.6672127540870527,1
0.5009847529458608,0.7329994846882096,0.1022389549278271,0,0.12283134349428122,0.3896623461763148,0.2737910009609761,0.07895990579177695,0
-0.7520730028737587,1.0132295148026265,0.032681080117312813,0,0.3230518760565544,0.2079698330747828,0.17597023012683327,0.03220811757791252,0
-1.0188385771265616,0.872110365985775,0.07253029387468574,0,0.16734186248460564,0.41673476935543524,0.14604746604471286,0.22909570490946185,0
-0.8792715131747856,0.9418315193775258,0.07195574441075414,0,0.14475351796656638,0.21987025933376608,0.17411121226573328,0.19812727358066312,0
0.8447987994324432,0.8923876833259072,0.016988572759223657,0,0.07814828742741838,0.37895461213692033,0.14054610424513744,0.24550745800781718,0
-0.9330814882053211,0.9905047689811828,0.0981519750023657,0,0.0831369863230331,0.2827932636974211,0.14454348383457818,0.4077200074828323,0
0.7967591760912571,0.8589784179441149,0.1862919955427349,0,0.037983687408064806,0.021995455056688477,0.056011554126466453,0.16914863607850655,0
0.15980883318082528,0.9092571321848477,0.15953797326210273,1,0.15006358477356066,0.4648000703486765,0.04154668364421537,0.13048573615034667,0
0.15826606854070896,0.9663678289900829,0.029833237836971956,0,0.024227612908859723,0.08921329836376984,0.5275579511641513,0.24244296796741416,0
0.8001760654480322,0.9490151227368896,0.17640651392398998,0,0.07606385664502462,0.1075954952711641,0.02382526617504659,0.06518597865669812,0
0.476268869130309,0.8649787808065978,0.06662993928087035,0,0.030645293620985628,0.036906092428527944,0.12351436870478097,0.18796218467243467,0
-0.42614740961166536,1.0000114426491107,0.11141072565177283,0,0.0793960328031166,0.04311835144547293,0.025630560087659245,0.07660915928507368,0
0.30699866737189124,0.8650930858312116,0.1593068610022053,0,0.10362505209207415,0.2587862637555129,0.06333473066398412,0.1591261453204114,0
0.020185724413582618,0.8803881214517296,0.16096163204562336,0,0.1592562686633826,0.4248079071394654,0.04859614381887453,0.25036128105660005,0
0.31887761752911764,0.9936559704814782,0.030394197390089365,0,0.032541336839392275,0.21289313074112604,0.31797085383833734,0.1392360647458498,0
1.0321791085348422,1.0095109038418522,0.147882881376954,1,0.057083315578564386,0.14710267474806638,0.21337047903544823,0.1773278136708184,0
-0.5736146780163166,0.904144026031116,0.2074085391151368,0,0.2960448671649508,0.27207062948095573,0.11803060241331281,0.5178745438071382,0
0.49704273771010943,0.9090153802376963,0.043802297008081054,0,0.11591357640099717,0.38560102471776025,0.15076959760987493,0.05144973250494767,0
1.1375296075338281,0.9625925610672109,0.0844888348654284,0,0.0067707990014312614,0.09221828185076983,0.08129230959381337,0.23762867232192175,0
0.40971915657737745,0.9272553220723423,0.09778125607573734,0,0.1519092772405702,0.29993167771513435,0.021638775212158578,0.053844194686798366,0
0.7505044662848187,1.3411283598335835,0.04050069134750839,0,0.6150511613888464,0.5676703237848426,0.8570674270980816,0.9681450442223472,1
-0.1471904759279778,1.0870901542434876,0.10132937540898673,0,0.06075349283000721,0.4834542923953653,0.019161724670556064,0.3145666662879424,0
0.7841634912853671,0.850750607664788,0.10245133971615064,0,0.17207417909121034,0.055339764864020785,0.023938573630864705,0.0698325096419152,0
1.262623703051662,1.154881359958644,0.021410567969877288,0,0.6199871945148092,0.8836546145062034,0.8173990249588156,0.6243090775499086,1
-0.2282881693448771,0.93477626757711,0.021251792309814665,0,0.0030892778351121696,0.37249953826636545,0.44653189140819083,0.054077688295342374,0
-0.5379963093163407,0.8995366799873309,0.06818708006895564,0,0.06343056542300697,0.16306209783668882,0.20163347743656496,0.4545449039110129,0
0.9244138558589199,0.9870418784881366,0.0213666595872069,1,0.09853677351723723,0.1683115614272471,0.055142251723471286,0.38255181657847637,0
-0.15383100271137407,0.8879527717971151,0.11812900613956578,1,0.011657326738663258,0.284706808009239,0.037311585045597485,0.059364637453347795,0
-1.489151553390963,1.0083296711670815,0.20412734300568902,0,0.03532128824692043,0.3265714791013129,0.06379150584418067,0.0919988789325273,0
-1.3483828894144578,0.9364435393929572,0.017433626067218655,0,0.18352759126681958,0.33978957470125626,0.3396978626478739,0.1716874449843425,0
0.028080866965115445,0.8960047594638452,0.02326768301556016,1,0.1951411380068685,0.2788593337929318,0.2244233079492909,0.09449553069336492,0
-0.3808737594971296,0.9479805608961391,0.19627026065543562,0,0.11768326717000421,0.16666098324559167,0.1107362254354888,0.4096220204149871,0
0.7944649241324215,0.7960046977138018,0.09796470423747988,0,0.009577380151469191,0.6139557356466958,0.1318029502737623,0.08568027891008348,0
0.11282187649101703,0.9511467705154136,0.16578174468768414,0,0.12939747060734905,0.49954519252246715,0.03651776689457508,0.05458439941747683,0
0.6840558858422509,0.9271180050797461,0.04550159818907634,0,0.38386148272786186,0.28666390904486466,0.14161631762958407,0.5429852581598447,0
-0.12681992508528744,0.9785285979334473,0.10934235672210615,0,0.22494331147703367,0.09870933687841991,0.19991418529717195,0.09405613840413171,0
0.393741907008398,0.9135481357956838,0.1067031474665685,0,0.18996556947582918,0.32572838630542855,0.1349343823083788,0.2369860031392994,0
0.8722261636099246,0.988029617310907,0.20364038214522617,0,0.2442336226955396,0.15629902999888992,0.3543093489343139,0.2368967019180159,0
0.95676232085323,0.9654457815398897,0.12412360399288168,0,0.10946752135378686,0.5065276312406143,0.16235968005838267,0.037408068512549054,0
1.4460367779702707,0.9335903924826839,0.08551582544485589,1,0.26312468634670627,0.05654855513190697,0.3013717423359989,0.32126606577337236,0
-0.8330489780257134,0.917663919215079,0.08475637135797633,1,0.2030892751091747,0.11145304413251364,0.12415696605089956,0.3023346183874156,0
-0.16313674606600798,1.057517663183493,0.15209441716221184,0,0.2844156384955686,0.2190820080074933,0.01800267014668005,0.031124418336369693,0
0.5122400959127449,0.9507820613958241,0.13329593505127657,0,0.18330142726545054,0.4032696046300761,0.13428021675515356,0.20875371549031052,0
0.35155222617570575,0.9549141168651103,0.1616787206973314,1,0.14216883631654678,0.3708991968198298,0.3384535679408793,0.4777535804433616,0
0.7166745570029271,1.2374655691412373,0.023854329627146877,1,0.9098587770987815,0.5826084512561216,0.7535576370897936,0.5660440511268617,1
0.44306469656015857,0.9948804620178063,0.08633357656181939,0,0.26981868278958926,0.11731876903632452,0.050384741437416315,0.1423047246319282,0
0.9861935332500916,1.117541416128505,0.03777316099419543,0,0.9441705337875412,0.6396940990892254,0.6511235046645645,0.8946179235878573,0
1.1962045381321942,1.3517212593906947,0.02890365355754393,0,0.6710489247234639,0.567570343342533,0.7565194588220168,0.8190314988841164,0
-0.44042717812805476,1.1136294001715408,0.03894484208546016,0,0.11898096009177637,0.6292395128090096,0.06937080594007908,0.22560094095102526,0
-0.9032921697000564,1.1456032577613806,0.043930854251360986,0,0.45963467507201483,0.2836104621046464,0.13384066807344094,0.04117182803154288,0
1.9289860293436976,1.24760918126113,0.015867137056272625,0,0.8529409556528265,0.8433316788225158,0.7037806442218058,0.6855136460182869,1
0.5797205639785487,0.9083542342371683,0.036287074152740156,0,0.0060887559002833136,0.11581195170099921,0.2274844233656912,0.19001088960372275,0
1.0227026529991596,0.9891312236843729,0.08334040681389537,0,0.02325475610481181,0.037949901139456683,0.22499065416766356,0.34706199404991084,0
0.6957880302163661,0.8779397853087778,0.21059698652206987,0,0.012951905849957295,0.22893019706585452,0.014514970533957233,0.056578310215307584,0
-1.0763854817713996,0.956408557590197,0.034868052048733944,0,0.12495943502667181,0.06273344149507122,0.1723845863867866,0.10208963614339985,0
0.4981984621209048,1.1894722444533414,0.1815250532063944,0,0.3360481002152724,0.08079470813361586,0.12259542718495726,0.09141568071417067,0
0.9350837161143356,1.1620903413793187,0.0032975073932541453,1,0.6453797766305261,0.5787436885074351,0.6193579510151457,0.8670806400662422,1
1.0628913059732925,0.793128169781333,0.19470261436117886,0,0.1861908283139138,0.26426049512338257,0.21270080360719892,0.3321936569116193,0
0.43123915903411497,0.9812493594538026,0.1320248702365841,0,0.06453882329799379,0.09855011859793984,0.2200843678726265,0.23030112501202385,0
-0.1928874417640341,0.9270541304829074,0.14768056809656038,0,0.037336566917476215,0.12941624276753416,0.34354006842820917,0.09549656951601927,0
1.500998565429882,1.0776827752653684,0.12021009504470286,0,0.11062053928352615,0.12456880268322607,0.35127211475619885,0.22906213987535567,0
-0.5581372712454505,1.0427104843939365,0.14728193984133042,0,0.208999370691447,0.3581826225758008,0.26998762526408115,0.06039495306397451,0
1.1334959934519346,0.8532311514471813,0.15578739809741976,0,0.02433294337712886,0.12146532535379646,0.31665131065084984,0.09289439821607502,0
0.11840485227117035,0.9601830348914803,0.15012688664302754,0,0.1727564303084765,0.23988248919114002,0.18570615893427497,0.10971443654876853,0
-0.712265213486495,0.9529527004776741,0.1354791618100027,0,0.05630949038155809,0.2014937894981174,0.028426176489774645,0.3002139482743781,0
-0.3774507800448606,0.9444584694417184,0.14629907509415352,0,0.05769966252262156,0.469701025413342,0.328074755603299,0.06974937757296949,0
-0.38841284538822646,0.8780777127290896,0.20446477914274536,0,0.09713796816209308,0.49929408150412397,0.2589107295776444,0.08738739006132673,0
-0.9375722748695596,0.9259395516278728,0.18859052056961,0,0.059607126741823786,0.21407381056340685,0.18674672163367345,0.1202175064558486,0
0.12419577764105297,1.0162752106511115,0.0669466120496714,0,0.0942813058661311,0.058306884059270904,0.4412210940583144,0.15581561708988653,0
-0.7558116901267217,1.0150346377641142,0.18883419712908106,0,0.010382384670590253,0.14078678572526232,0.19559569210255964,0.15421358155644488,0
1.1165853999460795,1.0317289015798308,0.01591205176473925,0,0.8873805836490875,0.6901987159578292,0.9239230590131008,0.856462729907856,1
-0.1373051715452857,0.9569005684008365,0.11090908257486881,0,0.09270600587569738,0.10695143894593179,0.296518514532468,0.11525423943457076,0
0.021704746662701224,0.920989326323603,0.05654466900803837,0,0.04513682412517347,0.16482714316897248,0.11155942118709408,0.37386431251864277,0
1.1310925299475505,1.1417947776357504,0.18559330301446925,0,0.06290841433400877,0.5219748452588449,0.18524839477154526,0.36227561158070914,0
1.2855636272088773,0.9382948017545362,0.210700718661326,0,0.1602801443319784,0.04992266088234103,0.057028869094314344,0.4574993063396462,1
-0.029526663284801788,0.8804457182560166,0.06253122084598392,0,0.03542969166539168,0.17052962390479465,0.11124419168220408,0.539471142158695,0
-0.36299583658204604,0.9774827233928756,0.10545208216380195,0,0.04089361523241419,0.3521512536906461,0.3533873704402541,0.1748352587553432,0
-1.0518684126604292,0.8677046174928112,0.0260561794823786,1,0.20513081672816033,0.4883104492393157,0.10879077943338417,0.16507703628210127,0
-0.1714562393169537,0.9056615477445635,0.09643164356107767,0,0.11751849117292625,0.400247704435317,0.22034619739266625,0.24789414622681785,0
1.4312316625710817,0.8814641109653183,0.027948511587331942,1,0.7384120438904211,0.7462343205653031,0.4076290169121179,0.868557346797037,1
-0.5291664073421287,0.8976725808498639,0.21238845127037098,0,0.363149771920456,0.1878863184747823,0.045239731745767287,0.21243656155007176,0
0.6012219146122422,1.022009209727127,0.21509633567540087,0,0.42387233490999865,0.403763538096843,0.5333516820223134,0.12939430432313723,0
-1.2300283386379067,0.9467494871745894,0.09249511463405242,0,0.38871659540685705,0.07441123271557253,0.10769346479614793,0.3390444128163736,0
0.8261541251444829,0.9719101443134153,0.02417404395487882,0,0.09785792188122679,0.4141995914452931,0.05614882757617073,0.04020975843545421,0
1.7600721107986321,1.1849113496411583,0.024594318442877634,1,0.565712651627701,0.8006162295940281,0.43872594675210724,0.8411554127553609,1
0.4494374853316056,0.9658144419463472,0.05433400280292281,0,0.028678959764406497,0.3615991388867135,0.2879231205287213,0.39862625301741894,0
-0.6267723985649372,0.9473802413414811,0.17147346399164765,0,0.16816193521883582,0.1321169241902671,0.036397609018315215,0.0490676510342913,0
1.0487298577606008,0.9132435766519649,0.15778397261276228,0,0.41403038782889184,0.19623619082352253,0.06392610128272495,0.3876085250029982,0
-0.9925282202732886,0.9478960623813982,0.0898442536475202,1,0.08021549944176694,0.1851883664300069,0.2739016465279122,0.1421817127204684,0
1.806334954480097,1.1309303400258446,0.008405531738873488,0,0.6481996953084986,0.563929256232964,0.6810135960860162,0.6146593061647829,1
-0.7768178603374849,0.967287488500473,0.15784308036268996,1,0.17757395925614247,0.2457799821878526,0.005099262688761639,0.08102691723050992,0
-0.1836322162272443,1.0969632227214314,0.20778139195883655,0,0.11496938410322612,0.18365889234402416,0.2293322783230162,0.03366229177682929,0
-0.6786431679294815,0.8402193883857084,0.07054745761360001,0,0.06781844708860717,0.22022987979811698,0.08780705764074268,0.019116058789395627,0
1.4427546811970555,0.7985209708489089,0.20994297713249604,0,0.12390252709259975,0.15588364731260063,0.10360753602836736,0.45579771522292806,0
1.9901304293171047,1.1809552819140572,0.03760327516717566,0,0.6680649140881217,0.6184170985987434,0.6362409882352967,0.6451824529249873,1
0.15762233157273794,0.9111313888155947,0.12491941725285186,0,0.17893385679584758,0.196418927259678,0.35837263182585494,0.11023110600176893,0
-0.09030836014300077,0.9518404226691254,0.06610554675094532,0,0.179738800592138,0.46292448099200495,0.14639486395092877,0.03517152137401655,0
-0.5731788818864704,0.9416494134515626,0.18979656138585277,0,0.15747515322826952,0.23653729344791743,0.11809407464448778,0.159556895836952,0
-0.42943075569572026,0.9292045689271935,0.08516444652189797,0,0.03442540865131508,0.13106110949157607,0.11863091366794633,0.20265664191336838,0
3.1995400652858583,1.2710109106575467,0.011177910556152469,0,0.8252134638269105,0.17865326422821654,0.801540997613747,0.5454938675196052,1
0.8596398878899257,0.9288061034752444,0.20291183605225283,0,0.24785389181235362,0.16943180829127313,0.06044334468709093,0.1871527953281602,0
2.0850129892410156,1.2611387415630397,0.002903208589511169,0,0.6304318921049645,0.512694228086784,0.7326666955023633,0.6552922363577144,1
-0.7275916927118344,0.8828369764071846,0.13419210344816285,0,0.18594899878860996,0.43035306165446763,0.08003927124653852,0.537511876806384,0
0.740691256237618,0.906577635482489,0.1877051419012929,0,0.08065194117053474,0.19270858867514776,0.033328575914858646,0.2679225430995462,0
-0.4384064197606196,0.9355511508676957,0.21178292137662869,1,0.20902200122406456,0.18941286001591331,0.012139888903689031,0.07977881178921035,0
-0.16967242630678114,0.9578991365384117,0.02738949171281563,0,0.07618709644033127,0.2944689631921916,0.06292152016794278,0.20926007151822876,0
0.7090964046546687,1.1366005202852332,0.0237662902915049,0,0.9117712705443257,0.49738138679708954,0.5896546676443789,0.8410983373693671,1
0.2943457797430832,0.9932661303564274,0.16741801983471044,0,0.23664999515249643,0.24263206665025777,0.3163161226726235,0.44265643431011104,0
0.31936332236584275,1.0428354733133556,0.05138377617315742,0,0.01702365842314317,0.24136728775293642,0.10956153012948873,0.24266342973841565,0
0.6873929809309015,0.8805707199131563,0.125705984413441,0,0.1551983002883194,0.063133964513188,0.1148203160359078,0.4511782252157792,0
1.1233046065714902,1.0975208918329415,0.023151955002622807,1,0.471866927613824,0.6963990597712502,0.8017546675869399,0.8695865644351543,1
0.5713623496409796,1.0684458348568278,0.06933215821881224,0,0.3157795715497323,0.12053824050157105,0.5316173329323132,0.08809633455608765,0
-0.12161416068701193,1.069005028216996,0.21164326424138352,0,0.2408234496919929,0.11829524234899245,0.058069712696238986,0.03285526285756798,0
-0.27619684726281896,0.9648068795692131,0.18128833379522213,0,0.19758150681160283,0.42536654472854524,0.19363597472527785,0.08960038831425966,0
0.31650824935811844,0.9882003974685504,0.13570610538202577,1,0.26945833803575864,0.027165091585375424,0.39129567760648915,0.3860224008859028,0
1.1023660314011057,1.0258623932542164,0.07407118783436764,0,0.11392070049537421,0.1460971993529826,0.37386109241107324,0.33896366415190127,0
0.2804267608824881,0.8976117643022689,0.1085468143835917,0,0.06718496784981041,0.25980483031436646,0.21831484985673502,0.38954764389058183,0
0.687520802569418,0.8025196629249557,0.16534737911365566,0,0.17107887627284044,0.24936150916771205,0.09228809515415487,0.21043578104508942,0
-1.404679547592929,0.9397059137966095,0.18165032310575713,0,0.11806806359542386,0.27663977984219335,0.2069598560273034,0.08893761163131439,0
0.14983033073887947,1.274099016514906,0.07600199687036717,0,0.19608019153348824,0.3470381006639193,0.014068452135287722,0.20483718310583426,0
-0.31633268163410244,0.8741049072865797,0.08107938390659344,0,0.18745571739188358,0.11226394790213583,0.1389671396252786,0.11860278087389856,0
-0.20360614797445653,0.9421823439378714,0.07756897867641613,0,0.14313287676718814,0.05403793030413251,0.257724369672659,0.46360493902414224,0
-0.8173830335895498,0.8827373893708832,0.06882279715410006,0,0.1931089738231329,0.21748815161655505,0.17178308231502648,0.037639564761387766,0
1.020812750088166,1.0407577430876775,0.028325161734522143,0,0.0029815992762037722,0.07290713777573062,0.21615232235440676,0.26619485436146845,0
1.176749971552095,1.179833974692723,0.022945676085442387,0,0.7980272611488486,0.4389553588191459,0.734005613458382,0.789095461800498,1
-1.3968949244062527,0.7940410919186951,0.15094530502696363,1,0.0127548237769383,0.13683144010829423,0.20777299307927394,0.37445549697978553,0
0.9276778668041868,1.051682206001073,0.21938305307657296,0,0.08755697297513985,0.03373729619997983,0.04351532569600156,0.05869696121255802,0
0.9531796081028218,0.9416361075711722,0.20783119983315335,0,0.021329133797051106,0.371321706364744,0.11359085685529706,0.17962028125145757,0
-0.9602903256199724,1.0421515694606331,0.10251559073044224,0,0.13085582772538965,0.3651459977521565,0.008753966221191681,0.20216912680618934,0
0.12405559034788177,1.0620312590399212,0.18232670963187408,0,0.13652010735799958,0.2123482149838193,0.11257663435045981,0.2020103728028114,0
-0.3525897060928761,0.8955862598605698,0.12851428743666407,0,0.10299945818329834,0.4371111176489086,0.3069625474180081,0.3632235125427759,0
2.6891072899737622,1.0240285953655817,0.02279856535617006,1,0.9539822037705286,0.6265268067831206,0.7160677701441223,0.5975601422944496,1
-0.23831257737488815,0.9714439015903161,0.1765964176750201,0,0.05048215802948082,0.37808051576585233,0.05816112380347897,0.10257673505676301,0
1.717050366058044,0.9260610933281564,0.0893295585819088,0,0.3258636515477616,0.27199223122577426,0.1656717456838678,0.045939426915307405,0
1.4365248775864594,1.0752853381423355,0.014518316830798112,0,0.8197349057636056,0.31570642406147614,0.6499996294499237,0.7576777509317698,1
0.8000005206022764,1.0977724078246556,0.10936588496176668,0,0.024140718603431782,0.19660318558593481,0.026250314973606383,0.276783002323747,0
0.638929090718652,0.9358255530413903,0.1793367309154303,0,0.05978625655320385,0.17640047365408176,0.10247715309383736,0.033888951080954896,0
0.6403106988767849,1.0148471797038732,0.17301697694118584,0,0.2012483290415285,0.10458620323910271,0.18069767373292753,0.0936708739475225,0
2.4498585164600124,1.3659720943634446,0.022576831960788676,0,0.7025666186125217,0.7938502735229457,0.8837982012947316,0.9123322710566089,1
-0.4062488578340168,1.0818590897369806,0.1483743372666812,0,0.31740852183022567,0.19676992819116912,0.15468373890886816,0.10706205305072275,0
0.655575112370138,0.8163485461895987,0.11089949446765454,0,0.0008522970573086945,0.06445521891997029,0.10257941553688485,0.2720329675010247,0
-0.659005376717415,1.0184767181100973,0.15410220499072297,0,0.15689933203962317,0.10739468779581557,0.09403028289379825,0.23636619679029183,0
-0.7047272186025079,1.0063477407805421,0.19088014880747894,0,0.10672039864343666,0.2366130239419992,0.14954729354749208,0.07549749543202428,0
2.0088693870831964,1.2185113286806442,0.03013499477072446,0,0.6911195258870579,0.6835393277687883,0.7245981329901938,0.891401421164741,1
2.7084308659230683,0.9308220185786731,0.024458421242538067,0,0.1656042169318576,0.6351217315742596,0.3034029051901155,0.6528719112420239,1
1.2568634562003125,1.1229219182348023,0.016895296804524104,1,0.48851132355808025,0.636235058845359,0.6816334266114994,0.7337037762313546,1
-0.7551465719975535,0.953302563212063,0.10588066575840323,0,0.04007783146903214,0.07655500352920237,0.14317683733356618,0.10522251665579206,0
0.34509157174342164,0.96185567828459,0.14729585276637464,0,0.2823549446709938,0.05336632205800425,0.18510076020470478,0.06997518200332217,0
-0.005803608429428571,0.9003865783746119,0.049362420587319815,0,0.1612195508511886,0.372923979964699,0.0946423449671397,0.18056079313926446,0
0.9817244012513774,1.1218072184455585,0.15810523938812304,0,0.2879879843162143,0.14902195978992983,0.06889777096198028,0.07740847810094025,0
1.8592966916898346,1.310212093949639,0.02580253879448543,1,0.8747507404615655,0.5605018171240376,0.7442647605167592,0.7936117495684858,1
0.26205310229770934,0.9510792938285645,0.04295607653103897,0,0.36554541799707246,0.12154782050524617,0.018332682589054402,0.39509315646673804,0
3.806140494252321,1.225892234516107,0.024222393851512217,0,0.7459263137446639,0.6638478611370668,0.7207483901449603,0.8010560563045,1
-0.5457839600169482,0.9436098668908226,0.19545161352274587,0,0.057998272023128336,0.2403500289720795,0.08400958099609153,0.05143365120477864,0
0.9600773047830236,1.1769520523108372,0.025265093621075436,1,0.6995938847154571,0.44450862235773997,0.7863565602501756,0.8262579635364284,1
1.939749610249864,0.9667614780652262,0.12091617326799424,0,0.041290680542225136,0.30300507249072384,0.1537574766672862,0.14663599663441254,0
0.2837502515493337,1.1417159796338237,0.06073345378129794,0,0.10535994405794072,0.1285153903491126,0.08710206103655466,0.11981072161932381,0
0.06170170269011632,1.0527259251964718,0.061167455544321334,0,0.11728525721653697,0.41415601337150404,0.32873200512827017,0.034322251670288094,0
0.4602989948734469,1.0527504834640418,0.12138215967427517,0,0.23334937415667742,0.20036632976304447,0.16512314116721474,0.3244454819479586,0
-0.17406773363116618,1.062157230887055,0.025077969976784874,1,0.08765858720311642,0.6078481706589202,0.3243671897791571,0.34813392844100977,0
-0.8397319964358257,0.9516525765610486,0.21224811144581907,0,0.02102478986161186,0.2722135687579672,0.2884547302807904,0.09561227853542754,0
0.31420213894996635,1.0041508777457724,0.11377663698313294,0,0.19079155071770748,0.5833486721586623,0.06367173053953976,0.1296371845006012,0
1.0924181415959135,1.2043577153009326,0.0022311854160216955,0,0.9637103294483111,0.8710708827011004,0.3482695613203935,0.9262953018601793,1
1.108500036084911,1.303700847910589,0.03662311254943625,1,0.6160460609725622,0.5047701555324472,0.4483591825342881,0.9609795592183238,1
0.29034523928233297,1.1588151933343114,0.10535476340547016,0,0.14222071307300965,0.1484099213687503,0.014045197832745868,0.11358331459938673,0
-1.5486217001198066,0.9616085173495278,0.1004335574279309,1,0.0940566359175404,0.2363599250730296,0.13291602410260334,0.4312155897878649,0
0.3028926809615294,1.0662912662598585,0.09026977326747965,0,0.21471890445182756,0.1563683700485066,0.2659601543616747,0.22194855132747926,0
1.3421606079694914,1.145096491713749,0.04116846283212712,1,0.6106050045666385,0.43488989193452954,0.7660942177061844,0.8545713048720045,1
0.6518674900332614,0.9257076378466773,0.11616938244542299,0,0.026679229723881835,0.3317556399577804,0.13033418130946509,0.003233281749003818,0
-0.13838243762142544,1.0216641775990376,0.03682876147336481,0,0.06939012371204309,0.3041078524586105,0.10793223376159979,0.20431755612675898,0
0.10098493240739645,0.9916639078967797,0.19155260658837914,1,0.045247946108538634,0.3541783215201169,0.09926758139343905,0.14844687464396325,0
1.3581806694415852,0.9330996209055142,0.0677046983259979,0,0.07770807941145097,0.47728869435150123,0.06996803705574253,0.444186511417529,0
0.6802788914680923,0.9093795976091968,0.06999658419297913,0,0.248516402763695,0.1432679457286658,0.19650744234215037,0.15129910036988115,0
1.1054561173334283,0.9969986899253482,0.17593973162052012,0,0.24357731935282048,0.23906189469046837,0.046249178290308925,0.09586318729958009,1
-0.7314634586887298,0.9457923204193008,0.19745387473549675,0,0.1487774399144289,0.10828213244408104,0.18831212158396507,0.16193758928112587,0
0.5676845144959097,1.0261788886125938,0.20744372709736575,0,0.019633632630744597,0.43696065789146693,0.08560000502338753,0.2391026515847193,0
0.07205915683304845,0.96099994575258,0.030015348842014976,0,0.10113418499137165,0.1483978013051163,0.11492271412862008,0.16854637058516114,0
0.5070521806606614,1.008448498610505,0.1848175198483375,0,0.15250769349779186,0.47619971324299526,0.247559291933003,0.08187353643126816,0
-0.34986393406850047,0.9236361825005244,0.026079763606693947,0,0.2658610812581118,0.1935058481856525,0.21761243586329684,0.12882186964014383,0
1.052889525201985,1.2090328160835073,0.11922322521214855,0,0.10247325323303795,0.18619739950864622,0.10871012263860531,0.41840759769910113,0
-0.6504742528620814,0.9418018992037274,0.10687502363937029,0,0.02331763450968736,0.09043300262000338,0.04385298969676536,0.27411221685239723,1
1.001382285114639,1.1511837688191102,0.02636481703516544,0,0.517316677159181,0.49901560514757354,0.4827157680363452,0.7338326364330187,1
2.4323362032823175,1.2445987370236602,0.043860700706890576,0,0.8098853052750131,0.5008780703668206,0.7393846469803601,0.6708108400041939,1
0.3030722815724382,1.021270262358449,0.10551719422036523,0,0.11685282971523457,0.40758954253886187,0.053365785850597945,0.08982530043875823,0
-2.535035991953485,1.0300935333752985,0.21852481552813297,0,0.3271441787509515,0.13326415352345405,0.11765211355333108,0.245074315357046,0
0.18039904978720206,0.9065485561337786,0.02185068891453719,0,0.2626004351983538,0.0635366991707426,0.06589628533507255,0.5123284969359111,1
1.2264284788541853,1.0660637318033752,0.10023383420287856,0,0.08534901125104741,0.2134626137788763,0.16493381543304814,0.053325592188953504,0
0.18211371078699445,0.9138864338932124,0.15894368737290404,0,0.07361762940843869,0.10406713931147558,0.05453695152489586,0.5757910549503161,0
0.14578720492270714,1.0875553913399356,0.16441845444516212,0,0.18850344359939455,0.10964700153326225,0.2244383838000991,0.33471888487364254,0
-0.15747216266222575,0.9415530881181109,0.12845306003856413,0,0.019222132725531426,0.22051202161858924,0.1606363503580004,0.14786505854570425,0
0.22423092023078994,0.9485392867708645,0.12600878783511002,0,0.24549030019185283,0.06678164014498239,0.11229771352366809,0.0645246367004596,0
2.3660238229248742,0.9134574373286356,0.11950019871467865,0,0.047292087637063454,0.09573083092678931,0.14449366322244805,0.3800584482828265,0
-2.0217290482620265,0.9405854978550373,0.10219808173534665,1,0.08328041982221583,0.5032552405915649,0.08033138988292532,0.3587883867576814,0
0.1580281940464352,1.0168439281838229,0.11925047275703013,0,0.36965823570682127,0.08100730974239219,0.1124256946057394,0.17057055477759833,0
0.3372570593772624,0.9796866892253127,0.19675086721463403,0,0.01643309256355251,0.33652925974904474,0.3051136640865624,0.2566843228584088,0
1.5315030233462903,1.2339331943074479,0.01871034453693393,0,0.7363581955841919,0.5169629647130399,0.9557807887136276,0.8931355010257639,1
-0.8282859276795994,0.8017419800500152,0.17784876614403555,0,0.4538534278924117,0.3824554298337335,0.221277590388303,0.18361864257941915,0
0.6077403013695227,0.9905387335170007,0.20690999876358318,0,0.07573151606852724,0.1824817518222654,0.013670761982426184,0.10912791655218841,0
1.3214855157292562,1.1987522413230904,0.02772977911451935,0,0.6209168706192666,0.9267999707558304,0.7202303337949367,0.7704044550079168,1
-0.0018569173302268524,0.9161439761466581,0.21115131184632796,0,0.03789409063989154,0.1609409558448253,0.09734865027816542,0.11450855443512588,1
0.3967856417559531,0.985727456907139,0.017616912436168957,1,0.2609938054111221,0.179929835812067,0.039565244891871056,0.167303317044563,0
-0.009471818782584913,0.9756385385242632,0.06213326602663468,0,0.19066640043646485,0.1390174032338071,0.11662159353690948,0.22374755417942815,0
3.9405131394708093,1.3621135922620664,0.03179571671529143,1,0.33459060231761517,0.7787196248909646,0.4618844521861533,0.36041135949175374,1
-0.1508820291713246,0.9661287256361327,0.07350808451208252,0,0.004785519650807636,0.32192890738741,0.15345812930634212,0.48820705576897827,0
0.26718974142510293,0.9465292062021717,0.14904973500569774,1,0.184407055534943,0.18273736289672887,0.20211575082982824,0.18780161560678568,0
-0.4118922098244267,1.090863824490865,0.10941603155026243,0,0.041524255363406044,0.0502310791918471,0.1422447692025332,0.4282536252779472,0
1.9780433227506773,0.8073598290301354,0.056232991231027346,0,0.1642512884405167,0.1655183308386377,0.15177817709857422,0.24581665632481836,0
-0.32068926951022064,1.0451152790048686,0.15683210117297314,0,0.14861843330591956,0.29820308215878316,0.1040282253364192,0.013227767161928316,0
-0.9401388096745253,1.0984935705413839,0.17336205844974434,0,0.3104899060798139,0.08713763170744165,0.15561998808399236,0.3725967126118305,0
1.4848455688452333,1.2520987852391143,0.01536923196461406,1,0.4730360547567504,0.6300653130923163,0.5037186227000932,0.7553731967781273,1
-0.06479420833978079,0.8495521035280279,0.08944218100318976,0,0.2492806179428094,0.3424527435671493,0.11766306753573601,0.024110073261261557,0
1.9359461806747815,1.2515561317831492,0.012964345539817592,1,0.6380667108196014,0.786117061738378,0.7558204583823973,0.7457036439194414,1
0.5158931184222108,1.015428460465425,0.18437456203392016,0,0.34367270108728387,0.3670961612500264,0.16051907984917907,0.11624504401312596,0
1.4265952875145524,0.9098149243238958,0.025106430793879836,0,0.2869830693048488,0.1472296295489781,0.05645105371576936,0.18837663059026516,0
-0.6728610556123104,0.8924540770253543,0.025077497342392653,0,0.010895024227848764,0.08427466627941398,0.15534601523148758,0.26772945809661913,0
-0.3568812995497723,0.8744596404995936,0.11017583571148971,0,0.11503339632264613,0.10304089692879381,0.049256279204088364,0.07294078772485366,0
1.0927360211066637,0.9962806970043574,0.08463042719869576,0,0.15235561728303676,0.14386130613616632,0.06927774646516602,0.1513565397539784,0
0.882170314621492,0.9726209151435016,0.08252250374201463,0,0.1836655553776253,0.2405216422293426,0.16202495764925776,0.5485709470408603,0
0.6885066354251356,0.9232274582181602,0.2022834923375525,1,0.29166870420454405,0.5045962028703833,0.051611808575058066,0.2743754656704306,0
-0.5322430999350165,0.8418460057974478,0.18869583283477626,0,0.1317048823924462,0.25191418239936236,0.16785421323618918,0.4394069317033467,0
2.3717384038888865,1.0308952950867836,0.06670149244266282,0,0.1795551228630928,0.44626058002154073,0.013804504991413837,0.02968517047806556,0
-0.870513308678565,0.9903711718708772,0.07048829422288433,1,0.06255054449001186,0.24675225204957849,0.22489005395554212,0.21494078816518275,0
-0.1327408474386934,0.976624200588265,0.03448659005067571,0,0.21100722886603182,0.22709275154756473,0.2918069991530678,0.05214611364157865,0
-0.5941839901996766,0.9768242432177596,0.13894560626857044,0,0.10218924425410743,0.15842127269867012,0.23253076283351112,0.371135410609639,0
4.456791841658995,1.273174867244533,0.021564971111927025,0,0.8346812551203522,0.5407134115545265,0.6793677088220493,0.30246781131439815,1
2.6163836891898864,1.1551106396331,0.00558217033152538,0,0.6679020365915586,0.9556540664764812,0.7889133595030803,0.7924661561439714,1
-1.63371272892327,0.8569353906029169,0.0771600070773112,0,0.35667438456023876,0.5332591967330051,0.2275346592118011,0.18836116415523846,0
0.5519219546526122,0.9611607199410123,0.0364188910381061,0,0.2194352501479917,0.33827520965378943,0.04038605405097666,0.2514013183365314,1
1.479011553752346,1.3283426520261319,0.04193576535818951,1,0.7558200279403117,0.33489926349436216,0.8462104267985702,0.9863886805430846,1
-1.1022739588038049,0.8804909860132117,0.03501184590970553,0,0.397704307160544,0.41923962182568253,0.0917156348617618,0.4166100986555103,0
0.46633216356855606,0.9860462253429656,0.029815700347327057,0,0.1934027187453872,0.13101008571366982,0.011061454362511006,0.27843883098167954,0
-2.6203819409556517e-05,0.7517490329738161,0.10551447212767388,0,0.09271350793548376,0.1729754977203036,0.1699708252142137,0.49468093005530006,0
-0.31973285915912636,1.016119582553977,0.11691653225598869,0,0.2972232018624625,0.1460324692640132,0.31422018476869473,0.29496811058311684,0
1.7786164905995043,1.324368089487867,0.04064145767381693,0,0.5768625702477913,0.6143638760486558,0.6783181978545607,0.6533094889864887,0
-1.3568717278269913,0.9828642629435786,0.11623863802202009,0,0.2854221200301381,0.35103809977298206,0.20522532223118473,0.008975089163471391,0
1.4657177526933707,0.8176480855594224,0.19849677627466888,0,0.08824561097938974,0.6359274652483777,0.14364464240721275,0.22258876244300865,0
0.4939861107928003,0.8932541563606734,0.08602620385112678,0,0.08574241394971584,0.25213616030527697,0.02734172344026849,0.2848669122114805,0
0.22756303906808578,0.9732322928239763,0.10755666751948606,0,0.09176836456140233,0.07103664419968915,0.020183598529466915,0.5297152347508761,0
-0.32375912251072114,0.8595891702421283,0.14358797213037555,0,0.11741978253616413,0.34400290652301335,0.15149355870264342,0.04775164644087926,0
-0.302483710679612,0.8068751943530026,0.06960741649315488,0,0.24402290845051072,0.26399424164733076,0.3420176747277747,0.0949559504152648,0
-0.26784966352961953,1.1260052031478833,0.14692818521242057,0,0.21048948921978344,0.17585004066058152,0.1055598278866209,0.07351711579230055,0
-0.35707568732416906,1.0472689336482959,0.14081013375646823,0,0.11168670044044811,0.11507766481208892,0.0030973348967887233,0.2626353391064874,0
1.4581792902326056,0.9447597515201751,0.1708952442865937,0,0.30822360550001004,0.36486329287019986,0.3345506610436497,0.060503744758883246,0
0.35925646061161526,0.9678454031631155,0.05912498320269551,0,0.03743017881076485,0.33251222806447256,0.2145388676412976,0.08385363493957328,0
1.4854392538602745,1.008496249285257,0.027396089365183805,0,0.8265423810422972,0.6088859792815364,0.6640039783965817,0.8700946855156729,1
2.4808344612293043,1.1258404352812166,0.0034571260646156098,0,0.8692625919062333,0.8629724914156754,0.9606971380900939,0.7633402375349309,1
4.815368876206598,1.0385196087326958,0.0051248429674389095,1,0.681119813387944,0.5984893515990946,0.8312453936173941,0.692995664561649,1
0.9698671838171135,1.126473161566602,0.015602010269407433,0,0.7602299469157809,0.7740358306832735,0.7938808632132964,0.8924095079123554,1
0.0037456487703623823,0.9376394029362772,0.04012954708397251,0,0.20069079340648663,0.3971983163211599,0.06588337045046201,0.05685430892996063,1
2.6519105687091775,0.9046224560415695,0.006462970164718602,1,0.7754515533966224,0.8190194194152448,0.633833058671474,0.6388925232603105,1
0.9703133888086763,0.8952495343133796,0.1308398180225222,0,0.16510002184858458,0.15862908476357498,0.08165193944614567,0.024968926945739735,0
0.33454036146450045,0.843925768711102,0.03747377985270515,0,0.043009706549623355,0.4272650042149954,0.20379252028360925,0.11270175179554408,0
1.0131352144847847,0.825226593821889,0.12594355145069,0,0.03869508416694219,0.5032697710105309,0.20286707282040026,0.25265253343774396,0
1.5570431900127837,0.9126972168958484,0.17365690640885284,0,0.40000279429303687,0.33137872613200053,0.039638125551575046,0.023263315166595952,0
0.7001432220449942,0.797102359771525,0.12224742071261654,0,0.4260326060166048,0.1758704784748602,0.243862831771278,0.22504929549228064,0
1.437898957311088,0.9122696753110615,0.21460688764429076,0,0.22649381710985406,0.24745947446123173,0.3010857459776346,0.2050833862690025,1
0.8556738980249591,1.0360012662935716,0.030274644672821215,0,0.25602644605136016,0.2665444630000542,0.04943570435336136,0.2980143451196039,0
0.3442346363877464,0.9712786159689648,0.11660905378106566,0,0.13324509337564885,0.058995026464449846,0.012591689220692535,0.33904371499673713,0
-0.6204123803258041,0.9182294743984005,0.20829710583531008,0,0.0326719331968756,0.16033466761663134,0.1066649441383045,0.10294854614944228,0
0.3648200221111168,0.9087108591820284,0.021573021004381025,0,0.331522491918416,0.22129918766707377,0.11589687067450227,0.08611623546973304,1
2.2130740267144473,1.0042519325103367,0.19096654285101783,1,0.3660331892519249,0.19540263573996144,0.006236020499468069,0.03945842514028785,0
0.40930081034475135,1.0935255620661064,0.09612769011870766,0,0.03967233252895533,0.3371440205698035,0.11945907016891634,0.10720150081475377,0
0.19828475711286508,1.0878657446112827,0.13451468834225472,1,0.06474666068381428,0.18412701004240184,0.4350043799041655,0.35262101587596756,0
0.8533376044693783,0.9662494188188813,0.05374854296303193,0,0.09982154445140835,0.390686091205989,0.26944965160724443,0.25951232515406253,0
0.00897258528005198,0.9281856245108316,0.05661367963419543,0,0.25407794325428235,0.16688973859001419,0.05056682107023288,0.16320209309991202,0
0.49971659927264045,0.9980470748742866,0.01691571546468006,0,0.1325822542895265,0.22974286174532665,0.034082408180099354,0.24041623594765646,0
0.03252235470104065,1.0908053115622016,0.06695871158296834,0,0.09100066059613024,0.14727676512020654,0.2818960386029563,0.016910927708531996,0
3.6768483438203763,1.4189795208084557,0.02383637962242543,0,0.4810373078475942,0.709578384868972,0.8048632751130504,0.797663590636713,1
3.1563943544831226,1.3607025013687708,0.002106834818127476,1,0.22779312260672005,0.5199203736245409,0.6315800971589428,0.6057520885882587,1
0.13580977949717737,0.9206434476104414,0.13555768040021304,0,0.06978094534661151,0.14750297477455457,0.15990597680386903,0.10657902744162412,0
3.30492580725544,1.11456773484194,0.03594714899871361,1,0.5296939847973678,0.48961219520283217,0.6519023980894686,0.674430428178034,1
2.438642675645193,1.3051611869477922,0.016037266814419485,0,0.8497694562862064,0.5051330118617954,0.6999884442207349,0.9457141075602106,1
0.7471706480864032,0.9270805484350255,0.027549414919432264,0,0.2346858420622026,0.06573674364749969,0.2092962029470932,0.17949618178113605,0
2.3999068465761626,1.2258501533521535,0.008110237368144039,1,0.8968846196538808,0.5212735938667835,0.828213427073618,0.7365106239572184,1
0.11304694680186325,1.0753556004641511,0.12111598181633408,0,0.01555962537259565,0.06515107721910082,0.06559265136411022,0.20073677215305286,0
1.2235061852577969,1.158138774770276,0.025402183602443562,0,0.739317903828573,0.8227703186576572,0.8505840434714682,0.6610787914792993,1
0.596165533894104,1.0186443425172798,0.12438589467263378,0,0.047057527216421445,0.405970848651633,0.24914872471318955,0.17720492304875177,0
-1.026294755831666,0.7949277478016437,0.13999018008503578,0,0.25352666959635817,0.09774946203104544,0.06542671361747247,0.1716641224499352,0
1.0843459936571083,0.9937236866829249,0.1600421778904988,0,0.09944006059512688,0.19084046952923694,0.08944112778092005,0.24167915357966663,0
-0.3216980399290907,0.9605890145138853,0.21650370893214538,0,0.06752442391726475,0.14585324897508023,0.5388103919738421,0.16371177458113317,0
-1.4650943729988553,0.8905391230721333,0.20134108284254715,0,0.09946664515252975,0.23380498448657674,0.1399073400165135,0.0777670014133534,0
0.014623441135131934,0.9100391635929138,0.10586695550236724,0,0.04686390361982277,0.007670721692843615,0.19678496697475686,0.03012893050493945,0
2.824793353636533,1.140814341655164,0.026607216957027065,1,0.8853745427533138,0.6333412424323358,0.2946585495110318,0.9344509049836105,1
0.4772284095919575,0.9325696910753949,0.016955485575236712,0,0.09343046660820842,0.4573179762983913,0.24172364376014957,0.1390729091815007,0
1.0374374405783262,1.0003430282707417,0.1938019284447735,0,0.3868641520589996,0.18281178608923515,0.05973443460582109,0.18179090093214426,0
-0.34575795244675744,0.9285176115224216,0.2150960581568664,0,0.0725492241340658,0.08091724221150616,0.30724443180669525,0.17588029549842377,0
-1.2679373921888382,0.8474547992401968,0.1164714729160545,0,0.00720723344211041,0.18322027541409747,0.028007535379863998,0.4187709500462318,0
-0.9443765137562681,0.898634603567976,0.023087650349151743,0,0.18180377215825336,0.19346788042275156,0.18160392172906226,0.02310343242996654,0
1.5023401421527824,0.9614413497635557,0.04237068802732801,0,0.14668168753778338,0.17375891545584707,0.13805698918410947,0.156488136727951,0
-0.9675538014437737,0.89512848510398,0.20400090417721378,0,0.0327432846451423,0.08992725419955543,0.059970109276063964,0.24446411089651587,0
1.075890705016141,0.91592145571694,0.0949635434782638,1,0.10648989805835374,0.1357771166028711,0.33792866560163615,0.04200225488894295,0
-0.4454831645424252,0.986148432048835,0.12392281249800104,0,0.08426003240672783,0.2171742940706841,0.012526829896122412,0.004260608476469063,0
1.0566712603117403,1.1641160298235407,0.021078651335138483,0,0.7391886767672725,0.6186221639501084,0.5880530669228472,0.5278574739909639,1
0.26667786153971146,1.0576226317134174,0.09410118660140236,0,0.1385229118734958,0.4793912621841383,0.13866190702903758,0.12905866649867215,0
-0.9146715097361399,1.0495395934051277,0.07608585790576526,1,0.2650563121730701,0.27843903207817483,0.08939321520296908,0.2682884504188752,0
-0.32868561431294796,0.9588583717640489,0.13659697908306254,1,0.28424136702080116,0.301935482985956,0.0413608546907086,0.14304259175751702,0
-1.1804240258142211,1.1600720398347426,0.07030819186793466,1,0.02031947902991526,0.14008274073623242,0.33041985649296846,0.09627295605747466,0
0.8698222663213986,0.9394890521421487,0.03704147544214853,0,0.5569414123982804,0.35301368994828014,0.32791303417662404,0.6901843398404108,1
0.2817953516504879,1.0034783502936073,0.1482221039490279,0,0.05814286051381752,0.07812690813313976,0.07516659529476571,0.4019041685363942,0
0.33017780609859637,0.8494385945046049,0.20738598353499155,0,0.14629869320779446,0.28450784468556334,0.03223419598829368,0.026671095536757186,0
0.40065275963381347,0.9527139311717577,0.018064744076368974,0,0.29045461464162214,0.3381876819932415,0.14850574721754625,0.12717331658438338,0
-0.05508932421572196,0.8839052503689635,0.09125892575677819,0,0.09942281085964322,0.19096094230199526,0.11626918004650884,0.08487132147759247,0
0.3417497172395979,1.0314363096087016,0.15194398776507478,0,0.19299657351167687,0.12271929398327364,0.21997829137758906,0.1807799862199102,0
0.9279906144101233,1.0388359748492175,0.09623683881079863,0,0.05830427560860643,0.49837073674356974,0.33053008113101395,0.022631132221176405,0
-0.11818447974522313,0.8704363097293465,0.1351019253582239,0,0.1315242210654267,0.3358774022983467,0.31776086645181,0.39025352415750825,0
-0.020053477311521836,1.004271118645954,0.043709186487516954,0,0.4101708114207508,0.15395809076092296,0.1679037563176314,0.016797949800591513,0
-0.3709310811807022,0.9320448538226435,0.18515670014375535,0,0.03946984743129732,0.19955736298176058,0.42133844902952794,0.0730378734156405,0
-1.18282268162117,0.8976930365743652,0.15604625638515618,0,0.009573824438564473,0.48584126520008636,0.0486853261675501,0.18001264870269415,0
1.6743120223412826,1.1290409470343161,0.004437233061827788,0,0.7396219162542782,0.5088834238045657,0.6568346642294882,0.8226310378164856,1
-0.3430878135143957,0.8992823440877323,0.17286825140708678,1,0.05799190436633966,0.40939704955436296,0.3010299952566197,0.4833498180617641,0
-0.5828587826132986,0.9813454717036321,0.02139085636794385,0,0.34839862546667094,0.28499880750011264,0.2591308158364798,0.34589633931401065,0
2.259770125919805,1.1446333000492888,0.06288985156742855,0,0.15076822887267727,0.12013854734983298,0.07528529890803447,0.5609429792069527,0
-0.024412617258429317,0.9114022169903754,0.043078160081568354,0,0.14045740881089158,0.2999374779890722,0.03189859193767741,0.12249974242307766,0
1.1026309931849962,0.9965350408584319,0.17901115363003117,0,0.27110582799997784,0.433943361767969,0.14558656310228127,0.030685660743325086,0
1.912002757886263,1.1320402791313728,0.04287776708646932,0,0.7423419083182113,0.19334221356704892,0.42225619192257935,0.9416941876933627,1
1.789979457905305,1.3202366520034876,0.018418534416627476,0,0.5260022059194857,0.6853977605302423,0.5649786507742853,0.41441486128294214,1
0.36282353482550395,1.0405706669178527,0.02314079755231068,1,0.02737946832726911,0.17342736511765444,0.012445129695812695,0.06442835814110251,0
-0.5015098214359476,1.0234540550574942,0.07726338958452429,0,0.1758742937272043,0.2553741260330146,0.14288593344457842,0.3481784999863773,0
0.83905029289351,1.3492873762951894,0.017008143496562517,0,0.6512610708518328,0.40999475830102794,0.823552698147224,0.7276788968023044,1
2.1331927100061576,0.8145616619690276,0.040643226516462724,0,0.014299966789782749,0.5803027878104875,0.0747849056998183,0.2762954351359269,0
-0.14531534538193336,0.8988650570689722,0.1162673719294157,0,0.23434955845147568,0.23530675017863006,0.21376463071592916,0.12297314937764772,0
0.6195036794956564,0.9497876254785448,0.079856958514475,0,0.06006674025533685,0.1788849606101204,0.3139157207456924,0.4367491655078992,0
3.0679253032003553,1.1496373417471781,0.02871292209587742,1,0.9585922474683748,0.7192219529514349,0.8940618595477176,0.49057921784372743,0
0.3408509427663033,0.8896573774070409,0.14919734467066992,1,0.18482285049707736,0.41020531057876286,0.09871160524900287,0.4154830139435688,0
2.1118483153316676,0.8467018355365883,0.10032449136162447,1,0.12438817740934997,0.05849371704143974,0.13199546405888357,0.07618800087854272,0
-0.7052957709003747,0.9507016765502433,0.14911833488879017,0,0.3243602789370021,0.23445207389121903,0.22627431937815123,0.22656145241210002,0
-0.015546021391185494,0.9763511225282381,0.08349931958869175,0,0.12145836087673297,0.0812891985095487,0.2631215498385282,0.32834009966005684,0
0.8835938620174332,0.8479943421453592,0.0862862562896597,0,0.013310528930964786,0.3338579794796246,0.17141077657161766,0.4502302835018987,0
-0.6364523007095928,1.069913150816916,0.1308401272534216,0,0.11166265190049897,0.10338975895323936,0.06822680673204215,0.17632289231661527,0
-0.43222131674706804,0.8481755617260562,0.1359160508601499,0,0.14568794170055027,0.24936336160946107,0.010562464932013292,0.023952949250220096,0
2.1231300978179926,1.0471131804616174,0.006963806173185232,1,0.3668541391824188,0.7018070385926468,0.8401260301944004,0.8701201991469667,1
-0.4274510328494747,1.0002227541516155,0.0474480253933716,0,0.10712230156450869,0.26228330983224407,0.08849234572251978,0.14032512311734674,0
0.9045987218971914,0.9636393181064601,0.07179021701827298,0,0.12518059783939287,0.2440176019841552,0.21173431749578153,0.14223741976580637,0
0.7090723598492445,1.2719243576981007,0.031880185505296636,0,0.6337154649792174,0.817288135690388,0.899771349804483,0.8078566385448398,1
1.430090331166693,0.8702775882059978,0.20139933390834486,0,0.02797081480129807,0.2867924278268578,0.07045744616270679,0.15412238302301087,0
0.1078520171859165,1.043337973124708,0.13937131125556662,0,0.4923754404870555,0.18348300479512353,0.012285588743277785,0.348976628966707,0
0.09265880418477263,0.7574203131824251,0.20781014672610426,0,0.21736561858349754,0.6229241100478986,0.31481311310637417,0.6947108741997137,0
-1.0127315337779603,1.0169128463572397,0.055759848708728396,0,0.024448643424445887,0.3416623099266285,0.04176394484028787,0.46015159638249387,0
-0.5383897047839378,0.9588720827274663,0.0902706319584149,0,0.09809124541120762,0.5139044848866291,0.13687153669964378,0.19251770177062075,0
-0.2423482451577602,1.0241702766894496,0.05740160767640474,0,0.13912434575409463,0.20485704607861135,0.20943333459459149,0.26060753821693755,0
-0.694192318635874,1.0356695714947317,0.02358548073694898,0,0.054299645215291265,0.13087543988883016,0.020107549422807323,0.25292610416032646,0
0.26546405048183935,0.9774241871798981,0.14575354674817909,1,0.11590084740116668,0.22997681197673875,0.1464007417514082,0.22589999539504765,1
2.5835629322197606,1.1832976783662514,0.0024901357248727695,0,0.8535928810923747,0.4031130937523501,0.6993193804738159,0.8723470290760295,1
-0.38486781606943665,1.089182303256788,0.19272291378025502,0,0.4558543317002249,0.29628056077045295,0.3294673609788451,0.20717007074696714,0
0.8133567914000014,0.8755488408161123,0.1198444632918254,0,0.26925608203745616,0.048777908019875055,0.04915425080769349,0.24771097796699204,0
2.450436276095372,0.9792126151220782,0.018517469723847865,1,0.6044138257377373,0.7297703449625806,0.5056247428364857,0.779602760258496,1
-0.5306077791446118,0.9286023115151302,0.023651096059166182,0,0.015553169567918619,0.37475749243720685,0.19571706673897127,0.5279968266913218,0
0.9762400735930793,1.0225704001225167,0.11200870331130175,0,0.09837906134151443,0.3990344671314861,0.0978869152800822,0.207228036673099,0
-0.21263014202398972,0.8644381648187172,0.21599651354552957,0,0.013030916286936225,0.2523457716438924,0.3221438662798322,0.2353183685154971,0
2.75036056745921,1.1929683853319981,0.01298504017753397,1,0.5443836068137896,0.7605180198612824,0.5200834493163083,0.8765207591314431,1
2.484207885781108,1.1838587580652884,0.02839695175586055,1,0.436499231318542,0.7913415648755829,0.49872663138708806,0.6221228787319513,1
0.8350885730486104,0.9953045721359396,0.11278334265252588,1,0.3777194359260985,0.31387610095716645,0.13784466227847678,0.32490367193316305,0
1.5157539910141626,1.0025604959057555,0.10230809678251977,0,0.12920301646224444,0.6615586954750403,0.1901134423822018,0.20004344210949446,0
0.28512547811047045,0.8741337574221684,0.018797538232920952,1,0.34158261982631966,0.22691543909759668,0.017685736747995073,0.18788265348756314,0
1.004188916748992,1.0115614793316232,0.1800286271130987,0,0.03149705909889876,0.33369889659451707,0.09629046208369169,0.390288725264989,0
0.23051227750784858,0.9204027615705541,0.19150680836814282,0,0.03569893953738961,0.37791783260801065,0.09414697129048445,0.035542751811082345,0
0.5135429176754431,0.9787219563482518,0.03741796013744317,1,0.032054738428791064,0.4988198200921051,0.14409089195951885,0.20048912273390704,0
0.7413863206552962,1.2297165494145286,0.02243699909975845,0,0.44130672985125463,0.22190428615356333,0.7962952831975394,0.9271896970862343,1
-0.31726783571939626,1.0311229697823914,0.11627239247285766,0,0.19869010035529766,0.18819995936997663,0.21549586208878985,0.03164873705649123,0
0.7821586724005747,0.9335368620537954,0.21799561959609015,0,0.06234613437564953,0.3245915588128746,0.16914934409658464,0.0709472652264806,0
-0.7799487917598629,0.9535297201707631,0.1970026162688429,0,0.32454816419217186,0.1861007662526677,0.046213958645159425,0.07463768163212704,0
-0.5364403128452353,1.0456488447983348,0.1832181700634392,0,0.09877818671568792,0.26879623862542135,0.04581308569283702,0.1677275921197074,0
0.22494587141960243,0.9997120094187153,0.13993628595209218,1,0.3781913293425397,0.4442829169421781,0.08971489051800637,0.061355519934961,0
-0.19659377364637382,0.9116912855010436,0.0501972685913407,1,0.0210534440262132,0.25583211475514006,0.2675434236557859,0.4984849923256371,0
1.307976708597391,1.1944978564860564,0.038573981323028084,0,0.7250207826349611,0.7366957133710149,0.7741169803978075,0.5613413917962092,1
0.2677660444094307,0.9114507857714259,0.04794623658415206,1,0.31982467738001763,0.2471361052191928,0.044312004370889314,0.37732142184628825,0
0.02613751209570481,1.0617882800085414,0.12499852895586716,1,0.014966638920064853,0.15764333786679643,0.007263661563173148,0.047684862509624525,1
-0.4037618479069044,0.9046119380612965,0.038713420847863896,1,0.11494039401553582,0.09505066014910606,0.03241548241265444,0.14930374402907134,0
1.4887824534542453,0.9397789395923052,0.016182985565058438,0,0.14235499631431053,0.24802163091355678,0.12106783743530575,0.1106578558531106,0
-0.6111324191182442,0.9984595663814386,0.11867717116286611,0,0.1998491620770758,0.04570620012834675,0.33211814518717186,0.14187819842488159,0
0.5128292804160515,0.9464701851485746,0.10743524888409538,0,0.06140027884686889,0.11537353091675548,0.19396994520396113,0.1561891618729999,0
6.551427277162922,1.266219121550454,0.02992480780238868,1,0.7309228111988109,0.5449955496646738,0.4993863424810927,0.7561967936949998,1
0.3930425463945,1.0320426461865273,0.1361045128773783,0,0.2946416012680994,0.051524415658967516,0.09859392625158589,0.11689002759527642,0
-1.3136719559786971,0.8778904633867286,0.06567724511646975,1,0.19256390646356572,0.09510304740457627,0.048088714966883606,0.04749442163142964,0
-0.4080672631367489,0.8677206059212172,0.1637048683406757,0,0.007341511732555188,0.15095959885096527,0.2077788513842433,0.21954789352819667,0
-0.7767867518357784,1.0762093396388943,0.15098933524608105,0,0.05579686491193816,0.4117862066825736,0.26334107631267073,0.4533505682090617,0
1.1200220343271787,0.9050388720240402,0.16249139741924318,0,0.019045071581699963,0.031568762446166264,0.019245716924507866,0.19818440918296953,0
1.0473645350637648,0.9884535158850584,0.21498310244928487,0,0.07257402533826869,0.16393592183142,0.037801286512833175,0.15164743927098354,0
0.9004664713302482,1.3020043541519901,0.01604843048267788,1,0.3583956363223943,0.08190761509167005,0.9399412699903159,0.690463278993485,0
1.90058641694629,0.8755928505458643,0.02889826114476308,0,0.009115891060519982,0.43664879452820377,0.22235734524223158,0.3783973232685603,0
0.4718968304675214,1.0087124285003706,0.08244617458075774,1,0.05379801450747109,0.1951803185848561,0.10386171996540036,0.15009953819693814,0
0.04696298833014316,0.9708270678313833,0.11171004342512925,0,0.0751874612349858,0.5904133915582369,0.1662470060713115,0.17414332517292005,0
-0.967799591793324,0.9849192687038232,0.1847960807872776,0,0.1490844829198975,0.23549755872048425,0.12636576365819657,0.2390878913625684,0
-0.17711815191365882,1.0443113241836706,0.18551598653795764,0,0.12704452121079965,0.08699035784426844,0.1339160243100798,0.0804853526494398,0
0.10329659061303945,0.8660896028472822,0.13497847947951855,0,0.0984075270661515,0.37002858509394526,0.19074764130134025,0.14216454988032548,0
0.34077134580442614,0.8484403944912591,0.07085577272678469,0,0.31383064368228963,0.1611965057999332,0.149054473956087,0.28611461116493436,1
1.42946502170232,0.7979353701510898,0.06885212852540107,0,0.1602228870851789,0.19193416053257376,0.11937469801533947,0.13938786637008224,0
1.4449409645157856,0.8531614744720086,0.0522707354617247,0,0.45571678881095706,0.14843542412184538,0.12662808146619847,0.37914523517934967,0
0.5581453333042403,0.9433065303023627,0.06783981920376247,0,0.024901078523146585,0.15153121819979554,0.2910268754477171,0.12846037207239652,0
1.1153913170725285,0.9614343563117367,0.028725194403100937,1,0.7952654770767392,0.6168493478467724,0.9767009091806028,0.8267468837476522,1
-0.9366475782056816,0.9215332968390416,0.07826969294740989,0,0.012830344572750696,0.13832127985146303,0.052849314343829744,0.0953094768688987,0
2.235541724630088,1.0766453579752053,0.006152132044504784,1,0.983585710784062,0.628501543589786,0.7817000466657975,0.6216382353206589,1
0.2516832336293751,1.0405955178556159,0.08051583238329965,0,0.12351302995834601,0.30643306264044995,0.15791216096608598,0.18069610886730872,0
-0.018355921278270487,0.8246183334685336,0.05373061182181523,0,0.23412622270804354,0.5265254170409328,0.008295314397545838,0.399106693227231,0
1.6327584357756202,0.8474445279589464,0.12192790016317993,0,0.1429907898172437,0.3748404810719315,0.06682693680994907,0.17464917337759361,0
-0.21252437481394915,0.9829863123522407,0.12295196323090682,0,0.13356433740555104,0.18281208868089358,0.13870624694129857,0.09995258258506202,0
5.256670701793219,1.2590364364317428,0.011467628795854282,0,0.25643685619929507,0.8574894906090236,0.961834580431438,0.9215020083584774,0
0.11077538421913147,1.0214565773305389,0.02332007098761249,0,0.03278931573737558,0.24643932360820187,0.017891423238176125,0.08154133550208767,0
0.9939233311395218,1.104524926767395,0.014481182984038287,0,0.4240860008118553,0.8223003928944116,0.716808480229557,0.4504636805862316,1
2.1089252654013455,1.3413858985003284,0.0034736159589308317,0,0.7405733367310356,0.7103379634693787,0.7446734457050327,0.48823256864258285,1
-0.3943809248451813,1.0330778985613924,0.12382610202913755,1,0.06399454016641182,0.09249245759343677,0.20093649260538826,0.22704327259068088,0
-0.35649352854366045,0.9521979693003501,0.07476097027099443,0,0.37647172357424485,0.21340323574231923,0.1324217550803693,0.47763201838749125,0
-0.22859179538259128,0.9641328781480863,0.17028115539823613,1,0.18515314148832718,0.20078191410020235,0.6774405076501842,0.11641601900517215,0
4.595242668766262,1.136511208379802,0.03688373162637237,1,0.6636542107069804,0.9312677066680273,0.45178796312819186,0.9109391474319479,1
-0.4204507184671356,0.936201423930092,0.1561000646775873,0,0.012119379326089749,0.060060090775167496,0.1898298988144852,0.3526346001560014,0
1.9046731323937884,1.0734825076118428,0.14716759536327262,0,0.11163448339075659,0.0883595126816228,0.3503093424457429,0.13727480204116635,0
-0.4220682396517963,0.9877367982083936,0.13765274551768386,0,0.08857422772965715,0.14456815702366752,0.036367841335913934,0.21201294468029092,1
-0.04657192960380599,0.774374752141566,0.1643365438395114,0,0.10301063442130164,0.17384827978400466,0.028875357196303377,0.2672708535328905,0
1.8182526196247504,1.033101729710847,0.1658704799056115,0,0.07564663644794126,0.4266467620329678,0.08592304986684568,0.08895434176545826,0
-0.22099332603035993,1.0206337479938896,0.054726771654787745,1,0.05090101672607884,0.2584740287885639,0.12092943331952634,0.22785876550859196,0
0.345875998693716,0.9410755770224842,0.1996860847047331,0,0.13343661659879547,0.2591451714036891,0.08612360191205252,0.10821530312966253,0
0.621249321705593,1.0247135415514175,0.017334881958153324,0,0.17940113919644143,0.43724366861362085,0.06018869068405548,0.021901926003627368,0
1.130372517149983,0.8703005007924486,0.016894525623130444,0,0.11554169889089876,0.21428377677090363,0.08688078296992278,0.19962976495739793,0
0.9229184332219735,1.2427622834902539,0.019570324359474506,0,0.6558260581258226,0.7022098427810911,0.8350405689559538,0.7418295635896593,1
1.917860718780895,1.0676980604962198,0.11026134103125883,0,0.1501561837090845,0.6165041838679448,0.27825040632813425,0.02716734872055829,0
1.4774151345308169,0.7274409424542687,0.11756255705267554,1,0.022628428692993422,0.489769838216753,0.3416873741080542,0.41259653020451814,0
0.8145269737844123,1.1601367103923055,0.04232715388529529,0,0.5189339093942125,0.5640212041864077,0.7826882994371083,0.72251814176682,1
1.5044424614020961,1.1464322091960841,0.03577490799493406,0,0.8492991530945585,0.32811559855803873,0.5974877497942548,0.8958764229903143,1
2.0038484457480323,1.0018578548589627,0.21039054556413284,0,0.10213765122601352,0.1854051478267514,0.39926466266841154,0.4140410673882234,0
1.0346690918644028,1.2713334843929824,0.038832161385438456,0,0.6222012005688374,0.5625296761987097,0.6841399135585225,0.6270050883192088,1
0.21291940283333627,0.9995764523020025,0.19247408360689272,0,0.20499744744540369,0.07185126958478226,0.19645084404991756,0.3620071062294396,0
-0.1488726395799007,0.8526297801211907,0.16703575281661232,0,0.15633763317898183,0.29701429530287493,0.02096953940898103,0.10304042110123336,0
0.032325980965986906,0.9751462645833899,0.1489995776631522,0,0.15353900947373242,0.27716698791100614,0.3647734564513236,0.0678029824577863,1
-0.8642396370805573,1.0519737615102998,0.017615078340023262,0,0.03247356354890508,0.6250496266779596,0.09071650937483344,0.3062333427460538,0
0.6196386359799597,0.7747084909624898,0.15922330973721377,0,0.3648305006494539,0.3949549778602224,0.030377134366353135,0.29814512373466895,0
-1.039914579786211,0.9520923839008555,0.1207689050977118,0,0.044512817713767514,0.14076676883187614,0.1411223045365741,0.03971533981389516,0
-0.4434419154325694,0.9252901229616648,0.14290884282608463,1,0.1982058685351463,0.1355407592369608,0.04963566961118596,0.04481219099296087,0
-0.5961270016728416,0.7833375379017398,0.1312684330222454,0,0.06962637838481239,0.49937281208485335,0.07602425335915987,0.34440082517091675,0
-0.23594358708061064,0.9247792636490879,0.16162355496393982,0,0.0025478631726722004,0.05103000225455855,0.06321807717416741,0.3363974884833353,0
0.43447492568451634,0.968943932656271,0.16795685053892168,0,0.01891014359625309,0.18045218320549122,0.12271487631308577,0.21585816492768153,0
2.4584154789026433,1.232083090970703,0.016180718112240394,0,0.9006887271049406,0.4671525227089978,0.892037682905438,0.9486115172901801,1
1.3251835463768782,1.1075002519318613,0.008712217217933145,1,0.752626521212306,0.8315489572251287,0.7119078628928325,0.8877964634757338,1
-0.40429742910539573,0.9357319946018292,0.1332766257748007,0,0.07834286018425389,0.21900046551453434,0.12376313748144656,0.3607083212995327,0
0.6994062546135292,1.093988773833125,0.21829297583049406,1,0.23378967086223792,0.2121201699175143,0.06418213436646712,0.1738175836254118,0
0.9176784514595216,1.0074053819077864,0.13199005088975563,0,0.057611700295385475,0.5415955150584592,0.2470460688032061,0.16833750759010827,0
3.0009790007974804,1.3486187344319789,0.0025769894441498723,0,0.8665552515232905,0.4779481239043334,0.5012886924534439,0.7184151312979252,1
1.0156802429894107,0.8756931603708523,0.11583065863559522,1,0.09103194167458023,0.5216029523933193,0.3469897288216228,0.22000460911458877,0
1.5560537362009987,1.0426710373651387,0.0397218942268008,1,0.7046185168708977,0.42137105506094774,0.8413412042618396,0.9638140380219578,1
-1.5717823938220177,1.027581950062536,0.09889616262600645,0,0.2788924945448866,0.22001302624166313,0.30964806102802933,0.43569985586753845,0
1.2006066763465688,0.899223750601577,0.04559994259719569,0,0.11480734539093858,0.11986619027009586,0.14268067889524969,0.07197880247696628,0
0.1159861704695635,0.9551196822515693,0.09924692464736018,0,0.14089723662422696,0.0851449409873453,0.30613475306379834,0.16802446815945274,0
0.7280074589940794,0.9123572051852912,0.03341427927727723,0,0.2930117611170067,0.2122748234825841,0.18400859661614657,0.11357919802970716,0
0.5117768780875637,1.14749232422501,0.07242749434895285,0,0.1841437108687909,0.06786329334181038,0.01732304085498512,0.027081257049274266,0
3.0216578426047986,1.2090629192472235,0.006064997600970265,1,0.7342057413077021,0.6058515325351436,0.9419434757969346,0.9350972146890755,1
2.65628080145797,1.0954589441648894,0.021268192942262037,1,0.3815143908257745,0.3298210437926407,0.7178190008203368,0.9175952603595053,1
-0.8462338553112061,0.9554367066517646,0.13617455300980089,0,0.05072759467863135,0.1561600654390607,0.06874298365116682,0.18577648515513348,0
2.7223970618991196,1.195416386251031,0.032139861918355245,1,0.6479272019129984,0.5404336223052961,0.7513699732614452,0.7535722252774206,1
1.40068381157088,0.9376005358500415,0.18160207389203542,0,0.06836653643455767,0.3223091648432102,0.18787771747394127,0.20444373046120826,0
0.07284957848816917,0.8154366884054547,0.17203530940145578,0,0.09801832231461882,0.23133737316754585,0.06249506554097228,0.2796603389040066,0
-0.06813127038307425,0.9533827980882805,0.08148430109449402,0,0.08817342690160775,0.13569935481882978,0.08921675737616688,0.23399088487384456,0
-1.6305386733325733,1.0207769836387335,0.04160550797313531,0,0.20773491008010656,0.4115564975876644,0.2823085317557852,0.14009545747739877,0
1.3474117585921104,0.8934350956120114,0.190629639033709,0,0.04979203745453368,0.39271505502073006,0.23033114128890048,0.3730828910198411,0
-0.27170088052938446,0.9880932374101667,0.1148382883058291,1,0.11034519193017223,0.09995231446395472,0.03042957310341685,0.04916058160307196,0
1.7927667827877163,1.3405149524535684,0.03904670637055689,0,0.7294205867899889,0.35382555091721646,0.7223475679658858,0.7266456125489462,1
-0.2733628817083536,1.1233660832114996,0.05493272954200499,0,0.1890784267136897,0.10542128248203714,0.07374892291569225,0.23756363720354154,0
-1.140212161069213,0.9154295541942215,0.12106726441411807,0,0.09551304284833793,0.26461069852918,0.05779761337765819,0.03032150845897372,0
0.6916985871551493,0.9574175511160423,0.021723974226763684,1,0.31844997640977657,0.15413863885655033,0.12111458811018472,0.37608228501277075,0
-0.1871033944740242,1.0662445511189573,0.13199138062325383,0,0.1002032966351744,0.21799153644000302,0.21656011214523638,0.10654281774098524,0
0.23754452715279722,0.9238440502470497,0.029277402888394456,0,0.17713250865879734,0.4542500530155771,0.01515102497136192,0.06822822248849254,0
0.9386010649301918,0.99992766529102,0.045006478650738396,0,0.16251341724080393,0.52771042650873,0.15698251934753957,0.2426685335849826,0
-0.9428875291495148,0.9701014188987254,0.1633340435901961,0,0.07398369064460684,0.3472623141545336,0.36655889628645516,0.09726425573049456,0
0.5635516974975779,0.8606202773160616,0.15760635445630866,0,0.045063537780428986,0.1771448463931746,0.0835965176679384,0.3769296309265394,0
-1.4448648401643922,1.1370024831517793,0.10004360431182698,0,0.03336589556449752,0.3487809853827219,0.14607248297381387,0.18815030579221714,0
2.8944865093665504,1.1811780570849082,0.0192860313651931,1,0.9421920007403399,0.44106091845890355,0.8941394487388298,0.9434864826883393,1
-0.5113920646262246,1.0054482564102916,0.13923307550828584,0,0.015039239279716368,0.37529748626473597,0.10064120546689051,0.10226056583753287,0
-1.3027722715838361,0.8697549956153845,0.12726045674927594,0,0.3301248992211653,0.3364462313369357,0.21818229686617815,0.15158698694316472,1
-1.0651963680885108,0.9012613342423169,0.20449264096972908,0,0.1767972114118816,0.2109289745642141,0.20209316153541568,0.06975551159197202,0
-0.005587779874116031,1.0758237134766293,0.06792242436998805,0,0.06878679967538291,0.2755662918929933,0.03779575141421783,0.19353646004972488,0
4.40987785151484,1.237249799906549,0.02071479865469348,0,0.6000784675433267,0.670889870217236,0.8398382481042377,0.9055063607591901,1
-1.1046930017697127,0.7687756506024449,0.08003731937218851,0,0.24887310481373687,0.4421671132435278,0.018333499440751477,0.2555913597375022,0
0.004815844662429701,0.916719450737368,0.11368345590842764,1,0.2675165721205711,0.32408196422040925,0.1274027175172024,0.09199763650991226,1
1.7043653091156103,1.0648153526464716,0.09022635552248404,0,0.045228051243488505,0.2196635400056164,0.08439095357291909,0.2282593748213547,0
1.0968473769394638,0.9520724559806985,0.1442706829482514,0,0.17140371849990937,0.08690948897817029,0.24880793634883935,0.2884911082905513,0
0.9881253646552537,0.8396525138249177,0.03503543751188536,1,0.711359636086584,0.7657832847927091,0.5359090176313575,0.9584167016575207,1
0.5390241731419416,0.8957740444839326,0.07961943116234364,0,0.265389246440396,0.5563719005619358,0.07791789915519366,0.08305545738063232,0
-0.546361383051262,0.9540821709124497,0.03863672351950512,0,0.12084366195061522,0.06107416611518841,0.28963547674872225,0.18244785619517057,0
-0.04289957763924661,1.0497899374962527,0.2196763529543737,0,0.28760200809177044,0.1199562866963027,0.1369405442519498,0.12153226530208844,0
-1.3230906831130853,1.0073153721401484,0.06721770259379753,1,0.0319608022416951,0.3049152273660788,0.22384020016964334,0.15597092324533926,1
4.8178828431101115,1.1468318655346432,0.027594380805729436,0,0.5941476711378737,0.8811444852504516,0.7673449658650642,0.919579514918758,1
-0.2984175848105632,0.8294388091978866,0.2171357252802681,0,0.10015607892464275,0.3460566424733322,0.22532946313239938,0.30341624362270003,0
0.9174912051154188,0.9494264515484502,0.053032824927832435,0,0.16511904514711265,0.045254063056255546,0.1290231502831311,0.3624655641792229,0
0.32981680903820415,0.8759887408318283,0.08174413216639735,0,0.0002674943530021677,0.06096518228347052,0.12245501421941427,0.02784842773577242,0
-1.0386769168220849,0.872358448892355,0.19695042972231924,0,0.20610845723374596,0.2344720997437684,0.21190834469971803,0.15452155250409325,0
-0.9775202027201546,0.9725702335192752,0.04383393454290169,0,0.5658030839030675,0.4218097997335942,0.046375556243978135,0.14455117352450456,0
0.11029164550238474,1.0538753821305955,0.10500099501599183,0,0.12952840605495997,0.38217579325309636,0.11580012033007127,0.3595991012992815,0
-0.2516240030543066,0.8583238623126174,0.035665475413512476,1,0.2207102446442393,0.35021402211326513,0.44944094551984504,0.12144425659824686,0
0.427579199516325,0.8334258589323098,0.11583457168946887,0,0.08322153093960566,0.4145006214545074,0.22191763281000781,0.11307909829063356,0
1.8610434011306887,0.9324748834636618,0.1934320949366966,0,0.351874637278704,0.2840010770681157,0.2696766548657115,0.40054495421763453,0
-0.006333815109570172,0.9839718150269878,0.04403032687666936,0,0.06241416392018697,0.27346296547470134,0.10137278547886143,0.4332322976825335,0
1.0639085265929817,0.7605383343735937,0.08412641720963532,1,0.10567135706475306,0.15409511264229336,0.1620358567680723,0.11681139699481076,0
6.377157355321429,1.1289174316927109,0.008578960952265836,0,0.9295010317203506,0.5794281151078274,0.536153562908819,0.5826459385885633,1
-0.8035132038017806,0.9768397039137202,0.0669677083016835,0,0.2692481550238522,0.24561186013224903,0.09210226826092692,0.16143326220812426,0
1.4455902387013495,1.1181783365497133,0.01741905344145356,1,0.49568984464755567,0.7333417050845463,0.3170457866048673,0.9618751340106183,1
2.305826180418115,1.2948226242458318,0.01083814624179727,0,0.4821044000338527,0.3311527069279268,0.5135157642949147,0.69497946460425,1
2.017909107210123,1.3535913732807827,0.03493707166775112,0,0.7457274352426784,0.8008291674760248,0.8645784967975498,0.8540695273184368,1
-0.15645166966122498,0.840307294946828,0.08595198436039099,0,0.027497004692049024,0.5253721812182287,0.30419139391167643,0.3804907188799035,0
0.8794851007320135,1.0253469609144785,0.20634973069215878,0,0.07463153071705513,0.12200022270197211,0.03343017080470242,0.5006333604080776,0
0.22758413666503602,0.9017462479224148,0.1765643826887699,0,0.11671556280562637,0.33732604221637497,0.021528430583906494,0.08460617878864785,0
0.7641398484969918,0.8763103131949996,0.16545367590897864,0,0.0419144548634307,0.18118194980882238,0.06789207377321012,0.1088928024712273,0
-0.17084930440258345,0.8829813947772309,0.12496412853140625,0,0.09372362956656849,0.33637393117739606,0.07115898320647754,0.07050090546552612,0
9.73149401301609,1.154824497491507,0.04388038066722902,1,0.36094033430813255,0.8562982012126892,0.8280566426108006,0.6614603061420679,1
0.2206234549388691,0.9586711726139272,0.08638728114001058,0,0.05887721951246142,0.15712615903382032,0.26061254690073776,0.30562234832597307,0
2.9147844314482887,1.1626218389654344,0.032185051050552825,1,0.816392899864265,0.7833740989399727,0.7177997627068142,0.6657099022586392,1
-0.007724511933693286,1.0914702524643627,0.10693947174053993,0,0.31545288957418405,0.04545534407816484,0.03184946781647953,0.12771367717862084,0
-0.36604775983453824,1.0256126549404387,0.15044911558737606,0,0.08847675572958194,0.30038058202350015,0.10916135200806566,0.016547668534274716,0
-0.9420629348527809,1.0418273177240611,0.14310910630663354,1,0.39298370025082324,0.27109545841910254,0.057125639308221475,0.20545085637251095,0
0.22686905273132313,1.0428870120837004,0.08325480062728653,0,0.0919637551921118,0.29907135661552425,0.08524083230620441,0.21876458978552038,0
-0.9130762896935373,0.8165514837972339,0.040789478950940525,0,0.18038179051241032,0.07726091091827295,0.17543167932701084,0.1361330495173437,0
-0.579752957193327,1.0871871182544548,0.10999515680495249,0,0.04827839535351182,0.32510558201730827,0.21881626324056927,0.23738878870663416,0
0.44774658461246813,0.9441443458896224,0.18130226447227837,1,0.29234175046029326,0.15057187912488523,0.09907505447921736,0.30261835122143416,0
-0.34304776243653595,0.9586395140412934,0.21098404064974624,0,0.11839699374689748,0.39526084845630793,0.08643355962811967,0.06989205847238626,0
0.4163470584120816,0.9983488762743538,0.11892067379582485,0,0.2575679508547286,0.17642874868712885,0.027731078070065248,0.3952953816003113,0
0.2842524559245975,0.9939111585955188,0.06727574876272052,0,0.003226202401140699,0.1466332547137211,0.11513825435620356,0.07303787153704154,0
-0.8859153344129778,0.9753261916955271,0.08331455681289918,0,0.4031508695110553,0.37096677900348607,0.1631351413948729,0.41117341125355766,0
1.1753752544713214,1.3009015231549215,0.017128947907011895,1,0.8177381934648765,0.5273201235932328,0.8398446230008867,0.8745969587326171,1
0.016666882656429183,0.9572359500836829,0.05624045825834966,0,0.2586095466908628,0.3066994240297197,0.1475244987188264,0.3415445291948891,0
0.6363697922055552,1.116786980379574,0.18143164846567972,0,0.04626481620301929,0.3489546817017322,0.06970035118242839,0.09108517032022043,0
0.1236867254476903,0.9714870349204128,0.18574318695188208,1,0.05131747246083183,0.4254177379974678,0.04012735450536646,0.10905392852348851,0
0.06133316070361538,0.8596061865598166,0.1363206210709818,0,0.01493392901541086,0.10272061642364169,0.21860747969886107,0.21497604995708733,0
1.2821060756547333,1.3223604764059287,0.042465955643748804,0,0.5865564662434684,0.7420705627720835,0.9073750604765917,0.6319246334482835,1
1.1694840825080093,1.2507649597339352,0.0028578976777448722,1,0.46786484384627086,0.46916459000284927,0.8047451414039538,0.645246020702294,1
-0.4935866680442385,0.9174265149498249,0.09976048217558282,0,0.3673561876935248,0.23664975943707456,0.21983767303134405,0.10783762857251171,0
2.253991389998634,1.0924809720141666,0.014821969925176535,0,0.7252912361419089,0.6817404970437231,0.8486912218072074,0.9414468285355663,1
-0.5010130610569752,0.9545702894640414,0.17252198543449987,0,0.10684386548536765,0.303334276859524,0.31437937749003675,0.22875117982445162,0
-0.004594732433158694,0.8294931911666341,0.16976274103245748,0,0.0011784491906083809,0.18682504270552058,0.131531036961153,0.03494403202621832,0
1.3778205952545968,1.0205996119469989,0.21663744644644872,0,0.20348578097889825,0.19839200936023652,0.06505571709897978,0.1211799132551807,0
0.5373164553843093,0.9595551765081544,0.07428459615300329,0,0.021495815313257345,0.3701244022392815,0.038760023169110244,0.21674169690861356,0
0.6191669651499689,0.8808033765958388,0.17928116477004552,0,0.007288741784300472,0.14342491887313027,0.09021136380964856,0.14726434019681048,0
0.8695479575357694,0.9544742284982735,0.03654845486795476,0,0.8065939480090283,0.9273374405675526,0.9643134501400754,0.9108047703054687,1
0.0628457610527907,0.8776022180178451,0.12353432681096169,1,0.04011141010447309,0.2611287710351025,0.15867214073749786,0.20903056870717035,0
0.042824622815044365,0.8677334077435404,0.06603342258335893,0,0.012692700382167039,0.10974219244694,0.0893421051806141,0.3550807670047752,0
1.668632726874302,1.4225395453699217,0.02930800362585985,1,0.6758621046671766,0.8521066472338621,0.6758990585618581,0.47227811422965854,0
-0.673884183693993,1.0291859550792808,0.12941750241628408,0,0.2620221657820988,0.1797840403707095,0.25177973282939714,0.33717638502327496,0
-0.7380564280462815,0.9920385109205062,0.10837784751994016,1,0.22988622847436854,0.11051789868106227,0.1375425117837763,0.27398163923139635,0
0.4658548039267068,0.9591306290372021,0.1976540518020743,0,0.1887806464979138,0.11407786442614685,0.11965997728438278,0.19839572534594233,0
0.5638014596238503,1.0560425326779097,0.08405377879666631,1,0.17081887961530876,0.12074979003703785,0.19747344824681146,0.6441922668232505,0
-0.2026075691800967,0.9267919768829304,0.09330590931990393,0,0.28365195355444284,0.1731231725986694,0.07526966784298436,0.16878789760384985,0
0.11668530237779767,1.0449096771898507,0.20407309397413487,1,0.09192500879094864,0.5325464712026614,0.11288177402810165,0.3992259285381343,0
1.7140604854508108,1.0002195845992652,0.1373282129717745,0,0.010055890802668527,0.28904031221134263,0.19690871930914705,0.2549147434448028,0
-0.9199703001363755,1.006683544240951,0.20574196311173137,0,0.17859587553507114,0.17841302116360014,0.17556281478046804,0.2057369344052713,0
-0.31109842469725263,0.9751583856976864,0.0560316133061202,0,0.03777809277935321,0.09717664817182735,0.41111293864975407,0.21780125108072884,0
1.4542734970053854,1.3774443253925044,0.010402395016847954,0,0.7706233400035007,0.2538452525721538,0.7123678924639176,0.6710605651671402,1
0.22915372601612305,0.9033899284142379,0.12335976129467568,0,0.45413551575597877,0.18447044709520857,0.0701686171794913,0.28634940153874533,0
-0.21457025289776405,0.9335380083181557,0.20019858995187256,0,0.1593517763037589,0.35937198302687723,0.03139304996325247,0.1168782333981365,0
-1.1306526091151436,0.98875806380377,0.08629287000890976,0,0.12275193556707745,0.2941264155272256,0.21250053091361598,0.038882911809532614,0
-0.07814153651916415,0.9707437197798234,0.18675748308563128,1,0.13233213677170677,0.24711032805037247,0.2778152863564163,0.05713518435964241,1
0.5876600628648723,0.9209380926038764,0.13222489809245164,0,0.14028536659772914,0.4876972396397234,0.20515885287297353,0.006217904143931486,0
0.9859142186564689,1.1356978513722238,0.19548649008908897,0,0.3159276893051017,0.0910301330010107,0.14602362421425857,0.38590504117820107,0
0.1998069873917505,1.0410109927715256,0.04102189182320616,1,0.2602452620485673,0.24348490873152476,0.10748974369144243,0.06550007528647574,0
-0.9110226294212738,0.9991403628061062,0.15008327275662225,0,0.04377021098720976,0.36415006994120136,0.05671130626577249,0.20403639828861303,0
-2.2561002929157796,0.9754077534985044,0.155820120438732,1,0.19790785790116666,0.30333625151637034,0.11037926493413898,0.02566406233616138,0
-0.16503888925272492,0.8767845024147282,0.016091459067068173,0,0.3063245097956604,0.19099633750244896,0.3129202458796578,0.041825009567968745,0
-0.9640907220188248,1.0561960998386457,0.18191279724620596,0,0.399379053464837,0.1910157391787901,0.13918853353740748,0.26794739364791803,0
0.442903823741901,1.0274484265858592,0.20455347660806206,0,0.11405207350346712,0.13999603427324284,0.057918838929909164,0.05726199192662014,0
0.5311661775101918,1.0124713710230067,0.065215469215021,0,0.1880740772036145,0.16440875606025146,0.18522735383381866,0.029649288473824538,0
-0.16974097176158381,0.8506513309375339,0.17395895049146143,1,0.08265017165738985,0.04190925084304473,0.07053380389414289,0.05045953125901942,0
1.4029964297567243,1.268681696914649,0.040027450524231886,1,0.9563327291735035,0.4059113883504562,0.5314713347660371,0.8938057717512093,1
-0.584510670182568,0.9011839172189402,0.1350996850987995,0,0.007955960542675828,0.5497732104829411,0.08728556578738002,0.014489593387072454,0
1.064034623144825,0.9627206476982517,0.1265569237681005,0,0.17637751095648477,0.18162928487531116,0.0698359463794193,0.31045846603662924,0
1.7119732964428993,0.8588401274436027,0.08870634462660072,0,0.06985261901732619,0.4041923377786596,0.03328914304539178,0.19378910614513117,0
-0.9786732680475607,1.0154178204093487,0.04334034095498171,0,0.09490213838571383,0.14400506390306608,0.24398422555220736,0.11133774120063634,0
-0.5770946365866174,1.0951351146921342,0.0943617543390854,0,0.16843693074598814,0.14694320873536826,0.2774479862530237,0.1966875791214723,0
0.3866509128628149,0.97660826811205,0.08139858827897774,0,0.18806901252045022,0.3888133541912446,0.023136391606061495,0.11428332892161072,0
-0.41444025539563656,1.0297852304022759,0.036630297512246224,0,0.09401049779125478,0.29736990881181957,0.24110388888632536,0.5935466673152522,0
0.08682725785614903,0.9829419289906068,0.09249636775780501,0,0.037136002701969185,0.08817399370423125,0.10227706357515266,0.3049727359569362,0
1.3740532947442479,0.9620168694032065,0.12511971092882593,0,0.07126131955623262,0.4508496627787227,0.132838979273987,0.41633232959220406,0
0.7883096113512105,1.0165625887688627,0.015193323718135518,0,0.19680243953776308,0.2646445249270825,0.30304086852041473,0.049802878128669466,0
0.2448127306237774,1.028444452721657,0.038135919666116264,0,0.14181554686318218,0.4268346269009958,0.11453931637527459,0.40936714010819386,0
0.6014965145563128,1.000499279144474,0.13698450070937107,1,0.14301916154874883,0.3077284308832045,0.2187676818973927,0.09351238669354431,0
0.15352347123267546,0.9373425568843814,0.12101582426819484,0,0.17202286843642867,0.4592871663479992,0.20860307284257218,0.18355251823533214,0
-0.22723085576716712,0.9601295225085552,0.04966629958623356,0,0.18949510743603817,0.43543806894118703,0.04317992380315789,0.44743284033426567,0
0.17864878528733608,0.7058636949443199,0.018206875538023998,0,0.21038423649047508,0.501949036343955,0.008378363899355623,0.2093698547783023,0
0.9603167318675206,0.9927550824513801,0.17140452009487006,0,0.16256957058257338,0.171526418213409,0.24502103636760458,0.2574339931135472,0
-0.7786062337714296,1.0617513937550924,0.12029484370537347,0,0.1852830819584844,0.21763153836309776,0.23485569219275407,0.1474442073903706,0
0.8793393659157416,0.7694344454539934,0.03914619713576886,0,0.6415160068063037,0.9529600246819159,0.7158593402296001,0.9457440227078402,1
1.8125127087985347,1.0191344395761255,0.2081082466111937,0,0.03940877992808581,0.13210470987350587,0.04109653670950562,0.07879161082035054,0
-0.1829164564003921,0.8653555052212488,0.13044095174786963,0,0.18840810977030564,0.13110417470139987,0.17713137776056226,0.11272330491845425,0
-0.09515714049940822,1.0329090177739777,0.03442147752976556,0,0.3935659319894665,0.3926752656870698,0.18096227552733246,0.06891485944011397,0
-0.4942701980843915,0.9453359432379042,0.05272841213839658,0,0.17237613111554867,0.6067229389694736,0.18531219306579982,0.6664475578592741,0
-0.1738220135651924,0.9095980016372884,0.19608668870953133,0,0.04513394744581351,0.2050635891985764,0.15811988695380694,0.3655388954629338,0
1.5158280912476414,1.1396070185999116,0.03159454963777059,0,0.7423349502065542,0.8673952355763672,0.71872880304419,0.5887954985594684,1
1.197668725496621,1.237694261141025,0.03687880793005107,1,0.5791357920322663,0.586885927984543,0.7629877227356998,0.8440958179402234,1
0.9097746877134597,1.1233655722342304,0.15197703570137056,0,0.2785182591502171,0.4053915069358644,0.18123324889693748,0.25193446557790383,0
-0.6119769483307899,1.0313042949495803,0.20248980922045828,0,0.18773686929966057,0.31244319711224655,0.13909471313477506,0.05850308844796021,0
1.3028020577101396,0.974500093008164,0.17972606424941767,0,0.09184836541459444,0.21952168723193097,0.0316378325675751,0.2563895793616298,0
0.7086836338594661,1.011094171190424,0.13091855504519218,0,0.2915951429133056,0.25417749089882663,0.05453950947410767,0.10785961860269885,0
0.7167419108781133,1.0051873886880098,0.016896767099359982,0,0.2362643016298357,0.139957509792943,0.3794598163551601,0.10610512920374063,0
-1.7483806160788968,0.8088280566323077,0.10180495500445746,0,0.006248532222919937,0.3477645769450148,0.04409288179909924,0.09692191426375099,0
0.6970579795985601,0.8736210942979321,0.13502461735458232,0,0.03804162824633979,0.19971550599957605,0.454885196808645,0.20707058130011682,0
-1.9722004005861449,0.9583004176579006,0.09131028551314464,0,0.16811868895453053,0.09454184634142954,0.11220582767944146,0.06565757934132184,1
2.352379357101427,0.894031019965219,0.09933924101089543,0,0.19545905427643653,0.16242634786895843,0.11759327169524875,0.28652350278301403,0
0.9917554982313834,1.0660942793223844,0.0391569318293832,0,0.5108274903564031,0.4111768995315628,0.6571119449355572,0.710171003318927,1
-0.10829723118910296,0.8623743448044819,0.12093088921271321,0,0.1694426675359114,0.08724355979302667,0.21486495191781804,0.14652069234864887,0
0.22284420484102846,0.9188173860068206,0.04995872982572394,0,0.13498808167953388,0.07777121659367132,0.05864306852360789,0.15713789829006464,0
0.9143456041784768,1.1249639131284561,0.01186748725694436,1,0.9033481018622123,0.4194074308078723,0.8278175193819667,0.3436711584682578,1
-0.8514580089054239,0.9302513694177067,0.11949577955080712,0,0.13229794187908717,0.35750701830230186,0.17751488124493706,0.21157921331976653,0
-0.05109524472174684,1.0719675716116635,0.05011104918657912,1,0.02049891032007994,0.13787591678500097,0.044475291209324384,0.4115963153284057,0
2.6375873853008924,1.1325438917637205,0.013536961510379293,0,0.7439178018651375,0.6559538738646012,0.5846540722030986,0.8564330662284916,1
2.751137686882248,1.3251450889012504,0.02133364795719929,0,0.7882591082437247,0.579721245819367,0.8201007590614761,0.5920605793678325,1
0.4044175683946264,0.8585490556019749,0.21427967860852376,0,0.1528478519543331,0.15674720302276685,0.05406040332655823,0.0242306575037706,0
1.5259680764342538,0.8364050122658593,0.21509447013654043,0,0.19675331599973608,0.2086040765636952,0.0043232007149755555,0.2313355348147279,0
-0.12192498634015213,1.1513687708219194,0.0752706946619654,0,0.19481304254261472,0.251507665253402,0.10030892108132664,0.21093241080969427,0
4.63248568607118,1.0694437569852897,0.02202460822996867,1,0.4492828770956043,0.517074901351086,0.7275873610546497,0.6937654898248373,1
0.9086015871438822,0.8026344237130278,0.19152827161259228,0,0.4849986333564318,0.2056943012589993,0.14500684149315532,0.12016062828956096,0
-1.0531890967021071,1.0660345687276063,0.1908419374163507,0,0.086262602613534,0.07472281649682522,0.02410028775371726,0.13657268636976677,0
3.2819966093194983,1.0256659220088502,0.04112431721217526,0,0.8165936995404653,0.792139944014116,0.9071137117876151,0.5674161216387072,1
0.38180597798561106,1.040145988294555,0.02914295178564419,0,0.18637948140061011,0.2819176478071588,0.20797444084371403,0.26981463452351406,0
0.04453617961409601,0.9385083397352205,0.1915179019783425,0,0.048969820353355245,0.5960790285974623,0.05301673286642451,0.3037100145831198,1
0.2906530826647127,1.0389101204724749,0.07034459555536973,0,0.07056939313247522,0.3516047326512595,0.28995404144777004,0.42682398538403143,0
-1.1016192700621315,0.9689098081472042,0.0991534883764131,0,0.0975047702716163,0.1713509059595311,0.007493214629729331,0.06949576409154977,0
1.7955081119436145,1.1711673613783993,0.021329137915201482,0,0.6202331963387518,0.2867469086143268,0.48602216943576193,0.7336325974018332,1
-0.405172033835743,0.9396838634882212,0.13948966737080504,0,0.30407475962869196,0.26817047857362003,0.237801127422958,0.044271482411018526,0
-0.4420120761285388,0.8640219787927829,0.1285580554402007,0,0.17551715524219805,0.23562956791560397,0.07610675429083603,0.35039808276184914,0
-0.697855104769934,0.9017382238074709,0.05996068224833333,0,0.22349735398281945,0.32743869821123145,0.08469015141464961,0.09588452021177457,0
-0.8308873442040766,0.9705542373417565,0.02417751968113981,0,0.07390237173320036,0.26726844372872044,0.05292616586021012,0.13733299067811705,0
-0.3487396190156341,0.784449402414398,0.08227017200558907,0,0.1803164116294267,0.15421782115838975,0.0826440747405937,0.16413112211375702,0
0.43291180560646825,0.999492387811452,0.01950723701806134,0,0.23203083828304094,0.37519473419661314,0.3214065129306998,0.37972125948063146,0
0.019748691766658295,1.1267770336984813,0.17021586896302504,0,0.11704480015461674,0.20213221856304275,0.19298893419170507,0.015881711190570465,0
3.8525310678929436,1.3639916094882274,0.029782331408048347,1,0.8225321016882278,0.2972838789659599,0.7364161783961517,0.7243238533728215,1
0.1393990748863033,1.0289308899598355,0.022753127993167237,1,0.12743526354450646,0.12222514553857283,0.09614424249161066,0.07222771450553285,0
2.077192224809878,0.939215988738599,0.09985484190078073,0,0.07289319156048234,0.3654395979629256,0.18804266159104474,0.018033550481054206,0
1.643720572071959,0.9896048892215163,0.043423768468227264,0,0.0484899973927569,0.11719909060765436,0.05681089357839819,0.28662105609889854,0
0.6759839818091998,0.8922852558832817,0.1584411808166391,0,0.23926761845384512,0.22334292428470395,0.027014174605430312,0.03470658454334153,0
1.8513709277614256,1.1875255951357633,0.029114022788238138,1,0.7752562100645439,0.5148955538559283,0.7797908461260666,0.35519444922145754,1
-1.2116659565130528,0.9430232824079078,0.059446926565467205,0,0.12863708189851583,0.2045539519631736,0.2620091561985432,0.07046348352128483,0
0.151943369483988,0.991633678831043,0.17500696956518946,0,0.47372788547401956,0.24878913596309152,0.06918847907639243,0.15260580019058448,0
-0.7846178207715166,0.9644691151875597,0.1306817182573152,0,0.08880430157623313,0.5541348929791519,0.012437866710634475,0.33430188662408816,0
1.0089323375588162,0.9478628453138216,0.2175937336043533,1,0.17376130331213857,0.29107978744909646,0.0950330808277074,0.003983351630893,0
-1.2238336678453727,0.8070196019664178,0.21735551761444394,0,0.0422625158575839,0.22337646465204797,0.22809144242322593,0.0763145097970199,0
1.1266121238764568,1.2641808620206045,0.018944926360560263,1,0.8192294907086257,0.7799161734608642,0.4231216169294817,0.7421542656347686,1
1.535983837953814,1.1164118644143617,0.009395981028712906,1,0.1565794979144829,0.9176902266720355,0.8075097638757364,0.8219290241229986,1
-1.3583224942258496,0.9975182462518773,0.06297577593790929,0,0.22051353726343434,0.48524080942042286,0.022723418242790953,0.05798915891271773,0
3.451098941740841,1.1633969825021462,0.03673598472623801,1,0.6453754021544225,0.47705672917995995,0.8160632923956467,0.7851349646656595,1
-0.07563066533965639,0.9669358159531517,0.11576041629552446,1,0.39739439199276144,0.11747751450890091,0.0008020894086826026,0.05283567439308856,0
0.9110320851151257,0.9002461371943865,0.12611683574492644,0,0.005887218708072169,0.21654407686827987,0.11000894140815592,0.08775460729353043,0
-0.361571489578111,1.0127719998465896,0.05802225884221984,0,0.19749642896308617,0.18208559668191737,0.07110544119963258,0.3495933361995871,0
-0.8536491371578092,1.1859464472802437,0.14052381421228133,0,0.08821308084393664,0.5183649059615151,0.015490655096633334,0.37079347854632205,0
0.0021914122842091946,1.0963673674637902,0.15705921772360182,0,0.1609349566358742,0.3292484649134525,0.23378223121023958,0.21815012468150816,0
0.3565302947604471,1.069070121083067,0.18085208279927006,0,0.15763872493481276,0.42016639890731894,0.44388300620834537,0.006977581180523445,0
-1.2093755573217473,0.991290230154618,0.19081947758957463,0,0.3291245074704242,0.26703925482901836,0.23655325372083397,0.5188302495559161,0
-0.8202785288162917,1.0636850449425117,0.18245998710822547,0,0.2927622914864214,0.36980420309834633,0.1096724532510481,0.08454783818059025,0
-0.04632732395910204,0.9598076927264917,0.15138093142856673,0,0.2609194436799999,0.10672174969182362,0.06596147892908973,0.5009748745891002,0
0.5889149506057193,0.7692554568971404,0.16214091168732736,0,0.20722392286266675,0.22831013489626129,0.06528971766745433,0.137473454229599,0
0.7818846680731796,0.8402042665115401,0.21900767909102486,0,0.1967387616994897,0.03001044051343564,0.07991282964351117,0.1697543914291034,0
-0.4894533808996199,0.983852677279242,0.1175734638788,0,0.38217958582700917,0.21528694086986616,0.06650990533036515,0.04008695733281875,0
1.2357680034291552,1.0969952367558005,0.03968191869695946,1,0.7176685824832878,0.616416378300975,0.6049405427990147,0.8152357029430567,1
1.6149662166679983,0.8794458111243885,0.18472197274055818,0,0.0813614783257665,0.122000069768925,0.04660136639198537,0.13075962663017696,0
-1.4288699300387506,0.9918517812098029,0.05371838828638515,0,0.03587967588489335,0.014449575064328707,0.08859719263795646,0.09985256851422873,0
1.2356546590708932,0.9841360007121388,0.029537819244906754,0,0.042388058737240004,0.38987071745207624,0.08404387158962187,0.07614200125736369,0
-0.44822941753719514,1.0685266708662384,0.18846974256164656,0,0.08415405631492275,0.36003320333291733,0.1951529510348055,0.19362608891159835,0
-0.10132943672631066,0.7927757680917474,0.20885408393854438,0,0.07445563419827714,0.23053133568013282,0.006144373427339685,0.05928691712442616,0
0.020522056805601454,0.9517255020567772,0.0931888060301403,0,0.39040084295575656,0.20795732399951902,0.25642135312327036,0.060781806448598444,0
0.552029275716676,0.9132073877265784,0.12628248173848533,0,0.14167747044355,0.21798177169330035,0.16357377600552814,0.2419637997790434,0
1.3603808870943417,1.0527850421192508,0.036549151174200004,0,0.8256568260473994,0.6761360531401341,0.7051577043599984,0.9391900449181017,1
1.8620485227739607,1.0207611909988885,0.0273149995127714,0,0.18008680549928785,0.06697560154115914,0.050544073916122985,0.22892078666348067,0
0.023663467683519485,0.8900451481328066,0.1660474505250885,0,0.10591733994357987,0.20599875125527464,0.1871014476143096,0.13799389109778712,0
-0.13402409888750938,0.947687581842025,0.21689867105328842,0,0.13517991318985279,0.06101515709638583,0.15777202465889034,0.11769823504308784,0
0.2843980370002004,1.0579159002516803,0.04907111004579282,1,0.12465790618490818,0.2638624362094035,0.08450900166162313,0.001430611936436218,1
0.3084117486816418,1.0062382818911646,0.11250928133960801,0,0.027677952487829983,0.34875140966872,0.2111088962228778,0.22511049490081328,0
0.49320613760733417,0.9473476924502143,0.20639115245619433,0,0.1344468447691074,0.1806497134035579,0.038676935299846005,0.025895151302911232,1
0.5268237601237545,1.1193242641763788,0.10758599408136178,1,0.179017294620328,0.4207207931798686,0.06000443382652581,0.2783096702937921,0
1.7512540463861384,1.3083993297603935,0.006229839827735324,1,0.5761242260304061,0.7817579801248402,0.8358091537295012,0.7061833324726614,1
1.5054913174717617,0.949265583145846,0.1976189469596787,0,0.13480419686119893,0.49814182269729207,0.1973946390324568,0.3257204971263413,0
-1.314978294478712,0.8771085142419842,0.16229892021506043,0,0.1152269600828909,0.4458051681297599,0.07809323066746535,0.19221546549324048,0
1.929537234302655,0.9878049291042841,0.06787759889131462,0,0.08970689795873056,0.03429919626761117,0.19545981971180146,0.12096404462274037,0
-0.15777973646029209,0.938015815619785,0.05546776541476122,0,0.2574382326930518,0.11152354539966597,0.03132831137781313,0.11898635069185484,0
0.025425914441061327,1.0748069919377787,0.16231376684149013,0,0.2463619769973793,0.26217066966060787,0.03613645785647291,0.43045926648057176,0
-1.9054025914126325,0.9595236232629816,0.07569342955798417,0,0.02336528071250761,0.10374304085517393,0.307922959820503,0.2951286674801744,0
-0.27845745658859683,0.8412754668060531,0.0688398905350451,0,0.16092081611265233,0.09600478932580077,0.009172313824007274,0.10614672825089157,0
-1.2315614372051307,1.0167482011564253,0.11999484096644687,0,0.22820177851728743,0.27898087677697114,0.06356037550443047,0.48047287397617006,0
-0.4950539857631778,0.9994389166811567,0.10391335908044132,1,0.3058793419031083,0.507392509302785,0.32752386434505804,0.2126603716158738,0
1.3788863147533064,1.035967565709159,0.1675954818823181,0,0.15555984227064967,0.19229973173285012,0.016264334335068655,0.44341150201267826,0
-0.20106663729862767,1.06905831801058,0.09681740640927235,0,0.008197658286734863,0.15888628843884525,0.15107728918836144,0.1678635645630174,0
-1.1472822631650907,0.9128438080049025,0.2095592256973114,0,0.3734219981080038,0.2677103319627843,0.03913691781438432,0.21598739783307663,0
1.2564054014208301,0.8958175978288365,0.16909435224144176,0,0.33163893496566277,0.06769520958224419,0.03997068794524953,0.1868286236856021,0
-0.138299686370075,0.8731098960654872,0.09736770241833959,0,0.21167598018431757,0.24308382724211056,0.023483282630154236,0.1880213777730776,0
0.21780888329248488,1.005791224894054,0.026558280039912473,1,0.19936660066066525,0.36229109398271,0.14555557083697815,0.10060223140192046,0
-0.4466723313032021,0.984592285577575,0.1290284607752834,0,0.24589775106984357,0.5085983028455033,0.18853220231972248,0.10244401998779368,0
1.2354035606058789,0.9734412272426023,0.1920332856435249,0,0.16990171078205007,0.2525184637210452,0.10959244941565478,0.20301127110638006,0
0.45818087136258184,0.9978104276674724,0.024831335149582467,0,0.08265274895915867,0.263213874242995,0.06344341272801311,0.04794973502403571,0
-0.6774391494768337,0.9612820225836128,0.08413373892134762,0,0.052747976311369356,0.14479234741679903,0.2430016048968297,0.27372838499735996,1
-0.19448959929344795,1.0159135748064632,0.10736941102730407,0,0.0649520911833832,0.27574485461977377,0.06479155324463118,0.062139206036119596,0
-0.6886140865165394,0.8814164772596256,0.16012930447374374,0,0.12428444760644497,0.41146391230146273,0.19608188100920274,0.09066537007753539,0
-0.19913196990002863,0.896598124230783,0.07434706234954253,0,0.043819271617342115,0.2831534848600248,0.17022951794502925,0.19265430638867617,0
1.95994057731137,0.9992966132329597,0.18729076386193416,1,0.2162038549586938,0.017032575210257382,0.29364683064718244,0.1371125102523967,0
2.989927339667817,1.0839360176076338,0.03945948313004016,0,0.6094276422496376,0.582160508327084,0.7612547379179562,0.8340715976827807,1
-0.01818785788191389,0.9411431004114665,0.09893682721359838,0,0.045450031657717174,0.11656013039590975,0.09856395013179407,0.22871833150978,0
-0.4496795740238786,0.8489165956935031,0.018246804543699213,0,0.09522928144917849,0.39693540350229223,0.16489537206917507,0.4048124530419972,0
1.0956904723473715,0.9190100607458644,0.09330139390428012,0,0.2688210638308853,0.5178593213480271,0.04986811213696022,0.21872863128238948,0
-0.010460461044419729,1.0467358595234835,0.16798225334179212,0,0.09753015804316281,0.21038253179257826,0.05098189912449204,0.07928464354533349,1
2.9237968110603747,0.8324195233469334,0.1336099964615547,0,0.14765655583764223,0.11657380771915071,0.011266024169048042,0.07963879025355719,0
-0.5521654647939249,0.9731435812296455,0.04692908268743361,0,0.06569347184431173,0.2714468044696974,0.39390301925798943,0.1534250512987835,0
0.029418743931006092,0.9089929966339229,0.2058155728306762,0,0.3226510244542497,0.1979284574619981,0.09574825377262541,0.044687899544362364,0
-0.4559512239204719,0.9710916146968067,0.15019546191553979,0,0.10372866969169058,0.3994276452918015,0.06180036679659122,0.18804403889255192,0
0.7516944790424059,0.9931818312631032,0.04085783619063186,0,0.15942794379649566,0.32627043437843584,0.003472623843000001,0.15690074103125867,0
-0.01444113347265756,0.9014694608873177,0.09636232558325313,0,0.029330513753239872,0.07001495262397882,0.16246275638238877,0.10144545235145237,0
-0.7135857707717331,0.8450996908057505,0.10564159332624948,0,0.1109839025854914,0.14198960030456748,0.25328419712232525,0.15853441789213304,0
0.35029589475825346,1.0418824515348275,0.12643709285681487,0,0.21600595298588163,0.22746992168677613,0.04111029745953922,0.1951221577197542,0
1.6270433990812605,1.0773232687422882,0.022911270197317438,0,0.008080215335995249,0.6682538933417159,0.07234527121895822,0.08089665427523765,0
0.20423145307097346,0.9886762894567696,0.1590876210302708,1,0.08150643836259863,0.28155346424666294,0.18307873584554094,0.04314243570457147,0
1.357934596988931,0.7839005221239265,0.13298164447805544,0,0.00855641389563126,0.3301202530198699,0.17078240410710657,0.2072924776390008,0
-0.5412048510742561,1.0343527987832652,0.18067219504996362,0,0.017877062065125113,0.3461479101726552,0.0049113963064576485,0.27402989269752537,0
0.08414405190284183,0.8958777927916366,0.2062197205609856,0,0.03078078062275723,0.47488989406960275,0.18997036758075375,0.4940712957634843,0
0.8291796747531094,0.8632418451664955,0.1406002906582945,0,0.06432859394835094,0.15901763377908268,0.032706087933540046,0.18962509757392604,0
1.5200883790709865,0.7947933562994943,0.015762530467702134,0,0.3734497224019161,0.16190746298144587,0.2555409723906379,0.25638103057496814,0
1.2933086708214379,1.0586979422668954,0.16586675534717632,0,0.10433459668769547,0.2999487606025372,0.14050765776354343,0.20692898638394586,0
-0.7052887006051057,0.9433225431567673,0.11840631314161867,0,0.11611353847717445,0.19252982241724365,0.23387566342915722,0.07988333431068896,1
0.8554319392499972,0.8070687559478594,0.2154886518663381,0,0.00915258214241642,0.28005079125696014,0.1515080909136124,0.07117310769396698,0
-0.0035728204556200738,0.9569943484016414,0.21778942010122015,0,0.042636021258903915,0.053863035629738286,0.10594278691746618,0.22962582975863932,0
1.5252051248996608,0.9794498766810315,0.20427639919533558,0,0.07213434166453699,0.32568458681286383,0.10320884985585736,0.23361291614544544,0
0.01878360135189694,0.948769995287573,0.16487611151573023,0,0.13916960735732126,0.25245195353351835,0.280150213703639,0.031304135881042784,0
0.274377736077556,0.8816059540174204,0.08158377765297392,0,0.16893100641619718,0.3440227918522259,0.035904060705426726,0.16895057083644135,0
0.43966384282462656,1.011567634593214,0.12500777234577626,0,0.05264375023102812,0.1297828146866455,0.19700017355446145,0.17926933844347454,0
-0.765159070776357,0.8923461516404709,0.16556984326609275,0,0.06723541221024751,0.4025491045177572,0.2284684920894435,0.15612624390926297,0
1.1171337391966973,0.851314078779402,0.08406899218073284,0,0.11934636131199348,0.24539724361755177,0.10487212760355756,0.0516705218260625,0
-0.6899983560097883,1.0546794933511943,0.047233311344317866,0,0.17134672439104795,0.4869891251037587,0.2456676415491611,0.23572820642056283,0
-1.5346864832402358,1.0429042313657984,0.03139640897333473,0,0.03707924793197134,0.39058813180193025,0.2230963213610816,0.427395766728558,0
-0.5003660226927534,1.055581028950155,0.08746288240131765,0,0.21993426949894052,0.3628723187707649,0.2624731193128089,0.14770236947734883,0
1.5233141841864477,1.0688125749434838,0.03795612634088618,0,0.9215476309807786,0.3096092156763215,0.8168836310286619,0.8168606854827513,1
-0.06512583233268988,0.9184482902539098,0.095265105418334,0,0.4639033915586657,0.4752064240822099,0.08849978014702496,0.11694780261157234,0
-0.9430299455564862,0.908013849160205,0.09559993908567416,0,0.04221214774818819,0.3452759404971446,0.047861787902935986,0.09949140555479949,0
-0.07087786732349302,0.864882926437203,0.2121363009246373,1,0.07107380832950208,0.04306443511507701,0.1611759776959584,0.3951081472366682,0
-0.20319480140639207,1.0156691071275028,0.14972552063621275,0,0.14696221218730604,0.07952275583447553,0.15316727716112616,0.12459751682480279,0
0.5995271707554409,0.8939477053758286,0.018045505114038275,0,0.12091828424694394,0.20625620311775034,0.4066762412942982,0.19761757120684573,0
5.903622013849082,1.0519648728968098,0.006913752706198805,1,0.4295674668781567,0.8176548895351995,0.6626952590900212,0.8152019107174778,1
0.3279497113390674,0.958410109170535,0.06667432680428517,1,0.14005311039211912,0.26902355869348693,0.06219581816610575,0.09364247645660792,0
-0.29557414475711646,0.9268298479542509,0.20847672228763142,0,0.14910470701735773,0.21037595008841514,0.09535077964297431,0.22755909077819375,0
1.0831970475501227,1.1861679009880874,0.025346812914303213,0,0.7636928080992984,0.5636819549937371,0.5282906781160946,0.5737181477621905,1
0.03754602851518648,0.9562991026186926,0.05100342544144048,0,0.142292308423303,0.10996193464180345,0.34799355131178333,0.2071429963782045,0
0.2207355508493561,1.019492142043214,0.2156654831115381,0,0.09548649287124265,0.131481844661807,0.03527277875857081,0.09721033746180503,0
-0.6631779288999651,0.8604365999932222,0.18849519262007913,0,0.272668680805183,0.166865777685507,0.025923328443529847,0.1214871727123653,0
0.5648516975427297,0.9663658827953733,0.08724870996546252,0,0.3981114460070335,0.11801781460920353,0.1025672003221532,0.33217959324599095,0
0.4294279495530101,0.8035960983745374,0.08533868086548695,0,0.06092486204254417,0.30761231216440266,0.29192288921055487,0.3153800682887186,0
3.6843347090342595,1.2565580647397323,0.017584263815227263,1,0.7870874568114752,0.5866597280206864,0.6782779860181415,0.8526356044721601,1
-1.3123429533515445,0.875591385961564,0.04333757779099412,0,0.04814111172675611,0.4061736320571818,0.020365043130993663,0.2726950632369302,0
1.3934197120635696,0.9681987713726565,0.1325674149117193,0,0.26255042845358256,0.1841554103875615,0.34750328947053805,0.35795991951785266,0
-0.6288482650174221,0.9343761756370687,0.09289179021324928,0,0.16293326337465855,0.3251646637781499,0.02356856187008509,0.46641164048318645,0
-0.8406443382327228,1.025240081795541,0.095928939938195,0,0.20145280497827606,0.1369115993844321,0.06773911906382796,0.2970070917317564,0
-1.2167173969388998,0.9180441490989878,0.1688871479277393,0,0.2842164673527501,0.29130766660969465,0.1251526516581269,0.05700368717315112,0
0.5759716824252359,1.1631505298226288,0.1527076922978841,0,0.03367169192576524,0.30825955745413425,0.08230098540805666,0.43558370753616665,0
2.236587701806883,1.151988690472795,0.022789330489855868,1,0.6516429236619616,0.38309496765929035,0.687906584632245,0.38831013089804606,1
0.7343731905298677,0.845347854838023,0.05260886637556734,0,0.27442082398518725,0.09933464671332103,0.020206444008451303,0.272765744590815,0
2.523878986423674,1.0313936097609568,0.016981018736788787,1,0.6707532925716062,0.7871937620256932,0.8770050027840618,0.9080700905744595,1
-1.629882955365754,0.975833333387366,0.09772746726680612,0,0.1277692133455472,0.06148267578786843,0.03745255938197379,0.47228788093359647,0
0.2472352948975451,0.9338643029450908,0.057492917122695796,0,0.16803646972772437,0.24803850158325647,0.2118005663409945,0.315858376568317,0
0.4332984855737322,0.9625116692426221,0.07238715258684086,0,0.08164031831276503,0.2041134500549139,0.1574191149270544,0.1381314629472451,0
-0.09220710872109049,0.9636178167199986,0.015481232142827896,0,0.015419152132610872,0.21971861905626972,0.09700417839060621,0.2509113640083415,0
-0.43495767057346446,0.9441903625763227,0.08664219450418824,0,0.20567769517763212,0.3269472133133593,0.2060794234253436,0.020267092747699323,0
0.6527052939470347,0.9933156830481161,0.1020373844731209,0,0.18768957889591156,0.29147172548738864,0.5410362262323262,0.11322000143181364,1
0.7031899615088228,1.0131941729841392,0.19640998310321817,0,0.03627145977812568,0.12373579554000125,0.28378987367786634,0.052921438250761316,0
0.8348501074835959,1.224640495995528,0.03540430559291263,1,0.5723788819643957,0.8646604386050553,0.766572011290987,0.8761259855486532,1
0.6334523904594732,0.9621850703881151,0.08215109025403583,0,0.039803286781242404,0.1648219255866566,0.060298759431087146,0.15712182628467858,0
-0.2233534258989982,1.0731349830664871,0.05830889797233027,0,0.15710668857334564,0.17514666466272802,0.02778026159377809,0.41744098984547556,0
0.3594090933948969,0.9226592950438848,0.07761606644243875,0,0.12191648772181075,0.3082259477793984,0.14351084844885903,0.32236788118504744,0
2.2257226846895155,1.2593665411375268,0.04280839799994726,1,0.8826331191592787,0.47191817560013116,0.667054866777637,0.9318455635929151,1
-0.4397026019027733,0.864162685662619,0.06325848601251297,0,0.3007010021031084,0.18772135732304873,0.23903470272258753,0.049525305874012354,0
0.6038307356117482,0.7862742876191642,0.08481806717132934,1,0.32198354360233267,0.2032908328995207,0.09332909415773766,0.1148037464774438,0
-0.0939446769670844,1.01561623200672,0.023988604761809126,0,0.0601102423020458,0.4955201504312963,0.21146532665804327,0.04910117011332771,0
-0.02945384351612934,1.068085831393051,0.08045996040438168,0,0.2517563942075797,0.4019546780621155,0.25549533827355736,0.08520044559816765,0
-0.9629401425685389,0.9548652670968945,0.18899735498266945,0,0.0371828215085119,0.23638326405481766,0.17954583668606133,0.17321460504241953,0
0.6218762271883038,0.9781996700585642,0.06935026859637661,0,0.26957043328138475,0.09575266782092512,0.08757528788200981,0.19532793714966154,0
-0.2993591366871059,0.891451850789776,0.2191826205933609,1,0.10061173348486253,0.15958768963231387,0.09768193195535146,0.09598868328000155,0
0.8369502626414549,0.9790843963018991,0.10949876640357063,0,0.2495818817273713,0.17353786194991608,0.28100477711103083,0.05379111504303813,0
1.1891370567782307,1.151069759429635,0.16050996622083624,1,0.11316224522213938,0.3570061594738326,0.23063833076091128,0.135484317609963,0
-0.11310175589629269,1.0963281662447293,0.1100535401835015,0,0.16284463663880716,0.4079918927129487,0.2791347775578157,0.4557201449968908,0
-0.22829113826609315,0.977177054653642,0.12439147091838823,0,0.18298100413219284,0.46880951673814164,0.1084838955591286,0.12285897727969752,0
2.1110766658887314,1.3088022754452622,0.026040436591202178,1,0.919170714065611,0.79214306282948,0.9030523101796646,0.8319279514705745,0
0.2386934737471632,1.01367289986215,0.06929758285178214,0,0.18962261333836694,0.13749467050379816,0.206340050989186,0.10200395738142094,0
0.6360226176412914,1.0547189954557512,0.11827355596354999,0,0.13771282347745764,0.3049399811635885,0.014168929096727567,0.11655829303588086,0
0.7711455373600473,1.354737028514136,0.0437775263194424,1,0.8670039089624386,0.8964111673159193,0.884150801304548,0.7240879095655159,1
0.010870745167523815,0.8865430266792167,0.05038486814496628,0,0.2072728274048093,0.27718884029173985,0.07205512446133078,0.29817591777770586,0
2.7041849827778526,1.1657596253995974,0.11793698638850415,0,0.13654359208256459,0.12121017560428467,0.08268062924167603,0.21300625725771727,0
-1.0206999931813252,0.9199841746323203,0.15304525320111623,0,0.015963746049887234,0.1929857121074754,0.09859034873399579,0.2508946293067556,0
2.530773130371506,1.3584547926226243,0.02562003530175859,1,0.8934096108199017,0.6120986795881347,0.6629789444852249,0.6079707357202114,0
1.330132875528657,0.8695857016412253,0.0359908648726012,0,0.20600882021460065,0.11689147466468905,0.13097722956222,0.1604150326235152,0
1.015256603578822,0.9255752544036285,0.06363714454971314,0,0.22172075421568574,0.15171489239173128,0.04889643155030738,0.14628353498610933,0
0.31079737120677164,0.9973236249160101,0.02878432998066751,1,0.06910648683282787,0.1437485676168462,0.1871172924666313,0.7198188318740626,0
1.6293147637859282,0.9089373818777204,0.18691746822060162,0,0.13393772356511172,0.42066992121742897,0.09853223377717313,0.07354218845157462,0
-1.0771540999718072,1.0151331565659467,0.14501983365039622,0,0.13793149956379772,0.2888558657715599,0.02702678663615868,0.036327708226420584,0
0.6308383546266328,0.8634382681714228,0.12860715736700376,1,0.04555092888109949,0.043864304684661244,0.3690217571762113,0.2612494438410641,0
0.0967512972265695,1.0215071740775117,0.09456728160546111,0,0.03713094308340577,0.2856936082398715,0.023559793388104724,0.047750932867036334,0
0.0011346201339690123,0.993951515028881,0.04961088936377687,0,0.08630182515048815,0.35371515032312606,0.22460082919256846,0.20421901471515927,0
0.017756564801043616,1.0112383836160659,0.04953031298204263,0,0.19161345152573575,0.11821376128152804,0.07369385239165596,0.06876708152645197,0
0.216266521006152,0.9582372108796583,0.08505093526504612,0,0.2567443227605318,0.5362954114485329,0.2611959947136865,0.2270368097528573,1
0.405204376840683,1.0002601651799603,0.035710790530708,0,0.02702470254391726,0.06833815641479324,0.022245574772979594,0.08469416811089293,0
0.1945165829448781,0.9394927457302006,0.11802225937801475,0,0.1640596050698772,0.17045106224731246,0.057600598703350575,0.14009835928143982,0
0.40413684687957463,1.0553519467530859,0.018681362068780946,0,0.261672865948569,0.22602738132737976,0.15849868569669096,0.1293446204221638,0
-0.6614270099007807,0.9338386145912183,0.07016954929079212,0,0.0862048526619869,0.3857524381314286,0.06934216084540691,0.10079983581703963,0
0.3272454855536921,1.0205190683452878,0.12408418435405046,0,0.1514778610907704,0.1521207617133248,0.04396207392523572,0.08370619673664541,0
-0.2158612691251265,1.0515434454847952,0.1981745896171796,0,0.0035121681646658634,0.578404383203467,0.3464343230069838,0.29563523392243185,0
0.2789787589710918,0.9934564604710378,0.10841046841838385,0,0.15925791793139923,0.09559224386855068,0.12263207837560158,0.17041490379680824,0
-0.4903812091648347,0.870259911771529,0.04786335310069162,1,0.08643194463844715,0.07604258087874582,0.3521871300305762,0.6067387165492882,0
0.9775225270616517,0.9108368973047124,0.037264517481030976,0,0.09652984174487807,0.497079137660419,0.05127778452138946,0.11671797740371666,0
0.7270131710212543,1.128697351115655,0.03133771748276986,1,0.8402388716614808,0.44336493436024044,0.8959820393835998,0.6057643112743635,1
-0.777446132427781,0.8588795065642109,0.15582525048401485,0,0.3225563783572205,0.529107091007266,0.34566000665781965,0.1131373437935858,0
-0.46406109080451713,0.9711909786271301,0.08378922634781472,0,0.03184225359865839,0.37365625224670573,0.2031363119724988,0.5359024321037986,1
0.3049590843915279,0.9169883393776146,0.038871332437365846,0,0.3295964137840075,0.20724834630082922,0.27779470048377036,0.3177033075100624,0
-0.8244910610871573,0.750014635490071,0.1559149321005715,0,0.2578455348140999,0.29822987697317305,0.336266413509692,0.20238510345295424,0
0.16040328439531598,0.9231064214372304,0.07874946938352183,1,0.5409039658203755,0.41627211322258817,0.3595533616284772,0.4127551977967994,0
2.187201330352302,1.234684852234926,0.027310817563842044,1,0.9346436282787578,0.5122704863401648,0.3245147234285932,0.7893433411966346,1
2.064112215997324,0.8908440276273373,0.0025354716111881323,1,0.7303201538697821,0.5703139479092354,0.8218626555886724,0.6415144161639487,1
-0.36922501220634657,0.8848025736679946,0.15014513009542874,0,0.03921343050224822,0.12691168448315665,0.2095264057313115,0.09436428337390533,0
-1.1438249154799747,1.0328334799748455,0.05907597749535586,0,0.3795070268823871,0.35401131975542477,0.04092040430125943,0.11973320131482029,0
0.39565890404537657,0.8654500699663359,0.01609654268231568,0,0.4867801159087746,0.1524051693792085,0.5053302008646029,0.23350582878071266,0
0.0936694651503443,1.0004772442764691,0.1275311675223642,0,0.03173830165472993,0.11352631820777555,0.32802282746372274,0.1327656563408353,0
0.9482090988736871,0.928224374708321,0.150895781730636,1,0.1620315747154389,0.2876402174037567,0.025554477673468017,0.394556871963448,0
-0.7204754433179805,0.866267652214595,0.021558864329586567,0,0.11382163870813931,0.516277235842549,0.5289593353571272,0.21680953144299472,0
2.372843872171038,1.226069681878824,0.021475685951442856,1,0.920786834421264,0.5740820897985742,0.7342001910619063,0.595742288959871,1
0.6765857283320765,0.7826544928516748,0.17269636464452526,0,0.04475759659602585,0.5087957445008242,0.27361761812490143,0.013925089248083847,0
6.246773342982216,1.2552260924195933,0.01627538425358585,0,0.9050288822598015,0.4101455016963159,0.8023273102134497,0.6684841120861157,1
-0.4216795581411333,1.0261692342852613,0.05237871263353501,0,0.2652396256818705,0.18033544130549423,0.07169738541166666,0.1526034691879231,0
2.1821570066166838,1.2064745743016627,0.032747976017722516,0,0.7137118728897319,0.7127103753792935,0.8581047622607156,0.7144127254064103,1
1.509809290011209,1.3152424286304063,0.010325467793633797,1,0.4137002697624933,0.6864885397388593,0.7950616540308075,0.8994730471425124,1
0.3432166849239498,1.0459466403816196,0.1518583512845632,1,0.0782038905175645,0.11376986570443144,0.14895124538557694,0.29175004700404317,0
-0.4662958061922127,1.07979453465437,0.19975813759829547,0,0.11572038215315275,0.5457733705338739,0.19476550862928735,0.12724377254590402,0
-1.4732181667433375,1.0544512729961715,0.12518621950301306,1,0.06219308579589319,0.28628203859236695,0.0010942913236175354,0.11891823241603791,0
-0.26438511650637775,1.034998199400554,0.025716656315802174,0,0.47095995163621596,0.10092013783745278,0.10110271564619304,0.4415886314073463,0
-0.12444352489552317,0.9220657459916828,0.17929044623626855,0,0.22389439168278727,0.11140552345205951,0.06972468212670554,0.20826403487206682,0
-1.0031017234534236,0.768643503654958,0.022133835973011773,0,0.3283409446080874,0.26786355830966196,0.2582563610327807,0.04977810480511287,0
-1.3958016882318152,0.9942653353900189,0.15018176560423285,0,0.17757900325349946,0.0224878794971628,0.06759631228278606,0.12094332144445813,0
0.9183092688758006,1.1862051920826724,0.005013382219705144,1,0.7572723479878694,0.9383441255821032,0.6764521495729062,0.815703308089449,1
3.5103079594834092,0.9169792646956104,0.02918594894264221,0,0.8226190922676271,0.37303788267493737,0.715609259377465,0.9270623589683724,1
1.3797770729497358,0.8978800687605599,0.02684658038907215,1,0.3834099347037993,0.14915727493422165,0.021423680635516452,0.3815988058036297,0
0.670737024720675,0.9750780608814482,0.21306649509108005,0,0.03929179254140199,0.431138203526724,0.06360091656165198,0.2693893903536771,0
-0.023370405791481294,0.9072768580089083,0.2089842210656318,0,0.0575242075508534,0.38214513351679663,0.12642926628617082,0.23560394540918905,0
-0.08300228693572438,1.0448071791926932,0.13418014422693786,1,0.13463228096038896,0.19558897810689624,0.26040717421081583,0.19751688412820806,0
-0.6991200157938058,0.9997498872406078,0.1254910792622747,0,0.17918869436271997,0.22372617123527952,0.10470465361825179,0.17988220122409665,0
-0.06683862976008355,0.8774435806324452,0.13721744722748724,0,0.16800974841871277,0.3444633036377159,0.08929657509666604,0.16550641665235782,0
0.14483795553136392,1.019992019153897,0.10593793877022838,0,0.18921804815603213,0.0663254106812069,0.1244002007197941,0.3766680973522955,0
0.5078525209069404,1.048466645303577,0.14049252508336196,1,0.25674495375075296,0.22004990727641988,0.0010286603735137972,0.41019050075531044,0
0.6247332128996366,0.999314356217616,0.03619596200915851,0,0.2655317841197784,0.08494349603430172,0.013417761270861802,0.10148655899981725,0
0.6741310207225943,0.9188879498680925,0.047439352072128856,0,0.08197829925562425,0.2650642732494343,0.19444334838171126,0.029812827459847136,0
-1.5367361398264605,1.0636697425490411,0.19163311476721562,0,0.07023795749680428,0.11158333815685882,0.4874028065244338,0.3430404457228977,0
-0.1805617772458421,0.9113944966576355,0.12298762599024586,0,0.05567661973499869,0.4693541730862824,0.3574944852623288,0.22428900079746866,0
-0.44700073985287414,0.8640241977307753,0.0396555474413644,0,0.03912530608617789,0.39757688741387337,0.1536622237690568,0.2225726334201728,0
1.3276427040622736,1.0311323059830244,0.07408345353186174,0,0.010655283496483824,0.32545593464676803,0.3482012455236145,0.5146106192616451,0
0.11913970195422983,0.9122420570623141,0.05544936396809229,0,0.06695128561531342,0.13110525987066995,0.09964078292762359,0.40113657377335565,0
-0.0012510613489607122,0.9283016257518591,0.15589301590469118,0,0.05702085134561294,0.06812106402720905,0.007089146581925937,0.18376380491819302,0
1.735967998595791,1.0285361984194044,0.14579066321933087,0,0.12146062933197067,0.10050389356729628,0.30487425303792526,0.5981724956397855,0
1.5087198391914045,1.4751096547704925,0.029743423056958797,1,0.7399305769356533,0.5066737056445998,0.6971374392970761,0.977660984913815,1
0.31691799062668563,1.0162514033776002,0.03487518533779249,0,0.15316736929061997,0.06322535590894338,0.04975038815542719,0.19332752686626095,0
-0.4877591752224774,0.9452683347453438,0.09744205827801335,0,0.2173001078327892,0.11503818963792392,0.10229784325197404,0.3254533269608485,0
0.7965273577385736,1.010596337331384,0.19452199249458257,0,0.046352113108645975,0.14246822755183775,0.20194900686566558,0.06229761765353535,0
1.3492688031219329,0.8857957335350617,0.1102942097593307,0,0.20411537114682501,0.593417164218829,0.24640892051811872,0.12843657745214396,0
-0.33637200206553397,0.8306629300041588,0.20411227374201318,0,0.03281736657258232,0.10982278943260007,0.040503884687632496,0.2466910178989706,0
1.19738753715085,1.0479186685953572,0.03227546463205694,0,0.14636402306937252,0.22163114434439415,0.3792719701457881,0.21631480067813644,0
0.5589586810683898,0.8989984608682721,0.09517391005038521,0,0.08319152382225264,0.12058781302662046,0.021159328019997592,0.035271703615472785,0
-0.5131095587465911,1.0719589141577874,0.055484687738666626,0,0.054732612427292965,0.07939560862219783,0.15466117028610027,0.49069795541076966,0
2.0590256022218667,1.1092261973978577,0.003524902866674438,1,0.9140520724203564,0.6889805397217819,0.7266330925447495,0.423484866968255,0
-0.7757525389128372,1.0079662032996284,0.1281637253206085,0,0.27996320920031725,0.14467000883997494,0.21058784831280744,0.22399421411268008,0
-1.0753669605727458,0.8805128387524771,0.08643798503810934,0,0.2724755674148109,0.1853154009961945,0.18222586959281117,0.05847655209867015,0
-0.1056514539310807,0.8126481781633714,0.0616945600316493,0,0.24242644016984743,0.0331596527685985,0.13484475154590458,0.20938896347441074,0
0.6354050832825253,0.8987103335511463,0.07122367928257445,0,0.22643044716259897,0.029882179131264817,0.09161674400614567,0.21706734926837157,0
1.170211622663108,0.7800454036639388,0.01910240334389883,0,0.09965513228701096,0.1543682023731448,0.0067272438996316165,0.21377961737545872,0
0.44642726416435907,0.9093695780092166,0.14826895248368593,0,0.26209382656138663,0.7346568658003778,0.10128773643589005,0.20505478287258153,0
1.0982654190114542,0.967990956352737,0.1425160432466619,0,0.2922468657641487,0.4165511571102067,0.14577961946722315,0.10153677086326933,0
3.244085612830668,1.3642693008083653,0.0293374574669032,1,0.6129242648057875,0.5417693606763985,0.8294337849732826,0.7040460389289671,1
1.4456796639312621,0.9995124095077051,0.002730632665941577,1,0.6142682855059735,0.6047081039784868,0.8278985818931544,0.5887405749776721,1
0.3265695687889484,0.9726442791936105,0.15962681364659792,1,0.3563185337539288,0.09559774164820004,0.2962518232228578,0.10509768391842322,0
-0.02167725212114363,0.9128710293775099,0.047287612355539785,0,0.0707449945731746,0.3016118232943326,0.10368912193164832,0.322329564108333,0
0.2024247416324702,0.951134995177673,0.17962433255855537,1,0.049793734844965895,0.1705013209377378,0.11126876516789934,0.4363364826636274,0
0.8649090563066972,1.2012241002360005,0.03928440957061555,0,0.4803196469124526,0.7221546765920116,0.6028273517993875,0.8929597215588062,1
0.5627905522089836,1.0545512874367968,0.16058551965098294,0,0.02370551394923426,0.17802231298435955,0.0998136649398947,0.038572612300163275,0
1.1892306714519703,1.0115451777996587,0.025417975415500116,1,0.5300450482851327,0.4678089793542621,0.9439038079210875,0.8841068951997224,1
-1.9473703354727816,0.8389976827760899,0.20572199131227892,0,0.036891197494099644,0.3541903364136068,0.27685322419258745,0.33695323045364506,0
-0.6863789950800764,0.8726303039721146,0.13112095544275845,1,0.036018690929917156,0.5427234192609022,0.05238847169365446,0.4262768667200687,0
-0.844914437147661,0.9655495842126455,0.019626787797555743,0,0.1583982494201907,0.13903110910703317,0.20456905084503585,0.21614906840408396,0
-1.6025848357929668,1.0021229346937846,0.10687297904064542,1,0.1287355578379707,0.10375406680070118,0.1771928720044308,0.07288114710957122,0
-0.1421024365406625,1.0177183459005874,0.13866053780988258,0,0.13063327796608729,0.17254021308283107,0.08810299888315999,0.28446716112270404,0
0.5500440194031037,0.8070946486669996,0.11528528618602621,0,0.2916909729783615,0.05005338959567675,0.2390269047438052,0.39864256708762963,0
-1.3028286578062955,0.8201890792137391,0.06843660842523086,0,0.07523351244239326,0.04082732172053197,0.3952540526585489,0.3131002723555256,0
1.2452487813296964,1.2283862700689252,0.041532219211134556,0,0.6850423702500287,0.6082936145026628,0.6483858778433217,0.8186620786728781,1
2.2676364509729683,1.0556274535907357,0.03109250191089511,1,0.7272618934341498,0.5753786846848276,0.6331557246015609,0.6792472683792036,1
1.0323561667302157,0.9471711935164135,0.027968847723238335,0,0.03605085750155999,0.604290982518882,0.18248753654571684,0.10323986791937939,0
-1.1373224751388906,0.9097076555940343,0.20171357176501792,1,0.1794939219209797,0.16079476369529774,0.008238801366650464,0.11929147330416395,0
-0.7480128300551115,1.0729621502834599,0.09523250913956813,1,0.17458798667679687,0.4030917530648007,0.3541380576642209,0.10855851061395655,0
1.0634452256949514,1.0102085038049464,0.11256815459728346,0,0.023632962998277218,0.5296257303992501,0.05077204086065456,0.32445590594902907,0
-0.9432303854941938,0.9914645640004258,0.1998045994756536,0,0.025525478154004303,0.3416062347320188,0.180880097775791,0.21761452591293837,0
0.7216858453494445,1.308620861024298,0.02949739014661959,0,0.8883672658006535,0.41801023773542056,0.5869239323108848,0.8822442043595476,1
1.0505819722760656,1.3938682472389279,0.008322019602994727,0,0.9280673329384475,0.8673302143970835,0.8236022089815519,0.8080214642694129,1
-0.4147866794988146,0.9328192793881981,0.18103218966274853,0,0.039264957439222856,0.187635969159725,0.1661440432832942,0.05185346404175524,0
2.5594548196221227,1.203509892726449,0.006398544075493519,0,0.7385132456987382,0.5410222399887099,0.8060107729211956,0.89139059017717,1
0.050475162970937563,0.9792164675156978,0.10094609611038799,0,0.13211202237147066,0.02715353354525967,0.05558661457149687,0.3261444284011495,0
0.4026236048622919,0.9935764486685812,0.13887320077731968,0,0.20908077304901515,0.24167477617325753,0.10835935695322135,0.2696133797441741,0
0.8005299390940137,0.9605742773526353,0.10707029985570142,0,0.0503264063284302,0.45162593094597764,0.1830287775880349,0.4279020835299924,0
0.8602785491580732,1.0276764917873182,0.011901260221731515,1,0.7104800802197863,0.7159318933401582,0.43442409034685314,0.6338630108540303,1
0.2547139411437165,0.9525091049008663,0.09502717143962555,0,0.050135844524045944,0.2174355684258357,0.17329830959169099,0.21026566542874642,0
-0.013149140312782331,0.9728391699178783,0.10429577739260536,0,0.21110699678749847,0.06038253853364461,0.0689836748390898,0.029625499909804506,0
1.9331485481169144,0.9105886658453042,0.15240206508909365,0,0.3362471075528189,0.5369565208699482,0.273146132196837,0.14798087932446438,0
-1.1434429174738345,0.8352970403980926,0.18253815014244218,0,0.47205934399659455,0.09691976107596417,0.12589039615530037,0.3896608554463905,0
0.016128767817636475,0.9657002999928713,0.05795144098406908,0,0.08281553745373149,0.11258433076779822,0.15314406640174283,0.16371935356075903,0
0.8870649772825593,0.9489652892720132,0.003144275654119887,1,0.5741052782695942,0.8754209865002494,0.47841496452783,0.7298378073223221,1
-1.6298859562245547,0.8986508769596357,0.12662891504542417,0,0.038640087621153715,0.6527029868200753,0.12872807776256306,0.08146965488002968,0
-0.7959127909979782,0.9980292488553608,0.19996035273472745,0,0.19749436000232704,0.6407908182559321,0.05663516113043229,0.3529822405939204,1
-0.333721836584989,1.0304917376650695,0.08984215302330216,0,0.026726503345173524,0.06209188267185492,0.04273659174511277,0.041296225244314685,0
1.3677595148771937,0.8520181544495015,0.0830751476188832,0,0.16219334452688497,0.14611742869587424,0.16574454061869384,0.06764816517884835,0
-0.3096725670531421,0.826168487895074,0.179842395442532,0,0.29782792654185924,0.263977164418476,0.19845347940023444,0.5489234547398091,0
0.4829083085630419,0.886034870849752,0.13328918234656445,0,0.09073324631388666,0.18112469566283604,0.05490533489247166,0.2336998842741747,0
-0.9108583864443349,1.0536158967357283,0.07777904527182208,0,0.015248858739845174,0.32904733550346,0.032804097892814625,0.12271618033356423,0
1.2873887772333663,1.062705348788285,0.08052867276233663,0,0.19430122000338487,0.18040922407670137,0.009378214403616069,0.06332711935499176,0
-0.5513296769850945,0.9233089091119132,0.14349068249562813,0,0.33625852426746256,0.07776390053988988,0.32173153810700056,0.32284928351154407,0
1.0218816038701757,1.264293624865085,0.044283870309234745,0,0.42456859492544446,0.3969173948212348,0.9633907796205319,0.6132120818542238,1
1.4520128509516448,1.0969859955380155,0.04188953950060102,1,0.5433573921107582,0.3013068082478058,0.8707952898158393,0.7369043565834397,1
0.07021930353084174,0.907410195680422,0.06261603978205266,0,0.06888557487703863,0.4704013452224578,0.026024467984968953,0.21890409050340362,0
-0.12130481027524738,0.9742200085014425,0.12123475470536514,0,0.14036982537593087,0.18466827411386563,0.0011010792419361478,0.15138656551890228,0
2.9396003406016034,1.0827587668752219,0.0021233967856421885,0,0.2907857331356419,0.7956208630345035,0.7518663273550784,0.7131843583688532,0
0.27046991399785053,1.093377928924091,0.12025407191079313,0,0.03673641800696034,0.178423446454334,0.03620690752057313,0.18457821285003673,0
0.661435954660853,0.9500571378270051,0.1579036833434555,0,0.151009517511105,0.49026916028624556,0.15555888980989493,0.06497319356891237,0
-0.7669805621322283,0.9003246298819518,0.061626892083283924,0,0.02155709055245306,0.08189033741298994,0.0283452640933801,0.26577802478675455,0
0.39217806590536686,0.9955819046265275,0.21295890082711455,0,0.010944409796721809,0.1253667490511635,0.0710419486810577,0.06729781303605753,0
0.4878514794435817,0.7658886343571834,0.09864411871344163,0,0.3589505142818953,0.3780997983058558,0.04514766970572283,0.39315352083276184,0
-0.6422281148085683,0.8918090587140717,0.20948450823903209,0,0.3814479886698358,0.3446380309225655,0.23588332077854154,0.137891829384111,0
0.890167845266918,1.2448676291861152,0.03919888832231789,0,0.8299416344162807,0.4677352889229309,0.6614447236473208,0.7362038664807045,1
0.5993332388901185,1.022082233107478,0.15340162659810602,0,0.03303604854430642,0.3516516858106674,0.026119717650170054,0.35147632124031475,0
0.22469686785802195,0.9557995945169078,0.11120711425380145,0,0.05786275058128755,0.26800670886179634,0.13428406045337876,0.01387155812121193,0
1.07613413466914,1.0030747965773161,0.024136858346089318,0,0.2956206774848521,0.3195609969526525,0.06286075591384993,0.23527390152783023,0
-0.5915612044094479,1.1276674801447326,0.14311347293360555,1,0.15024979636019656,0.1618562926779591,0.22175209325082873,0.08755185220061222,0
-0.038505664115274896,1.1851723555578042,0.08264485353450668,0,0.049280856863462855,0.2070198053284037,0.0656922495847718,0.13625954835370413,0
-0.5343497905594063,1.0903713704890239,0.10604316606095832,0,0.1318201539527474,0.23603155378478355,0.1980758939593828,0.25008764838797654,0
1.2789570961368582,1.1709615641113387,0.004881333152080507,0,0.8393393808623834,0.5490418086842921,0.7396734197544702,0.8532700043383633,1
-1.6542532002584072,0.9113595085650141,0.14024403776904393,0,0.09225513257343194,0.17003674160719212,0.0365942748147706,0.14697585821850312,0
-0.06832533610450102,0.9496772707896173,0.04978957402682521,1,0.29027888801735285,0.5210409613167418,0.20102054369154398,0.281738580727056,0
-1.3968038779320766,1.039502577162435,0.125356906262032,0,0.24706088230253462,0.20566671914033177,0.15905120560844285,0.30736809052429753,0
-0.6776442426038688,0.884086678334013,0.1161157360703271,0,0.09893040902737649,0.06868033534780599,0.21605043114889527,0.5432395795402695,0
-0.007172117153819588,0.9437231087135756,0.12095153738557234,0,0.14375480389596268,0.3005909750986298,0.12954694305292203,0.28419380823467133,0
0.8352115954521303,0.9936153234315993,0.19904814031036533,0,0.1305362106780858,0.2701422072479084,0.3564804577440833,0.1997950024990262,0
1.2462372771191883,0.9177362362669617,0.09940827185599986,0,0.3730670291726407,0.16543535611432159,0.09957421318252249,0.13023272422643292,0
0.6573375429499434,0.8547347346857994,0.14926292643630096,0,0.11520067938973286,0.14365273126677133,0.09863215080572012,0.371229933994025,0
0.19387075279766036,0.9665022737644958,0.10023614272418252,0,0.1130565875433663,0.12175751388378382,0.00919050030110843,0.24084138456902043,0
-0.621920511886215,0.9152362971768424,0.09901877298926176,1,0.10324207837676344,0.2505977556770339,0.13787822569370403,0.26935640008228506,0
0.8440997560910682,0.9667573429111957,0.14764938408306916,0,0.07503003488205442,0.29496419748697533,0.1935583466971707,0.14862423484110066,0
1.0619180238834525,1.0157058289664258,0.05354842398070108,0,0.12540601288846523,0.1765426183307665,0.06579984330358861,0.17888807999634326,0
0.27984538010688537,0.9323882495089578,0.09839590472815413,0,0.12779247162248328,0.11986449875700889,0.25753489699491416,0.27123594344812646,0
-0.13731002532154768,0.9114797289427408,0.04536066371856112,0,0.006459118997400682,0.07258628751751797,0.05553113382513332,0.12794894137259843,0
0.4016263288353297,0.9115875011515202,0.1750502096558773,1,0.019511434624802794,0.28820978389281415,0.0023775664172052415,0.31945994180919324,0
-1.0029251521392593,1.0032726814848791,0.03219411640316248,0,0.2681008814943556,0.5838231060056803,0.0954853990084458,0.39756701167150055,0
0.4220914129013308,0.9026387080697651,0.05805970414487427,0,0.1952610442447331,0.1697763080738531,0.30856489404381476,0.15183267986639598,0
1.3322502490151915,1.192945209986604,0.034740554371071125,1,0.44630265747716574,0.633427045238495,0.9606438380220614,0.9486852924189955,1
0.5971068587448853,0.9853086657228916,0.13332594801662512,0,0.03935520965243827,0.3360132493115215,0.07504756200803607,0.07240558439318749,0
0.8126795094353795,1.0227202223448597,0.12056054655545898,0,0.03184220455198739,0.2674525030897856,0.09293116138425836,0.10972116980053524,0
-0.6956473223022214,1.1233742328427785,0.18487676442438677,0,0.0441262984215161,0.41183858952441194,0.04499932614948969,0.15897922550596238,0
0.36183962830819344,1.0632515568738037,0.04998887423695791,0,0.006805734909775267,0.12541201915786643,0.03400218434255209,0.1541431415820599,0
-0.1831379312386328,1.0493467020423963,0.04704794487053191,0,0.016339419873124632,0.2594215165479413,0.12039634999225224,0.2695267047674197,0
0.11835974112447867,0.9168991330123123,0.1896370364064286,0,0.1487014865840782,0.38528039731393765,0.08031351383202072,0.011189092546399717,0
2.3753775254145513,1.207999811826471,0.010462187010554203,0,0.4102500494990857,0.6191774301393219,0.46657478201237723,0.35971292791070314,1
1.318412696167022,1.0271574803614723,0.02472020540871741,0,0.14818328288795038,0.5000252115802878,0.07963566043297514,0.22012220291616735,0
0.5463368384364208,0.7334139260012686,0.12716116672662464,0,0.323654777825998,0.3567951616006098,0.15941091914901667,0.29983370833074097,0
1.188897397633552,1.1780636693721327,0.018916031962621302,0,0.6367102998622585,0.4893376703019821,0.9075973796374195,0.7146006988144895,1
1.7637229306157063,1.0378980984681894,0.03431312454056123,0,0.003013958752978572,0.024050754846477982,0.30189831714351084,0.06807719646017665,1
1.3907703668560658,1.1227443541641062,0.02542997806749185,0,0.5720709713006688,0.625022709731589,0.38678254899643133,0.7488573024904515,1
-0.10746378102586777,0.921266083900101,0.11002730704807899,1,0.1374702298241579,0.3901914658992131,0.014906838079633273,0.25302778446604995,0
1.309419892927402,0.848782245987723,0.19407889312655324,0,0.21344933072300687,0.5333289988814474,0.0651744840267419,0.09443539299299568,0
-0.21985437664739255,0.7931366048875996,0.1405815256965547,0,0.37692270780109677,0.3569372764487792,0.12300825081049171,0.3635159533724157,0
-0.7672216679690897,0.9291982550629708,0.04145246382233211,0,0.08825298442055685,0.22381948527436307,0.12931964719960717,0.44658809771213437,0
-0.7251557811954372,0.8515641997510168,0.020277193998179323,0,0.08359164709401537,0.5789492548597461,0.35440990130296507,0.21478397439668576,0
-0.9817108537168191,0.9622766064946526,0.06450877650549255,0,0.10497801802510502,0.17928567610555457,0.15268479157024925,0.29937747691313155,0
0.9464429172252348,0.7982561088030442,0.07970899353137643,0,0.08734414088023247,0.26645694323279107,0.21988405350699547,0.2553905042959006,0
0.5548275031471149,1.042353048076426,0.10301116696936004,0,0.07604223704630979,0.200648464842679,0.07032698697962302,0.13398736843699247,0
1.5038381205224978,0.9896169511953392,0.14720579639230796,0,0.2834798914164296,0.1820686999205618,0.23902096276860635,0.12621939348383054,0
1.8163284714777155,1.0499946036242593,0.02158246399882194,0,0.09684656355968811,0.6646037361267725,0.34072794471413337,0.11290927951135947,0
0.6963671531371411,0.8921547521575592,0.1525498154445859,1,0.025132541638807876,0.03556887107707157,0.2119220155102287,0.42812601061318845,1
0.8887605853799103,1.0941259025105647,0.016650310987472862,1,0.80667707527555,0.5449030365576449,0.777435850382145,0.6889123450649709,1
0.21367962955264563,0.7256441047998186,0.05471199540914106,0,0.01658391647281312,0.11571535787327014,0.13210122883595243,0.24246530073444938,0
1.3194132306831534,1.1266128257687837,0.09525334471847323,0,0.0681090284368192,0.32135531261169875,0.10678999732894758,0.036980750714670885,0
-0.2873387267946378,0.9698462561324944,0.19849550595858012,0,0.11565069813773228,0.08460521693412093,0.2184921128077649,0.2762320022164866,0
-0.45247157855142756,0.8865619116311411,0.01893044670372914,0,0.25073612755779884,0.22108710337449292,0.41733093908154956,0.019469610710235053,0
0.6177305160992999,0.8453862968208278,0.1127071935436608,0,0.0654330536217356,0.16213694587538874,0.051640538798095714,0.12372439952175798,0
1.733868657834604,1.0340780080571692,0.03936477858762863,0,0.45850242520146983,0.29299307389413826,0.157628795044017,0.28013774882862036,0
-0.48321783323760487,0.92744918043965,0.18319456448245458,0,0.09077509509277297,0.13061853199466356,0.11696115578946484,0.014704680201579176,0
-0.4317116904045112,0.944297547888965,0.1571079561548679,0,0.19427737361937159,0.21385018843419726,0.39779262245288904,0.1400959750588586,0
0.78273658590644,0.8404769765368199,0.16276734487735772,0,0.16377228100156305,0.01878319943668775,0.07654670252937927,0.4606520778158767,0
0.5174118628170551,0.9265672363387287,0.10485121464679902,0,0.41906956535827156,0.4275373900211581,0.40877704422357486,0.37449928727300863,0
1.8271280680849684,1.196706097132659,0.020499005231357725,1,0.4873815429353236,0.7715807248142289,0.5871012521568476,0.9361662765033397,1
0.8173096729556367,1.1484833194335922,0.043673375032047615,1,0.928666790601328,0.6592147876849603,0.8924886717234406,0.9433647232623085,1
1.4100394372226128,0.9251075646794011,0.18816537925055182,0,0.20674658186906716,0.3315101658593208,0.040949014325735764,0.21510405505844438,0
0.027475737129370476,0.9822678907715735,0.09759245636525997,0,0.1643739262777851,0.21468645363630293,0.17396491160141056,0.32608005210269553,0
1.8108423544353043,1.2802584338600558,0.028793369331823394,1,0.7980862317294403,0.6066350549572261,0.8344761766926214,0.4788108247030856,1
-1.940675720196556,0.8626735356691432,0.2047866526463865,0,0.33115437200021114,0.19242220874159818,0.027439822560563796,0.2836061783574241,0
1.027383904557529,0.9726471380258547,0.1335371061647503,0,0.018752898609631363,0.1746508824958672,0.17038001106568118,0.09178020259643249,0
0.6245527330475448,0.9692659669781557,0.12757452312449752,0,0.19034789569987115,0.1567151647941862,0.2129565333879411,0.14067837503658753,0
-0.3739344750564905,1.0188497597796597,0.19738591957719132,0,0.12540505353094727,0.07229660974368306,0.23457326211765103,0.09870141812470072,0
1.4030584715904357,0.8483368638246012,0.1403564448074358,0,0.17455292887419607,0.26661400318229705,0.23104352634834452,0.1329367188185638,0
0.7802568990424329,0.8979300141466813,0.21327870739569504,0,0.21058209491504631,0.23610237045143267,0.09501433725654655,0.2855978698942716,0
0.0734819451897504,0.9916655824876738,0.09824683717475306,0,0.05032493125479901,0.30536632800899316,0.16973344533908516,0.12023155911098424,0
0.2598945181371515,0.844383578847022,0.10951188146005147,0,0.20245892485514197,0.479533498003891,0.1317155646474637,0.1797200091246011,0
-0.49527473868300403,1.0091016684631926,0.21402511056287854,0,0.2029189423563204,0.28094576152161777,0.1649115528143866,0.36934942789766084,0
2.2669179012367575,0.9830978930260018,0.027629636984956196,0,0.2623446084603449,0.46441133579137367,0.3282213484986384,0.15925881283772586,0
1.4966110184179935,1.0185564402007876,0.11662198706604648,0,0.17795671155189893,0.25202788274595117,0.052096484131517046,0.1344534026344966,0
0.9716562732303162,0.906201152319493,0.04433168606054935,0,0.02597506032659977,0.3135603845710165,0.10000451175276297,0.2805111700882669,0
-0.1332223240921256,0.8978102812123274,0.10241324158085444,0,0.035399255813548615,0.36950915748559177,0.2261083835750388,0.10592320957708787,0
-0.08505002832927404,0.8812005499346387,0.04171984833165974,0,0.08680946767190793,0.435199406424593,0.09842846198679377,0.011468195457049885,0
1.5843885674572857,1.0229804935556428,0.03901288129543269,0,0.7402973184788315,0.46889419766875395,0.5511856161235547,0.6881238707106078,1
-0.5561415618194816,1.0287667897874844,0.049879261736317376,0,0.11778334384129463,0.32560716957586067,0.44182498196057557,0.19033484859639452,0
0.2515227206581953,0.8648614027938296,0.015619278628013055,0,0.12923094872320717,0.34190178993842246,0.28003560538362887,0.2442402411000369,1
-0.4015813392260829,1.0997890558332446,0.13372160982718506,0,0.08047071024794926,0.1441618591860634,0.09389786014252886,0.3173395154926473,0
0.546328647715571,0.8626482631727865,0.1240576052455103,0,0.02915450353131842,0.2801083931744518,0.3307571812741486,0.18982500286611312,0
-0.3891202673311324,0.9768534772162488,0.11708514203041562,0,0.4212639066325473,0.24919012795575432,0.09549683253971004,0.29880036574431157,0
2.031354806060058,1.4091126744822249,0.028812399240970628,0,0.7013649700064507,0.7702054937396121,0.7900327774440074,0.606370022073021,1
-2.335872827553711,0.956077652732957,0.2097932972024132,0,0.018727275985162873,0.2948919279935706,0.1735121758026124,0.14723118546189612,0
1.6123674228487246,0.9548737788681027,0.14162739016866116,0,0.2911552523154075,0.12624589505470213,0.1600196814717765,0.28272988827860296,0
0.1396862285788771,0.9867341133795917,0.10195793642792512,0,0.2178630320086976,0.4392693063541909,0.22616227013357457,0.29754565966190566,0
1.1269143514980422,0.8349572554742997,0.10522475805191192,0,0.32488263418334073,0.14668082465480023,0.32432421045103804,0.00880185215122278,0
0.9858945733492486,1.112569157517812,0.04245691724751061,0,0.7481801346073667,0.6880097135069668,0.8895387609203567,0.3883035038336151,1
-0.6948311985838477,0.8358790200752857,0.20300519356021784,0,0.12184732611773069,0.5653427309965424,0.10980687427741638,0.45231017032826126,0
0.506546627996568,0.9591126396841118,0.07618238553529091,0,0.04994101234449004,0.39847838005883046,0.17392252539078187,0.06390004453276897,0
0.7510428531609027,0.9566965850394173,0.024000445794280637,0,0.016415838656436497,0.24647703919581587,0.03223241291839696,0.3975915036552376,0
0.21502392780124008,0.960684486465948,0.10212549489525549,0,0.04214560046039231,0.1276812876619014,0.1989005028010851,0.264657353460936,0
-0.48241424995224697,0.919887828249149,0.030206120096834002,0,0.10245579878508511,0.40057026470395074,0.010719313276502959,0.2313649358373946,0
-0.42317951951268495,1.044649466006972,0.07187248063420072,0,0.03414475944862176,0.10883118439969289,0.14286463809093575,0.41853663530598784,0
0.2754435653112889,1.0560209399791063,0.054656681742447186,0,0.07352087120203034,0.34774911143007525,0.44318762870248307,0.20271566470022703,0
-0.2247022339192009,0.9027165250979328,0.14935355589000793,0,0.014371067536415682,0.5398122250474604,0.177926202958091,0.035833279129979426,0
1.581993450171714,0.9514188187351246,0.10810433138439159,0,0.11291693922071469,0.5222866880283115,0.2592326166250565,0.16755136816081861,0
0.8456408567249448,0.91507538029355,0.1651531989724146,0,0.21788592362508316,0.3774657513931703,0.11500270884628898,0.10950829291598789,0
2.9345408357096803,1.0831563647859401,0.015003325165058215,1,0.7903182209947013,0.7595352558931724,0.46126494651722993,0.9127967773217271,1
-0.818431114522094,1.0941114421766562,0.1251627340409903,0,0.08916833623309367,0.21707775203946714,0.09703559493498376,0.37502057653570725,0
1.4208116695426916,0.9032783233895607,0.08491481393027783,1,0.14841725733994096,0.06754754125245833,0.046105886714412146,0.30090007748876324,0
-0.5466108257958533,0.7994034511403991,0.05214969894079154,0,0.2847474167065197,0.23926318995652116,0.2390065677748672,0.1415207200084601,0
-0.20740379969209977,0.8040502595742061,0.13451882272604795,0,0.06475052059851925,0.3009462362167227,0.09783397378426152,0.6181245601613248,0
-0.7016286114670207,1.0262447051914647,0.0929399745849114,0,0.017534023992500845,0.27655187561638506,0.06233188696420051,0.21769147992566149,0
-1.2123447446197242,0.9289322449359073,0.1811121763202832,0,0.05729695226615963,0.4638614016886843,0.1666407890370886,0.0562414001667592,0
0.3646850425697243,1.1228698828145434,0.1517156042702631,0,0.009462302845808316,0.045586967830798034,0.039621763139472146,0.11143860490537773,0
-1.483484428144047,0.9579604697131839,0.15940684240288477,0,0.1308799896544779,0.21699821590718787,0.18115905985314437,0.0645172524840366,0
2.9901795581823247,1.4262586499811671,0.020731666523264608,1,0.8166040631193817,0.8454208885522799,0.7942446619850382,0.8850762310362713,1
-0.08284232766880183,0.9878876095888784,0.16040943043471412,0,0.18042298062237394,0.2534677069755542,0.04975276537715858,0.1072360005370799,0
1.5155569608156843,0.9785473673707878,0.10199974870486464,0,0.1849172632116279,0.641536344065664,0.015940445719520954,0.20981669707786763,0
0.3805585820612066,0.9937424059400697,0.07376541916383972,0,0.007247556732433011,0.3151953196030543,0.1324825212154285,0.49874079423876577,0
-0.458296603753848,0.8019229360086704,0.15055938778434375,0,0.10628115658148814,0.21618443712182725,0.2587374033805915,0.029103667100648992,0
0.46589312683694367,0.9976035349894561,0.11911897028069308,0,0.08020660338504763,0.1376136083033032,0.1476896390121972,0.0592945201964369,0
0.8434757812545055,0.8816223020226555,0.1602969546308592,1,0.29435194796862824,0.22441209747590218,0.09099735182110437,0.3339675569036382,0
-0.28014197063321883,1.1156156059421547,0.13078792839171122,0,0.21515064902902492,0.2297043560588218,0.19012368401948299,0.5109791650103469,0
2.039470701432216,0.965782317230743,0.14859435795007753,0,0.06773193749258644,0.11812512467729458,0.17566869617916847,0.4487786546512976,0
-0.27486954923717194,0.9786229394352131,0.04813572722584132,0,0.0077220782192784524,0.19336432594793465,0.12912549685157923,0.12580120421622923,0
2.165167242442948,1.2987604522975629,0.016572017215439362,1,0.7580882581659445,0.5089972535456126,0.5639064198439061,0.7939956823639092,1
0.49281696319351936,0.9459764376076789,0.09422088694081757,0,0.15385962674732204,0.24769578020072439,0.23493515429820988,0.07687066434500252,0
0.20879739974950268,0.8674306705029383,0.1480615234138713,0,0.0793701060467248,0.35926930913498223,0.16353633313925092,0.07507755103068166,0
-0.867697904822904,0.9349865243414114,0.061418069042968246,0,0.2798397914436937,0.20972814287118965,0.11217592705586633,0.20277953067538468,0
0.3848949253461766,0.9246520858207341,0.20632166453770867,0,0.06877102548273684,0.1465748252913371,0.14835101400831815,0.2823194651949102,0
1.8023430738488595,0.9794787001081244,0.03234823622780234,1,0.7792970312541936,0.5856966050894394,0.6305530383250834,0.866846414477546,1
0.5392401391349891,0.8656504702693906,0.1834234268109718,0,0.4013373187490546,0.31574429375414903,0.1735162094865018,0.35002909326237625,0
1.0785405330635185,0.869583702026086,0.028448156813731057,0,0.15297463286413326,0.10142699601087313,0.08904444407139467,0.16241289884459068,0
1.6047888530906402,0.9285557794350879,0.051618919734631404,0,0.06775927559247483,0.380760175863294,0.20439721393173688,0.1051173731875722,0
0.48402405741259147,0.9804936484555422,0.06940079528967051,1,0.098059717483816,0.2274324340677414,0.048810875833063316,0.11713151874025156,0
0.6459176070689421,0.9304634239642042,0.16272633958606159,0,0.004111737678830544,0.36954220962907586,0.1674252127977701,0.13230062947316532,0
-1.9350094513891622,0.9584164524383433,0.07566490154095912,0,0.03512277778739309,0.25296762282112095,0.1938094668363809,0.3765045978616517,0
-0.9086022967678353,1.1479260629360606,0.12170670939651049,0,0.2251597696127026,0.15283664539339173,0.040340618769005895,0.3572023337693885,0
0.27784871423418306,0.8973921122065128,0.06258745212403202,0,0.4074124440460465,0.16505299825397507,0.04800732267577212,0.2236217311349024,0
0.013857844420090935,0.8825563393191803,0.20389883592438873,0,0.11799261798943322,0.1397534856338527,0.09553867540306298,0.05975990097513906,0
-1.859669409107735,1.0000665272803368,0.07720790937216929,0,0.21241544769855222,0.0983639997923831,0.1485082852843799,0.09802391145377606,0
1.9635281004905432,1.1046150520306497,0.04258583262190896,0,0.8163538661054486,0.3743078507043029,0.7738316772971946,0.7699180055217709,1
0.8938131238639027,1.0374260819220162,0.12751255989666216,0,0.09578595022316287,0.5469757974987481,0.10389665756775122,0.2957480924195193,0
0.25149562185121827,0.8321920664323654,0.060335260072692146,0,0.0739806133969449,0.37558807941080513,0.12244995669597361,0.4532472746378489,0
2.290948298018678,1.3036182597060282,0.004945945717590831,0,0.6688702698891444,0.46770422555295926,0.6580738534574031,0.45746547278619815,1
-0.592916276223731,0.9289183379853592,0.061644444771974984,0,0.10338863637188946,0.2537231939089467,0.06028307683169151,0.6141949947577297,0
1.4724866179115363,1.0172587392936672,0.2139675331886089,0,0.1278568529483835,0.3061353658983897,0.10125798121911561,0.1446113703021984,0
0.031188565432266682,0.879822638485862,0.10057689819877481,0,0.08854104668128703,0.19278491319651003,0.17076066731553552,0.1289475174729034,0
0.6781129452851249,0.9078659902274867,0.021236825629087554,0,0.03172471709360373,0.16119297962996318,0.3608336705830375,0.08406598241274063,0
1.6235850293320384,1.2459841755386338,0.03516506642777026,1,0.902374165897844,0.45251883294359235,0.9009507298218447,0.7397102002555437,1
0.9915494865257813,0.9827822214943929,0.01804539338382056,1,0.6893938677809488,0.5047606183759925,0.8158503663627937,0.5335104256038296,1
2.4989279583351482,1.0048840719660146,0.028561516313095336,1,0.6155198472465812,0.8677546483300096,0.8152341105802026,0.6272184599424314,1
4.014187368026195,1.2874404306905831,0.003032418611809538,0,0.6905051335560702,0.48398881896528784,0.8147460437732136,0.8924401156675842,1
0.041792903020216814,0.984558485814899,0.15250317609671354,0,0.112375348013354,0.27450724429347867,0.1894997497905092,0.22516163809788517,0
0.055780042829844036,1.0135072104436975,0.030600497741058733,0,0.1607167732006457,0.22375265736203342,0.08368389179222929,0.07970205180503276,0
-1.9400217781070965,0.8687193192197809,0.062426486206030855,0,0.15483626267101172,0.5250305713057825,0.11343520377943438,0.3536979664848031,0
0.12678632830852166,0.9526434573916587,0.09293077910132234,0,0.11160675538572977,0.17167555509752327,0.2568299577377836,0.23270681346991623,0
6.454423276248156,1.2838910503666183,0.009406921757491013,0,0.7936931712989825,0.7323917731662682,0.9506619478469158,0.8078267521377706,1
1.4413946819044443,1.068678516115902,0.03536813732440651,1,0.7205705728390697,0.45674521282946845,0.5957518829163486,0.9782634910493024,1
0.33952802557641226,0.9030421418192861,0.17252631957903464,0,0.021819195394970247,0.11212873111438561,0.12457961990669605,0.4741543020224991,0
-1.872106792580826,0.9667604116554289,0.11672499329543451,0,0.14559351129396186,0.3650369324663538,0.1297017530443857,0.23061727575857366,0
-0.7295573633930508,1.0547405316156937,0.20987136268056739,0,0.1728131309346812,0.07990685004687466,0.0012507128927852483,0.025614981695118628,0
3.8602818879904275,1.1974671261566834,0.007680632057043818,0,0.3692134594655049,0.6807202944836703,0.6946670744181928,0.759533243063662,1
-1.0818200730231546,0.9050627725597363,0.08033293774350646,1,0.12349561605676886,0.22287355490573998,0.15730798514202948,0.22475850494786967,0
0.39416877156564556,0.7893923499076131,0.015049801559075109,0,0.08730786977690912,0.3750294572925572,0.09330289997295199,0.1075479132124864,0
-0.8983141772317187,0.9323868235640163,0.022969107888421304,0,0.022238154497692262,0.2909107885673737,0.07433786754989143,0.3602629215956,0
0.1676665195574822,0.9385887127280965,0.09883008333011777,0,0.23478818474001803,0.3090005488450772,0.04642619625320481,0.13932928158341748,0
1.0347723666238537,0.9314661492656102,0.09964679386578872,0,0.03438938682335426,0.507383532141981,0.30767836671096865,0.21049530757982896,0
0.632476345732467,0.8845953595366498,0.0762277922644477,1,0.2991442430988822,0.07983597439827259,0.08444265051532546,0.04765980656044528,0
0.5738239103762542,1.0935938225123711,0.06651807586414214,0,0.13251527617592251,0.21545830435201155,0.3343571714511302,0.3141029017613818,0
-0.08660658553202498,0.8610058689421942,0.18323151987266817,0,0.14784239101122737,0.040955670591959044,0.046158633672056935,0.17864161167157946,0
-0.7954018544368788,1.0477840150034967,0.14625143756521664,0,0.022717594614589148,0.20321429245707748,0.012872888089353367,0.3435422219419456,0
-0.13268257365609137,0.9377989104911812,0.050789716858653855,0,0.3196235182430746,0.05059548189406465,0.027941180955289927,0.2174101939244391,0
-0.696095509829865,0.8843403151442575,0.015263307232994289,0,0.03249159164885479,0.11735813230180184,0.039781879490622174,0.14894554421912645,0
1.2292778715076476,1.0883471286646877,0.2061923720549394,0,0.12833081328748552,0.23433098343360634,0.04291768811661416,0.2535958239736333,0
0.577727616879584,1.0502327194602854,0.07324135059162376,0,0.05394361667418901,0.049482923993712534,0.34666355221315115,0.2426519390234226,0
-0.07061545000562591,1.115867411583185,0.21135623741194315,0,0.1572819698783856,0.19974873371615035,0.10528254440621337,0.40501751019417337,0
1.583694964629942,1.0019168409661388,0.11993993486027292,0,0.016143775339215176,0.37622188941267865,0.15531841097791071,0.13875186615445703,0
-0.2378627709293596,0.9463691387689442,0.19118408948087795,0,0.056948209525512695,0.09389955942620888,0.17184693870178588,0.06556937927933613,0
-0.14001721494492497,0.8445116590264188,0.13316313804799484,0,0.34784321966157195,0.19364740780677644,0.1992075753138782,0.27040044928443036,0
1.2706160257137407,1.0778136540600785,0.111510924387605,0,0.6207413662625969,0.279143472563741,0.22734958150914242,0.029251443684219895,0
-0.4960302652887671,0.9834830023974912,0.1627362131741118,0,0.09809292656470951,0.29377483864180237,0.07877570354726826,0.08812373838984124,0
0.7884339630776277,0.9857665848613588,0.11471028375822323,1,0.20462798935404294,0.2718438317456763,0.029642236648270027,0.008198207087712751,0
0.49987771136633424,1.0914833207296424,0.040545912580041844,0,0.06850998771529968,0.30298207398446614,0.18907795628921523,0.10004459462018837,0
1.0696075899993693,0.9152684620836169,0.02996123052270936,1,0.7551158965430552,0.9770215746618329,0.729772697295922,0.8293077104456567,1
0.5940637937198301,0.9708739653774678,0.05173183329819113,0,0.45449186928476254,0.5731223807782492,0.18585371751140004,0.10749615319811877,0
2.7491038125808904,1.133291927095293,0.0140479728936843,1,0.7575482117791653,0.800029697757264,0.9041018615656452,0.4551122065536168,1
-0.607329968545423,0.903448594561012,0.019626559556487302,0,0.32502324551513506,0.5632414636035666,0.348726055450618,0.3437355465947322,0
0.5566723130215139,1.1045757314910307,0.11528933098105859,1,0.07899636790044054,0.24407437393166354,0.027716747200965945,0.14724401324948502,0
-0.24008842229020594,1.0067451333148247,0.18955431210936874,1,0.015300804401790461,0.19292941716785675,0.11210308922788552,0.30989333752728704,0
0.8512227507528579,0.9610434699501561,0.16858951884363416,0,0.1625979103586486,0.4869451068670697,0.12904272384023985,0.17466715119540663,0
1.0298737577337673,0.8513985968126452,0.17241148924080035,0,0.27504075734400457,0.3246354465891828,0.0586601376462868,0.4206076084987227,0
0.7288621968322169,0.8939110406628366,0.0931256052904219,0,0.2821640800547186,0.042592392075487075,0.05959357661608388,0.33210308770701813,0
-0.6986399874074002,0.8641286300038363,0.1755015054116728,0,0.389437271477859,0.2151400165682627,0.20729835819650044,0.10430102535631126,0
0.678400982252231,0.9008502874032771,0.10546123903376409,1,0.18610444171075816,0.2717910636550346,0.07892898466141775,0.07521148990364947,0
1.4454504435326692,0.9180346388986359,0.050200547739606076,0,0.21950269178898282,0.3235910851464404,0.13588149316066328,0.2797164933335122,0
4.304525182630046,1.038930495776331,0.019383163023381472,0,0.5466068173363565,0.7064995061746301,0.6225208027887756,0.6566658390907155,1
1.9878642117604008,0.9461758610082828,0.16184669541258578,0,0.08010389433999761,0.1972011022622283,0.1435422384965026,0.13866078995379638,0
0.7772520184530306,1.0633019071212704,0.13380495567574613,0,0.07805239147016536,0.22376480385422884,0.11898115948434845,0.058537249769392355,0
-1.1929401428383974,0.9150929602846235,0.0702454602773395,0,0.13478790129318022,0.3032726590901153,0.18663149840840956,0.06382746783088376,0
0.41878651636354763,0.994468993521203,0.18821482734088385,0,0.11519971230696889,0.5025637789799016,0.10371326602102177,0.385140127320618,0
-0.45767076766305553,1.0248638916473367,0.05447923465399822,0,0.05303082347697365,0.34607594051971813,0.11392160609459363,0.23332984847211788,0
0.5267234789210578,0.9810840649563828,0.04671039387789654,0,0.18914803145582684,0.347264720431529,0.029561094788487032,0.4018716093669114,0
2.676556887227143,1.083084319027849,0.017188679204864166,1,0.871573748696896,0.5322730453143708,0.8517015094524971,0.8259217522045083,1
-1.1665161450547004,0.9881183920281761,0.037402286300472785,0,0.13636378361062307,0.14978247107815665,0.10189208015292611,0.11104432595469477,0
-0.16112842003763223,0.9816045886713137,0.05083127658425739,0,0.2717014005400195,0.06534351417246835,0.12853981221606764,0.08156833980096856,0
-0.36138663092764467,0.7601551186005648,0.0768761054830435,0,0.07493146087096397,0.11985683641053374,0.16336360104669537,0.1339528735367762,0
1.3857044256823685,0.9633029964469951,0.035443871789940434,0,0.07085654629265929,0.2808504155816416,0.04524469728906922,0.3903618472066519,0
0.3072788516524145,0.9233721291054008,0.08079176485548528,0,0.13522901844900684,0.14896865911345747,0.012106336396874157,0.15308504130982384,0
-0.22700041145770078,0.9479743631782502,0.08367675684132764,0,0.3118236914113138,0.29867344739902624,0.014386035919789946,0.24263281826612734,0
0.9078229705219206,1.0133015737634818,0.08180747939569677,0,0.3335530604516117,0.10218779616908677,0.08185143969196593,0.15663594929577815,0
0.01792266593226479,0.8990915784152848,0.028220589493448488,0,0.07422390394852331,0.3354300213292854,0.06377682027545986,0.18428235768500648,0
-0.7638849625939677,0.9276482061452831,0.026585716613335253,1,0.09523350917933945,0.08992670145784985,0.4176882388259689,0.11834101259266797,0
0.5524942212695502,0.9405551040895307,0.17987353664758227,0,0.050032814844912975,0.24014347460009375,0.21760873202330136,0.25001229312975914,0
0.25763081514681513,0.832048419024455,0.07575135576051906,0,0.10354964447173856,0.19412469222960502,0.12060741308900272,0.2801228122990858,0
0.7908535255657232,0.9858379602894134,0.038321201554932634,0,0.20190624408178345,0.0721105016551563,0.05595249690028231,0.29742300976733754,0
1.1624838576893937,0.9603383887195321,0.033662444563815556,0,0.292071097295149,0.30189971152192885,0.019518362615138583,0.17728091984552122,0
0.6926004446828828,0.8914582324938566,0.1484116057736149,0,0.08787510168012862,0.2976515499297172,0.33872208869955744,0.24673932111453256,0
1.985862150066279,1.2246007621060522,0.02039325911317537,0,0.6557366820201784,0.523930517899626,0.8912436076591403,0.8832311779802703,1
-0.9061541753321917,0.9457665699356481,0.13669016161151495,0,0.11028611939206669,0.4102915417914721,0.09130275969562705,0.3047241100561543,0
0.2783656953451161,0.9008777073581413,0.18854363610540759,0,0.045277628103352625,0.4559771980238017,0.12704095808286875,0.09831693912157108,0
1.7430413624965313,0.8319783116397031,0.12935107577576405,0,0.04018266745312191,0.06207132883012175,0.07513118634117667,0.278579664291618,0
1.1061264717367925,0.8203434053712277,0.09464888534123862,0,0.016003588046748483,0.1344425547772638,0.18233012687606678,0.08575561071379073,0
4.271898832483053,1.1968992822116964,0.03277880645697399,1,0.4644518246468903,0.887622935936856,0.8260246431936505,0.7381337996078658,1
-1.0010015961411414,0.991843857320741,0.18333085141946187,1,0.13081821760009701,0.10904661862799643,0.10255841213996364,0.49054481465843736,0
-1.3852327605401158,1.027750568310793,0.08823460347487792,0,0.024520558439728442,0.2714940404683691,0.08976412381103784,0.174599690368418,0
-2.227258770471697,0.9988947833249551,0.17734084037655856,0,0.19018631894645724,0.35292147910982996,0.16676816183078036,0.04095707057946418,0
0.8216121568113822,1.13434874883165,0.03734015440327248,1,0.7038653501410055,0.5991441865022382,0.9043139087737861,0.6306862757652137,1
-0.23476760472532177,0.9849322284803822,0.15430812649740022,0,0.06386795401340525,0.13904063182148144,0.294687410133255,0.054857654295486585,0
-1.32799675230015,1.065819557350811,0.015539591893815576,0,0.15304488229394883,0.05540174303977103,0.1599454981144169,0.05734477166147589,0
-1.0701892329802754,0.791548244652774,0.09703183093740679,0,0.0700914950588669,0.5398930476756452,0.007283298929272142,0.15926069405640977,0
0.9792915839074917,0.8967294566644347,0.09888531197605821,0,0.18870286239099024,0.19248466886786075,0.055657792921374925,0.06609950820782055,0
-0.0755016481128996,0.9291461895217721,0.12161695005939971,0,0.29624584891586797,0.37174246088243057,0.12568645618422628,0.363384238282233,0
0.3618033885472781,0.9229470910331681,0.05812627671361634,1,0.11476694057732656,0.12242680397035753,0.19014912600809863,0.03950895321393022,0
-1.138020260098635,1.0893040034177532,0.06181290090666377,0,0.12440456685093043,0.28118100324791684,0.1594499317222094,0.22271707923526374,0
0.4836794555466423,0.9130867880888981,0.018067045642541645,0,0.15648958162269022,0.23981976858057183,0.11871180584794594,0.14130381457061925,0
0.14770373519887084,0.9212705204332146,0.19174135645009,1,0.16735916920375257,0.5014106589884432,0.17284235225791414,0.15111825585933422,0
-0.12020835169933015,0.8334057620781088,0.031046268549624553,0,0.16597520562393697,0.16708394953493486,0.08320932027174711,0.04311708819135095,0
-0.8305354998535288,0.9024712438840651,0.060353753060370156,0,0.2968373833393019,0.43073655839744374,0.02386981235805339,0.10905175757780683,0
0.8547573133487705,1.0469842420442095,0.033866369046231436,0,0.9207201901956532,0.8135315556126986,0.43173423781563325,0.6374322485359607,1
-1.040054736352703,0.9920188684421419,0.111234146741579,0,0.15302802577398766,0.13375227033561934,0.1866334284414554,0.4138607392601475,0
1.8188803680351122,1.1825735320198494,0.04179030391599522,0,0.6655578935075036,0.6043707413721021,0.4854878196549816,0.614120252833654,1
-1.2322733675921111,0.977231720436503,0.20231413627132416,0,0.23225992504548293,0.11579645536488753,0.10142064133101156,0.1873563017052704,0
0.9460356103231449,1.2811595850437754,0.018304978045339967,1,0.9106801871422721,0.7407579423494562,0.9488958308070086,0.714630219598912,1
-1.0221731474823836,0.9192154645447294,0.14604889105217939,1,0.03324975061204028,0.5855370035044403,0.3129941126137764,0.031789348222815504,1
-1.3141697034975088,0.8937442981627812,0.0916574362887738,0,0.07116457587600679,0.3885204794592033,0.18633188604773684,0.14027023714917913,0
-2.6675609402387432,0.8748623994546121,0.06674483166019485,0,0.4070849346793791,0.13703838627928736,0.09748088988845147,0.5538603711913855,0
0.07587034064133574,0.897439720599117,0.07420604384058838,1,0.1951006678841723,0.2431731866077896,0.1283233982717094,0.3692368477300601,0
0.22526257524689736,0.9486681131191899,0.08208034254809805,1,0.29162439386205014,0.3766609963099352,0.09116758401067561,0.22527216558998245,0
-0.4517426065070503,0.8399822510842451,0.1610832884961706,0,0.09885122348060348,0.2460089274171302,0.3517925663382352,0.11156761266909326,0
0.8971795226907351,0.7574584546999349,0.10395672617443162,0,0.1268825458205185,0.18299835178641496,0.04546049736201856,0.1419800087084071,0
-1.124022550454368,0.9310829786644811,0.034705799605091056,0,0.03853474216802914,0.195450461556989,0.05183811233269741,0.22582576860185005,0
1.2303406153016643,1.4113053117915948,0.039028043212652505,1,0.36824416851844927,0.5410811698609493,0.6272876055228234,0.5522022544893177,1
-0.8044589999487487,1.1118213613396781,0.07063318599131485,0,0.09041988807660278,0.554433666184606,0.07585331196445978,0.06905521737462947,0
-0.5801087334452558,0.9407467860375829,0.06729288059638662,0,0.14143749033215586,0.08561544371447323,0.03825485281750574,0.06820568105394069,0
1.3269062947508854,1.1082736587995152,0.03771334071038969,1,0.7901482102727766,0.495233011230935,0.9367535622863138,0.9363195947512746,1
0.8485617535400679,0.9201630522545726,0.07789282803757076,0,0.20967171703843737,0.09987109418240615,0.21769567813835444,0.2663905150074868,0
1.038899166788471,1.0017714036747147,0.1984262073375615,1,0.07247040402186515,0.44456438737949805,0.2610882303636768,0.44189957894320947,0
-0.1383913094366795,0.8365505417645703,0.056724782108769994,0,0.04343547484865036,0.15085335301994546,0.23400895068873637,0.38906276428440356,0
0.38403128603417797,0.856589972227819,0.05609615479210359,0,0.03953078240398837,0.5558318034262414,0.0697876092029229,0.05875742747756166,0
0.09479631846286407,0.9195227040809716,0.05404368439115942,0,0.09859503755946532,0.37472722722531326,0.2742740843738268,0.6450694446708333,0
0.2419643366356447,0.8788416218634069,0.18316005692488135,0,0.26325632851997904,0.11008811402926807,0.2519096279621432,0.20033398664426413,0
0.397690986030404,0.99122929555163,0.016094524103786152,1,0.3355688466071671,0.038710840549483344,0.07742908831188233,0.115537536685115,0
1.1998984062095825,0.8426571847507458,0.12198177054309665,0,0.025658252430777545,0.5502817640057972,0.36559980158478883,0.39789873499637,0
0.5794854858361189,0.9687526777466375,0.022727965036647476,0,0.1489851318553135,0.21435635990653049,0.12754019194438712,0.39622972147657554,0
0.5837911321715454,1.0366708655873633,0.20395396723759057,0,0.27000166983061813,0.3485170581254749,0.34502208257307343,0.3121960030249078,0
0.5423876430530341,1.0380249966782382,0.05436333144842951,0,0.26809453591700827,0.30338528647574153,0.0292518725984561,0.26473876440680966,0
-0.38154367065931905,1.0879576752091031,0.2011788671177831,1,0.2749075540009913,0.2660935349837072,0.018205816904133375,0.13601621953883863,0
0.07151273895645993,0.9754703561539327,0.1822432744601855,0,0.05565163613658545,0.21444265360601558,0.08075879776128862,0.3367974878268017,0
-0.5661668431840036,1.0423015193138785,0.03055368645092975,0,0.21177532580264183,0.16628993868325653,0.14794527067250604,0.17395527846568792,0
-1.2159949871634,1.0315717750059097,0.14665297558555296,0,0.2130604264260872,0.5538389434038461,0.3806623117357032,0.204916674608461,0
-0.9149251107870462,1.0550877458469605,0.15265992049261268,0,0.05565013365913705,0.2879391041404525,0.04319423443361459,0.09907340875530532,0
0.9027738159105722,0.9176426429194393,0.04158978288795551,0,0.05334997361707288,0.15282941135930592,0.01985641125831429,0.027498580757989482,0
0.2645320844613066,0.9352280228809551,0.03847923800690139,1,0.18868693233241424,0.15182011368980922,0.12092016767802503,0.1264393926262721,0
-0.05010345521383029,0.9555263641182229,0.0945648986375419,0,0.022441504215974312,0.0798134670597136,0.0224494123738784,0.03567196557068863,0
0.7601510186379671,1.0417298387258431,0.12946881790189552,0,0.06485120052195456,0.3435965398055241,0.4617394127155703,0.24161224108118812,0
-1.0653325553681252,1.010877420056939,0.11648646885918991,0,0.24303168069867725,0.40482331816717304,0.08282791424330267,0.0701382095172497,0
0.630935763026968,0.7939529592737173,0.19404524887138996,0,0.13045494934801144,0.4567763750034671,0.2163280484298631,0.1506048576080825,0
-0.19167758311524907,0.8770347141144003,0.07423208841480444,0,0.15287672019330123,0.16749854979270917,0.10625556236335001,0.05381543928663265,0
0.8738619059318667,1.0345753251408307,0.05376091902456152,0,0.13158276401166152,0.1160556312862307,0.009710538457597659,0.32722290077330646,0
1.1749042080620327,1.374303059746564,0.020270001380757657,0,0.5302167705389891,0.42944389810659955,0.6592484660250199,0.9375599888488355,1
4.579909959016846,1.051857835435995,0.016724875008415657,1,0.8622876395840976,0.5014588684622076,0.695524670606689,0.7964419190693807,1
4.2889801777599805,1.3624747298247586,0.006374574997650078,0,0.466066237083767,0.2222386131927491,0.5949291287280246,0.9169191652256485,1
0.16529397341971036,0.9108541484722964,0.017187376036263368,0,0.2708563683450539,0.36493357792813874,0.08175381938520433,0.12931997154235764,0
-1.671952220192018,0.9966149268842841,0.21554442002354218,0,0.06000305937217726,0.3189611836642297,0.17453876389986236,0.20399345075919434,0
-0.6078370359477271,0.9734447844773456,0.05215630238806815,0,0.13065453895751358,0.20631373557463603,0.14867304712253415,0.37998914397574013,0
1.1801805130161689,1.055336599768565,0.1918484084038738,0,0.17310382314501088,0.3603738073248875,0.0927544540498294,0.02256364009487452,0
0.751959826075041,1.1173183148290389,0.00941396203111063,1,0.8982796037366184,0.4280994662480027,0.6031386113680338,0.6600300531218666,0
-0.46909419751149944,1.0484720339485847,0.20705495316865813,0,0.20225418462889316,0.3132849007376451,0.20211160506551745,0.4008407805010326,0
0.7897784755608822,1.172326112118834,0.03711148354528266,0,0.24641782859367428,0.27041140852949597,0.6832985064013705,0.48779090167658934,1
0.5129949506528741,1.0043246216892725,0.19562655541309604,1,0.28271142265669374,0.5746312541232224,0.040768175959791916,0.05690639434979177,0
1.774069634430297,1.1019902484058295,0.003659066827481975,1,0.8981223647064728,0.4120577248250226,0.8118754066160152,0.5900781335776683,1
-0.22222271783931552,0.7316298669676486,0.04802550476756656,0,0.006963422713410766,0.19516651395302423,0.004634158208754533,0.0383654898898747,0
1.9985021104109757,1.0378481248812057,0.1391806953185893,0,0.05793688288737207,0.2869884397094231,0.013094351651621,0.47939310903692184,0
-0.5368799997337546,0.9807015844195137,0.0338293191319862,1,0.06375590842230766,0.16658224460399115,0.3292443957704803,0.23592044938488835,0
-0.17946021419832808,1.094761986768276,0.1324955958361554,0,0.4079117466729167,0.27815523115082763,0.1541951383948222,0.20116971023105332,0
0.16374162159177064,1.0233487448310454,0.08239292761166934,1,0.470034385081456,0.1194018447607018,0.08419740221480022,0.1067108640910796,0
-0.7796738318127818,1.0473685427185941,0.11901578923821693,0,0.09586015257332463,0.5534264009410786,0.21066034771096734,0.05796705923607426,0
2.8739736802939944,1.0238395639689788,0.15644269321090432,0,0.12692976389205785,0.3542313000156936,0.0006856673532561262,0.09442706349051871,0
-1.8615061518788263,1.011092813491448,0.08829023232758358,0,0.5774852473035993,0.41513115025013525,0.027457571189220452,0.48285063099741415,0
-0.8519687102033254,0.9482235777051522,0.01666218036167371,0,0.088448572021846,0.4059228193978323,0.07373687178094614,0.16449060744456048,0
0.12711844526302313,0.910623020268163,0.16059988509508816,0,0.21396138635829848,0.1516967229046648,0.11766963482569585,0.09461782105339576,0
0.9052768327762182,1.0149082844011625,0.0708743385071571,0,0.14246487106003625,0.11357688425668361,0.18070271537021831,0.10186372856916535,0
1.87738508882854,1.1461265135551304,0.04235942503875831,0,0.9710425198726926,0.6141746357571947,0.8115782947551177,0.774841614183098,1
0.49839957364710663,1.0184800501428384,0.11256079713200616,0,0.46313915579090065,0.063494501050089,0.0018492329979620508,0.022132826170319673,0
0.6515064398462728,1.0196120691427855,0.15436271567009385,1,0.11671630715887076,0.15462401951227614,0.1698288337143658,0.2569482273727472,0
0.9183664697877119,1.0483146837361526,0.17267982325233544,0,0.2429006926017812,0.19517760930350195,0.24845764754830718,0.3051201300454311,0
0.17288179797446368,0.936659309419317,0.08172818431585777,0,0.09906524359248745,0.12506030450473596,0.1507302036424371,0.08258640194552162,0
1.1010038554938266,0.9940674926903863,0.047448682492115105,0,0.13156695646402924,0.29861295539222193,0.27949874145385467,0.19794392413934972,0
3.337414996353732,1.103006431730021,0.021659228858518557,1,0.65257788862609,0.7695777585326845,0.7446459024103822,0.6269877739784888,1
0.6676341713370622,0.9524433028446397,0.12914776385705307,1,0.1424267096826567,0.1522310406183803,0.19817205979726676,0.016287154534590308,0
1.9915773919389532,0.9767627384210235,0.128604792930255,0,0.11283942260538697,0.3965173668074467,0.05116105229736993,0.13679852738447934,0
0.12077167128448153,0.9848887992914556,0.1329777087861571,0,0.12306579363442914,0.32786196881119567,0.07372806819491953,0.5541061128786651,0
1.3108241809128018,1.0829790647671236,0.012659605886660943,0,0.7210166763393184,0.597634718074637,0.8691444599270947,0.5182704526706343,1
-0.3725269473414569,0.9833754182661099,0.16308656906472369,0,0.15249435956316007,0.2939412296383848,0.1979860763002837,0.2229911239679284,0
-0.8261915797340218,0.8785788552738437,0.09040867213427421,0,0.09089150730899415,0.4532061350723171,0.30323890178389723,0.26540926060187137,0
0.6637576741654676,0.8642569082858951,0.21947170250597864,0,0.14587283866811487,0.15193094243595767,0.14419514880808673,0.10921092092271656,0
-1.0387252685569968,0.7193894128244994,0.10071697795769266,0,0.4646047064861221,0.17086265797412406,0.023654105096887496,0.07396353775072256,0
0.6674463139985954,0.8843594496045815,0.1873609397475185,0,0.1808784744957951,0.38704124300095555,0.026954680730126798,0.461025235201172,0
1.1709691723580775,1.101462801357331,0.009849507889763718,1,0.8492077411816707,0.3232980995757192,0.7528190798972436,0.8003421859898523,1
0.41364577113308454,0.9684603033017184,0.215053526870625,0,0.28665496101329435,0.1396081035252599,0.11103279693599748,0.1558557400936468,1
0.6242459912966815,0.8247462697914838,0.18662992430653325,1,0.2130585718333633,0.1539700017413379,0.11816055229258246,0.08713631902195969,0
-1.3967349111051048,0.85702691451326,0.11118138669901821,0,0.25709888026090194,0.21696052306995503,0.35835824903143537,0.2770787258798353,0
-0.768448709315265,1.0081694656313986,0.09792650251393818,0,0.20254417654538723,0.17330306964231393,0.08295881812669048,0.42419739983905447,0
1.0184064247387385,0.89150641274706,0.08428384574429816,1,0.1848655942648691,0.17247286498394718,0.13517223130323855,0.29067939006033916,0
-0.5184199562487982,0.9838761451185152,0.1419670177169413,0,0.12466306046683534,0.14664318798360615,0.29479549118700915,0.10705001587201156,0
2.965068846415946,1.1626649329591725,0.019118955332816434,0,0.7201912601631931,0.6942352337384777,0.7948756102990181,0.7724502010488578,1
-0.8215100093772717,0.9410390423989897,0.07279706129006049,0,0.3369380286880478,0.19296208437007267,0.16236592639967615,0.3560608201817528,0
2.2866014175794316,1.2019403390854524,0.0072883713213005895,0,0.7287813917119205,0.7719082715246689,0.5713346849338667,0.6626369785163027,1
1.3510530553102968,1.1760887221550358,0.0441704149658446,1,0.9569373703300355,0.6019232637266906,0.9227755639365652,0.7737112049619893,1
0.6129572151479322,0.9084527786382413,0.0964850384466387,0,0.1784343034248242,0.19038248734953028,0.18586586205211145,0.062427667223347354,0
-0.18301447633366963,1.012432306388019,0.13727728839651027,0,0.13536560734687558,0.41850467834210275,0.04119150076685915,0.23656311572708577,0
0.3213926081002512,0.8831962963776429,0.1984819410649546,0,0.35743779750844085,0.23493834509974465,0.5571759881423498,0.40943570539421137,0
1.0272076924454123,1.0741844291431373,0.03407122682188362,0,0.5429598449665501,0.066944354335874,0.18969406771903666,0.06411624913142241,0
1.8075129313975147,1.0325855425719606,0.02787363162954417,0,0.8799954399558311,0.2948007234651116,0.8361201862575282,0.7656255287879219,1
3.163721167690741,1.2605117345692465,0.021272989900958723,0,0.5618112084830784,0.46352904948001405,0.8658045006535577,0.7991579643653999,1
3.317266618650204,1.2581853594135464,0.02349968989063103,1,0.6757658369663138,0.17096014089026204,0.9063323345003564,0.917195213114923,0
1.8055456295367698,0.8115608887908734,0.029053185300351697,0,0.894455539489013,0.4479500053964012,0.8250541592425192,0.7358970311264674,1
1.1622304580062448,1.0270264428183584,0.04818860006073348,0,0.03191173988310481,0.1539800463226442,0.07257324957505651,0.08963667229498684,0
0.30257276404112277,0.985597215291613,0.18905207522311196,0,0.28447453060535693,0.1631282152375965,0.07084134535077678,0.08991827092283274,0
-0.2584188346723139,1.0303533632909923,0.1982237084911987,0,0.08038337742807457,0.22841868964833983,0.0924263085728724,0.30152017060310066,0
0.23654059645904957,0.8531310076665108,0.11920389732672239,0,0.17740721789331027,0.27890030925638215,0.01603078126395353,0.12069667949308922,0
0.931228816718275,1.1906152714032319,0.02756079909282478,0,0.901453947608634,0.8638944132031393,0.8570218941337548,0.5430370459097293,1
1.7726282184801077,0.8760275600872047,0.03337451352744667,0,0.07890439988701319,0.36618887253887866,0.2406040980772626,0.20905857968372848,0
-2.1449354424487863,0.960251818152506,0.14849553097954604,0,0.1794013490773047,0.3510697098254089,0.08168989939405184,0.13233104753311845,0
-0.379891702088605,1.1117830955818488,0.19787524197419226,0,0.021618589819498903,0.28175187813040653,0.06863729608799,0.09358501631225585,0
0.050186358426377385,1.0450125832630022,0.08423070881846603,0,0.1370620255226507,0.6135278338738823,0.2868135210980057,0.23964628654315354,0
2.291112860636191,1.0455996910807375,0.03424199504396429,1,0.7762554541081436,0.5628270494866422,0.8137300098739795,0.8094539054767286,0
3.2049670102098275,1.171787910284239,0.016427884820779254,0,0.6231114797185815,0.48098685477085246,0.7035350525123607,0.9294250254928428,1
0.5815893476230785,0.982188676957174,0.182286867971924,0,0.03810435215413888,0.42167418721515043,0.20004480943335898,0.10671755064588424,0
1.239173629045711,0.9323264536762264,0.13984481776564534,0,0.002326836148340073,0.11105006624539954,0.5607672549927357,0.049405031481824103,0
3.133419016077827,0.9656306624566113,0.02132925009087737,0,0.9587168458955599,0.5049792658157024,0.7650793868100231,0.7894891007785828,1
-1.4036186343149586,0.8897389397741227,0.13273017564025757,0,0.038697231422513426,0.08621370811727828,0.18242897076771059,0.03792256405735937,0
-0.3679638360784489,0.8904570410409085,0.14227068971870954,0,0.10335346204083769,0.2908975690549245,0.12582469615911065,0.25731282500733826,0
-0.43179536735853047,0.9449390931930954,0.04890093723020312,0,0.12048381570167586,0.20524993643838574,0.12639002337668853,0.06145966081655474,0
0.6362521261752183,0.8706250830634398,0.031059334641211366,0,0.27703828453509455,0.125587492042848,0.17260036315531377,0.050726257429806965,0
-0.01699008619004165,1.0226298987958857,0.14451384294881486,0,0.10239201915262051,0.2827478263217788,0.04795051945844762,0.43210158790815967,0
2.3359880719992923,1.2604304901801195,0.016511640101605704,0,0.7761791884502502,0.4061365021811011,0.7633898786489929,0.8929633362741477,1
1.1644547642902723,0.97235949324762,0.051098304028490055,0,0.15995728426908026,0.25201246461702564,0.2116992205951753,0.25682278389304314,0
-0.16061787319628323,1.0899107994248922,0.10695122262053418,0,0.1523739943444049,0.449259666964071,0.0889989211297928,0.16382800624646188,1
0.894455425378398,1.0423565985278684,0.05882924818586023,0,0.011782951827634967,0.10307731755884458,0.12885253091077706,0.04732280999182587,0
0.9439974951460346,1.2726262266787671,0.029748046678063036,1,0.5719557044908645,0.8355920430030856,0.926347822541846,0.8490866032519013,1
0.6874734624809574,0.8519555228525613,0.0839138944088139,0,0.11431802416843245,0.291625594565119,0.16923248722299233,0.5047174733642472,1
1.0097940037530289,1.0126932378020888,0.013549383573195562,1,0.8947287084438681,0.5741470126467673,0.7939533855099749,0.5171082401668295,1
0.5143452959336895,0.9381964222910553,0.024200608376907195,0,0.12451777743197452,0.16958789577643935,0.07165345339924412,0.345297833054826,0
0.5470699439115709,0.86140550086688,0.12004785303221456,0,0.1479462076332228,0.026674145986450976,0.15572692664354637,0.3547461577150287,0
1.7245305486715008,1.1417780240213324,0.03697600891048622,0,0.40637618387104046,0.8141422491264112,0.5958987055755037,0.6349405529844693,1
-0.8717681418962844,0.9716669176172307,0.17154113628713963,0,0.018712898949603683,0.2642329564595969,0.3150680350032532,0.06269551824317414,0
0.2888261144596656,0.9232188307335618,0.16924250301249077,0,0.1525026857926611,0.29126344679608407,0.05762976486340131,0.3898252956420456,1
1.7416122679332722,1.028213049054257,0.016142400498228692,0,0.4134511398367859,0.49303598826666983,0.8387396225879131,0.9056096473465423,1
1.1215816473077074,0.8112530582671953,0.1389202413629842,0,0.07741544079097955,0.16904944606858838,0.07646779436983323,0.18583518930890683,0
0.059209754917628345,0.911774347537283,0.10716777573158616,0,0.03749138924720876,0.2803989555073209,0.08706731376410208,0.46898257796331183,0
1.4342329098193725,0.9226803696617442,0.12661457309057955,0,0.14889033790897557,0.15313153015280317,0.3110339220769488,0.23220085284316408,0
0.32702159200285325,1.0454703466955213,0.034629610725988316,0,0.20714822620800413,0.021259861880341152,0.06575115708917702,0.021861686670980165,0
-0.04400429668372434,0.965427081113355,0.11442341833838741,0,0.055911340529017126,0.3997409874939941,0.031368829505008564,0.0964881805432081,0
0.2649102431238622,0.94083984623826,0.03818544658188361,0,0.10991343795967397,0.30199910912834677,0.22826401574183477,0.09634185083903184,0
1.1114961086491584,1.0132333458953422,0.16860964780419907,1,0.2502530135191439,0.40391278135680914,0.14664516916937223,0.1926497107565448,0
2.093623572023956,0.9151513890522152,0.2144946658425163,0,0.3018017714001897,0.24199344156463143,0.1917841629424765,0.04258043430711437,0
3.0752865322528518,1.1347371364424765,0.004332433687937147,0,0.7948651542281675,0.5693648635105002,0.6702467447571044,0.8633362493095534,1
0.17904962060802598,0.9932669469028848,0.019433533454667723,0,0.06064627167608584,0.014572002483925208,0.226667846165381,0.34035907634824525,0
-0.5163370543235098,0.9846265898011107,0.17539114077211415,0,0.06691945091495843,0.024620910711055585,0.13696234575836938,0.15594767057601908,0
0.8835597927784773,0.9538045231419204,0.19523688920500343,0,0.09690417523362747,0.4339832103979972,0.077267655505027,0.5033349127449291,0
-0.32211864501094845,1.0255498614511525,0.12984950007552576,0,0.1791932248657961,0.05094175090793437,0.22042992915337506,0.2858103203707584,0
-0.39271220275558466,0.9699801679731147,0.1309790706660394,0,0.18893553925617088,0.2237267230217182,0.11988048779994248,0.26082390204117584,0
2.023719421632454,1.4431326789173047,0.04249838859884136,0,0.70085985818568,0.42129393089245165,0.6733846116485155,0.8174764208895748,1
2.0839568778598734,0.9798909054381862,0.002508820191280606,0,0.6265015687626564,0.6108969977748613,0.6619050129172774,0.7422244575753192,1
-0.11487695684834907,0.8117585213681944,0.1771558351834085,0,0.07389737264120375,0.34148244801570654,0.26668765324735993,0.31159582053027907,0
1.274592736254786,0.9144440180406311,0.16834712156502568,0,0.13432994129579395,0.13607614567166187,0.33930849936079766,0.1734512769714671,0
-1.3917692307074516,1.027021137723727,0.021154146272053944,1,0.02460005364140669,0.6248562537956542,0.1018684157023448,0.11202957810620043,0
-0.00019216989193540646,1.0924966601645836,0.1532093839060752,0,0.1955403495625792,0.2637014293132644,0.06490069648554997,0.08566321790057391,0
0.44462816492875457,0.9260992254381837,0.16955722531049194,0,0.026193010891162726,0.44883441760514714,0.02114656873339105,0.2467124529954852,0
0.28929040668684364,1.1459738644682254,0.10267681654685953,0,0.05763734213377724,0.41091626309121554,0.2815214338145284,0.5946347535910356,0
-0.7940425359236105,1.105444953804626,0.21209060345854752,0,0.3055598376638166,0.2950391584781143,0.0860448329768439,0.0476485530566894,0
-1.4823252438140564,0.9600546255165986,0.17330925655812174,0,0.15419612514350797,0.12247741099816158,0.04204889725832322,0.2358048178328493,0
-1.4736611327758469,1.0160560489696466,0.21114700747112997,0,0.2627842671234728,0.402449255591552,0.0386085992905561,0.08337714208834957,0
-1.4147881940948464,1.00044713934687,0.06767522139923632,0,0.07318985582595698,0.1440658741396665,0.11346167677933276,0.02500765333706844,0
1.629928128483941,0.9343691952450565,0.19495568373304195,0,0.044722317585468546,0.14574248042921767,0.45129277183741706,0.3153092033561936,0
1.1058121738279774,1.0116470169739356,0.15892992361779568,0,0.09927490186713273,0.03862426481877037,0.3371769989392123,0.4332813334177269,0
1.1358580698575211,1.0131762196266487,0.016391575674835904,0,0.008746559861639405,0.3927864644940957,0.034600240389681826,0.3378187428812126,1
0.21500780516451656,0.9013475042312002,0.1466670235189586,0,0.1564326418156493,0.38177814303200824,0.03879381895638646,0.14586989125599265,0
-0.1940112409383119,0.9213737927354465,0.18999413534823123,0,0.03208006797230155,0.07155906553879207,0.22662202324005612,0.019502239150406334,0
-0.2317522274708389,0.9867550811878817,0.11777695369491792,0,0.13926112296608456,0.19575383344138703,0.3921322110685794,0.24343902883909063,0
1.2584532495486813,1.2295490403715552,0.04334762544593022,0,0.40667887961162785,0.6462678457493206,0.6684168290714977,0.7304551954841119,1
-0.38095371040756376,0.9832771784109954,0.024754554471953048,0,0.033005003250700236,0.21824482514618757,0.1348686671202918,0.13814353570991256,0
0.3575803781994435,0.8895145330670966,0.19354835797182124,0,0.004978876913828689,0.4146615031536184,0.06655037570867756,0.09453090481281218,0
0.1023878466013999,0.9780211293798039,0.08530813653851603,0,0.11909197968566404,0.2522933955564896,0.4762648153571186,0.07304954532392444,0
1.1957442460127758,0.9989302768390513,0.012304599581036807,0,0.9600332088055094,0.6793200326831156,0.7820547249811983,0.480706657471136,1
-0.8270763742035773,1.0265293428944322,0.056762065621921654,0,0.013282924946912944,0.19141890196986533,0.17317783675779264,0.16534414768560204,0
-0.5130064313585765,1.108440265183541,0.1796305066792377,0,0.09612289193609144,0.5748377902960187,0.03295374940901932,0.19972317231272826,0
0.11440961349745322,1.0956578302248692,0.2077368661194945,0,0.18576078898039228,0.16772986107648388,0.028501350378807213,0.15563133299917098,0
0.7262484110346102,0.9711248318922734,0.04022568533601661,0,0.5355008979790087,0.07395881092568213,0.011190488702031452,0.10445101550385089,0
-1.4866221618336521,1.0562061204180182,0.0561263560805538,0,0.1456740984695242,0.1314982349196436,0.3036414254791135,0.17044570640490028,0
0.11106995947466297,0.7864258065819438,0.1651195663222677,0,0.130802475015767,0.461471788104952,0.293316321363064,0.1297229341352313,0
1.4565998916573781,0.9646696232654316,0.034319828612927754,0,0.1079157431702485,0.09179850611170158,0.09571192508700288,0.04494503064022674,0
-0.781809829841474,0.9009042001336349,0.17544357037868974,0,0.4240333502807518,0.12050147266457123,0.2490088026586833,0.08177172570857366,0
-1.532865537780803,1.0509851633891782,0.09018417566731772,1,0.03462299470404794,0.30744205507235867,0.07693419579388999,0.19255013590458026,0
1.919073185204757,1.0056405766683612,0.17154014832090253,0,0.14967401650923443,0.18692144896674207,0.08820154641477206,0.18178892931821775,0
-0.07085124596767373,1.0583992294750946,0.1905384512495863,0,0.20505549365081108,0.18722639686262696,0.058271266865128964,0.11336486208672043,0
-0.06568376029503767,0.911331938825653,0.1497760870713803,1,0.1788010343667218,0.35643053427858756,0.18783653417618607,0.09872362528345326,0
0.512407355820988,1.0042432068681886,0.18053297680864133,0,0.31679075202168683,0.20615919389839052,0.19806287242569845,0.3071000042638391,0
1.3819497250010233,0.8250124522311432,0.08150983687018858,1,0.10072351180697514,0.17951287059979495,0.13302232508796413,0.41036199441319543,0
1.830507560504364,1.0663163819231856,0.004209515334922639,0,0.706886178035052,0.6277704946908371,0.8761942701477646,0.7150344823531581,1
0.855534482668504,0.9801053318590481,0.029560036368111962,0,0.3159626869722669,0.17053294827868085,0.04859636429554024,0.10427940131922528,0
0.47092385458888986,1.0121864270541343,0.04113744396775708,0,0.014853324246443783,0.12313656973575134,0.01654394862016538,0.20160198638238894,0
2.762784033319247,1.20567099640588,0.024025930761741587,0,0.36121505428087997,0.7713045962728355,0.6401714944295133,0.8893207060965503,1
0.29442095347583613,0.9898678847769118,0.18582061281734885,0,0.060739970999511936,0.13542543793271503,0.03011548809014563,0.08118820306213594,0
3.2109133444124556,1.1296473304622738,0.008539765560087589,0,0.6510431773294498,0.8218778780559871,0.9338677343464583,0.6703945952945445,1
-0.8342386541844786,1.0769756750974109,0.07546088283979219,0,0.018065360049214607,0.21851263758100906,0.07997570424142186,0.37240713978157686,0
0.8966940691893944,0.976508941706036,0.12163705099618574,0,0.13779254237137528,0.10066886586693381,0.21346031577385066,0.32223286988828304,0
-0.040138668831957505,1.0695760886123347,0.1626852941639303,0,0.09454427492581531,0.2380272671715813,0.14428739026686246,0.07677946917095617,0
1.410984630211107,1.253770437786662,0.02039187506894919,1,0.6806375613667927,0.7603148667915859,0.4671098635971679,0.7891450211877346,1
1.2239062185903373,0.9832757891471587,0.08780201162527185,0,0.5740307287602775,0.5742132369548534,0.029167854713533052,0.03552646539157154,1
0.857359577198419,0.9214149143250957,0.16199482743495647,0,0.08857539839643619,0.365565848401844,0.12675047071584958,0.08718942994468634,0
0.17679762222008355,0.9989844189635996,0.18837770005678145,0,0.21656538038607065,0.45715852795527084,0.15657491539710156,0.13006453777832003,0
1.2453747276641522,1.1274558345767955,0.0690802453640033,0,0.038970188828043324,0.18727413009626057,0.38522313933208424,0.04832943223986735,0
-0.05885333374700341,0.9562103437964451,0.05802803267252442,0,0.006985952992064747,0.28268486372060386,0.18253158152296212,0.2781219263757426,0
5.2166658021394765,1.2348413085233323,0.016470899441940082,0,0.9482295129608739,0.8172304528775463,0.7111740221855996,0.5621475772257166,1
-0.6664232711231401,1.0932281534098824,0.056923389432023144,0,0.0677759886730568,0.13786672783947995,0.09979857870787444,0.25608967941810284,0
-0.4164431964462827,1.0816804981727504,0.09150751066655101,0,0.20022688160756044,0.25319744313535375,0.12190716276765402,0.2731683511641723,0
0.6165766257996298,0.9007607914934272,0.061103845174733495,1,0.09209923984829763,0.18333884174504572,0.176992434093806,0.12223969699445823,0
-0.5218261499430664,0.9301305259997532,0.026255502636708738,0,0.22903262254569665,0.04442050271465109,0.16101979868407815,0.1439752226273734,0
1.3690838920293986,0.971300571206997,0.07131453172546445,0,0.5154674506286427,0.7120459814097075,0.16495949784934205,0.17206728914759223,1
0.45294523322924984,1.0226103861053215,0.015010829521120844,0,0.21700346280908564,0.11969645810512422,0.0966092099500462,0.17175296351957528,0
1.2029147255616017,1.0461478515726144,0.21721487378899224,0,0.06432014517837197,0.13001850796781633,0.18721091978385168,0.22656274047324243,0
0.7197727743499431,0.8486433295238615,0.09248351290646326,1,0.05284877039550877,0.28172450965304635,0.2081698413675356,0.3239255586982635,0
-0.5420510984669233,0.8914921185375037,0.11192263578682453,0,0.014216075723501717,0.19041639142172775,0.032095120903636525,0.20697213745954995,0
-0.6311155797125146,0.9518975425038774,0.032822609941912106,0,0.09669310111369948,0.06776065238658956,0.2558416411019075,0.02789577759265524,0
-0.27132628072594844,1.021660016769503,0.19135080125038023,0,0.2089160229311032,0.138567208494777,0.0438367038281301,0.07786793509470485,0
-0.1511193841346669,0.9427231583719814,0.03219908192892641,0,0.0073550845410668446,0.29840913638781813,0.36396797691339605,0.07542135989993419,0
-2.1318162342456475,0.9781347398795678,0.018903898901229822,0,0.24728290367103656,0.155898085528368,0.14833819839259604,0.19458975091253394,0
0.9486480670160735,1.0993570594472373,0.02213160454623115,1,0.6142106300184303,0.47424488101347323,0.8198416438392082,0.7096029250579791,1
2.5139039474738,1.1251529578570338,0.01848118806114199,0,0.4464867406531384,0.6651930030686299,0.846004960121379,0.8194177985294714,1
-1.3160863720127285,0.9719564871730647,0.2164510891162218,0,0.21408361414735047,0.27737135563785453,0.1133933035503638,0.37165895224620255,0
-0.5373615813721518,0.8502605496589195,0.1912701705187,0,0.11293968416928364,0.08104726813795968,0.2677978882264947,0.2260697552117291,0
1.0463726023582756,0.9767576066918218,0.08477889172389758,0,0.02871786720812273,0.2182576429794886,0.030411636700575034,0.26381253838623653,0
1.1998346638351292,0.8352458633878126,0.030292616191724735,0,0.5261947447048643,0.8013435719433182,0.8621914212928207,0.7995171024749645,1
0.5202626947391817,1.0378897799542277,0.1672784078248975,1,0.2620692798654749,0.1811894839657592,0.06894369188791162,0.2754133515739906,0
0.9897447893621649,0.924142030695988,0.08945377036182614,1,0.13224772508480723,0.10036961270840687,0.1480460907360254,0.12346519179271835,0
0.8746949072322333,1.1212220088368512,0.12056013931643778,0,0.10705839516225747,0.09173209266037566,0.22396782829399256,0.09048768198297649,0
1.729197060030281,0.9752339111940046,0.07231829369225203,1,0.07919495402925525,0.2732505855111293,0.0830187646762905,0.22424011831331073,0
-0.7555628580489442,0.9000662618717407,0.15057431333642363,0,0.023120186004619375,0.2875810473046081,0.05274678264928287,0.041006519289963024,0
0.5755353667933676,0.9682750503446484,0.10442395550960931,1,0.35523944786092726,0.07846887214554686,0.04284427660462201,0.10279237164312335,0
0.8926793759346425,1.0631294677737735,0.01801826901228766,0,0.7437490661735692,0.5470838239507178,0.8017865206929018,0.6481156699931254,1
-0.18660174628744092,1.0053417380947343,0.09847061641276944,0,0.2234442024245986,0.2687572998558125,0.17732597175166184,0.15367621362083717,0
-0.5951400885425244,0.9066521026438749,0.10464273789014661,0,0.28797229526601287,0.28649690222037966,0.23605910012566897,0.10347500506258649,0
3.399082058860558,1.245820796519881,0.006794255027966894,1,0.6425026803033133,0.7296573115554945,0.6144529766659689,0.838884919650306,1
2.672206100466437,1.120910935467606,0.020765426787059192,0,0.8455283190777674,0.4414625588428991,0.8515375771802572,0.5680143678044804,1
1.853331453906409,1.2374109250476637,0.022845983154390147,1,0.455168954869291,0.5691660186988241,0.5402403049984781,0.7072297371162825,1
3.7407655613842294,1.111421651404327,0.03013112456873543,0,0.8283586775999925,0.6263210214709453,0.7368943410355464,0.7111223280421235,1
0.21546459027832537,0.9592124153079693,0.16501409948272283,0,0.10746180634806529,0.28156765960436514,0.15355467030256412,0.034390005744017724,0
2.391514802762355,0.8738656698023188,0.21632586262030434,0,0.050448975297885314,0.07849635190956807,0.04112154921834226,0.27269790633818597,0
-0.3579052443945477,1.011680494969164,0.16510877238891897,1,0.08430770371186043,0.3035250932869171,0.2160519618015247,0.44662851802807585,0
0.7934424542973557,0.8918670260532485,0.1622843365562492,0,0.06979691034189235,0.20885225278400102,0.43012150780867026,0.3502610880058956,0
4.026091192030634,1.2420723521547825,0.02098175365755959,1,0.7560802629352885,0.6889187199269802,0.595756625344492,0.7101726948469522,1
-0.44828437481246386,0.8726269093825528,0.13876980448671067,0,0.02960312944307106,0.02956729164544651,0.24236249783835684,0.46046580268173326,0
0.5523255630666557,0.9674526670159793,0.04619031681850089,0,0.14092767449658453,0.08384186665002566,0.05276805322561439,0.10479124208834753,0
0.13258469888195207,0.9450483073470411,0.15942119546439537,0,0.03999955220216236,0.2764133323787441,0.2239478601289425,0.31489019745659874,0
1.1461296965024101,1.010979264743654,0.03325219955505154,1,0.6906023832091955,0.6489052915828871,0.7960600426401082,0.9425188186114145,1
2.5550223686293903,1.430623590199609,0.019759585863659508,0,0.746384119920262,0.5820139033681716,0.703787749701086,0.5600951250020201,1
0.027001336107699253,1.0368243837025175,0.10983695074641456,0,0.1559763703555476,0.3676279294664136,0.21634599186682701,0.3394037204385709,0
-1.1738705268819274,0.8135084097329319,0.12163284572000112,0,0.13847355811709353,0.18846258250074638,0.2528177975147719,0.05011589455003685,0
0.14392034377089163,1.001548699651031,0.034364797289222815,0,0.12465417040198247,0.31218218073976284,0.11305059378812925,0.08518833486404331,0
1.1636943212157254,0.9570728020525655,0.06898954189460625,0,0.24215387691246099,0.1242737587278463,0.19449589068135975,0.0978030203578816,0
3.0802216073806896,1.2060550528004745,0.036730656481336714,1,0.8639778849512835,0.6121262027639377,0.9364489546973691,0.6193876747519901,1
-0.7057496579626984,1.0082598000457115,0.17446492963505983,1,0.04095381523964238,0.3704875337077789,0.23311183709484307,0.0288516029362889,0
-0.57271726289312,0.9501016842980131,0.12265387461277409,1,0.1250875428439914,0.24216290515277455,0.07194179482259712,0.1347278219182787,0
0.7787782201213957,1.35374793699751,0.03566781729929845,1,0.7656410302548551,0.6184816830318569,0.8237306576564102,0.8040198145658687,1
0.6053053546190278,0.9610760291695434,0.15128559050895013,0,0.04752820616681714,0.022655386671351686,0.11193620309243323,0.42409733916368214,0
-0.38848262907543446,0.8899326074803912,0.15464789785341754,0,0.029320984333663876,0.47173901892893044,0.013227069887416057,0.3131452822613925,0
1.0429716938148694,0.8565193899836723,0.10834239371076344,0,0.3544702298506477,0.1374781312691698,0.12821028641748788,0.26252312858226995,0
0.6789455781822814,0.9685735932207676,0.09487977156906366,0,0.3526488726582623,0.17591389001397997,0.2101284069984626,0.1253328261734915,0
-0.16629285834232155,1.0112434348059818,0.1011687547850773,0,0.1504140048296712,0.17580084985716327,0.09124777460299702,0.2368059714924982,0
0.9576960830373681,1.27338232471338,0.031051837694841836,1,0.20615791037182074,0.6151893769885363,0.808934658730822,0.7704977977853825,1
0.8046416970064778,0.8130912172983682,0.029321693740355648,0,0.1660749809024846,0.1867716745796782,0.1380226466314825,0.2913644855733809,0
0.15559464497790382,0.8998051810117572,0.16478919736331998,0,0.31936605875884233,0.10853357473827918,0.18376093571177587,0.2616169194334581,0
3.517458341589249,0.940117710554044,0.09644471505391068,1,0.05318609465012544,0.27543552538411115,0.19561988990348933,0.06041762381259322,0
-0.6901779391439805,0.8582464799109821,0.16978898184698316,0,0.34111419184628256,0.37073606643663093,0.4216644599039078,0.2838882112510703,0
0.24015532305152543,0.9799534150148033,0.12873538544615934,0,0.1698648673621752,0.14970363972827547,0.025747590225729214,0.2484238047393252,0
1.4803502647375337,1.059586552891106,0.04423878395371628,1,0.8624412809237282,0.5414251523404037,0.9829649148346458,0.7246720776755315,1
-2.0165628578235144,1.0375655220602324,0.11855862375012954,1,0.3639908741960547,0.31294441989403665,0.24463772076492196,0.16224434849836797,0
1.7120365931624304,0.8024861486067133,0.15553541721533776,0,0.11062255255000089,0.19293134546944868,0.10973935259712893,0.10368011519441514,0
1.9224368869259814,1.2829433128232546,0.030553191009693594,0,0.6901206042965233,0.7595728073548054,0.658933077561684,0.8416642464864503,1
0.2179482108407223,0.8891801051100622,0.028507893831554405,0,0.2844038641052886,0.12076199767511449,0.12268972529644045,0.2743224741721322,0
1.3130329731126718,0.9497162965398435,0.04954550190913277,0,0.008013898033081902,0.1848099592295367,0.4716368928428744,0.042477039039717314,0
-0.6797717600893044,1.134807591602889,0.08125478339148891,0,0.4418951322724937,0.07020654263400827,0.35070385050388053,0.41183768740729265,0
0.8207589148911252,0.9333711676493991,0.12011372945775557,0,0.15853142445709867,0.2923967503253324,0.1681308280963214,0.009000194275263764,1
3.44995339421663,1.1426057485047723,0.0399172255348941,0,0.8631464598511217,0.31091301780880576,0.8000907406616123,0.8903128494532887,1
0.00621288358659397,0.8413612454414066,0.16764375419569294,0,0.09918743016435186,0.08410069850205742,0.12743265393079245,0.1934863038721764,0
-1.222343047214482,0.9289405557182768,0.09159831075646177,0,0.002954012393280254,0.07688905378672586,0.07918634087488273,0.20504282094102352,0
0.23311727228050078,0.9661725196974174,0.14306363722835463,1,0.28427527420926885,0.18200028171406468,0.06396864097105452,0.21375126210884207,0
0.408134344952128,0.9486593956777969,0.19333071644751582,0,0.3198347353690398,0.409222057686474,0.2244357147668766,0.1023896068708405,0
0.3011193731933053,0.915955845463321,0.07436445445749906,0,0.10313662240089833,0.44825821505605845,0.3041608909572958,0.07518238498694471,0
1.8372128064738877,1.1964164409075224,0.03414123921556956,1,0.8503456599171383,0.7968864329079045,0.7969296550675565,0.8664546070482148,0
-0.49019518944291524,0.9030260908659165,0.18117378889333302,0,0.0480921847339341,0.5043689762013746,0.016318339233906038,0.5803410935158342,0
-0.14886775644669753,0.9020807734605912,0.08520741993319236,0,0.1325066781569699,0.519350463598464,0.15204688456264587,0.09368008932498599,0
-0.22716537667513625,0.9786294469941518,0.1651216579746771,0,0.03999355145557002,0.22948451879377793,0.19242674467876034,0.11663879769362519,0
-1.051546240086031,0.930185953283842,0.17517802477101607,0,0.02273851895396104,0.5337516755453955,0.1201316100020609,0.1478264578257933,0
-0.2834572887310261,1.0003665451581911,0.18622200462343308,0,0.16839128907518497,0.47406771226800004,0.08179148528580439,0.4484766692959889,0
1.5587935810477545,0.9108701947993346,0.07562933109716753,1,0.04130660756242245,0.503248343959724,0.06184708993057444,0.17776446120074374,0
0.30432195543946966,0.832170229240413,0.15675863689178687,0,0.15780011668821084,0.3969426685619498,0.03271431218745856,0.5593137969166041,0
1.2564149466113133,1.0226686968419225,0.07609871717222796,0,0.15891569583172885,0.3975647636251524,0.16826610500252032,0.19188103175157314,0
-0.5637858231980186,0.9427512337145582,0.1671512068698322,0,0.01369417672774955,0.43993215193677015,0.10830772118449127,0.19517063816462737,0
-0.9306697336081495,1.0556425110469367,0.10622883016369783,0,0.14049197187024912,0.35565835112004573,0.05797620346253093,0.24688774934506721,0
1.8014838750717501,1.1276037163147292,0.02623495372654365,1,0.8340883049524653,0.5240998992672393,0.38135920519357475,0.663896731768543,1
0.2733985276703025,1.124237761960133,0.08589485691346675,0,0.1033058408242023,0.6032029814251991,0.11437045973217048,0.19700856043934048,0
1.5875832697850765,1.2204573043217317,0.03208626718922896,1,0.7147933912996198,0.5878289246026956,0.8349356499299259,0.5939299045988244,1
1.1999091397086583,1.0301164516402348,0.1540151128150125,0,0.12449712251096164,0.1161199913452434,0.2101281784620966,0.005036381879842486,0
6.891754328131557,1.314283818634133,0.01593443549521653,0,0.782610134808646,0.7653054631608931,0.8435882600239424,0.6967996732731575,1
-0.1522888617034152,0.8156909765950108,0.060406177516226206,1,0.2127612935691807,0.5925804113082959,0.055082326138588045,0.09258860133372097,0
0.6216546215137726,0.9794403777643519,0.11963050787648487,0,0.015621033143931642,0.5223993523701869,0.1475524272858731,0.08667402356256464,0
-1.2167605252460392,1.070119716001563,0.1522164119063732,0,0.29691445712251135,0.19879715667539516,0.28586041621140734,0.28894390156785543,0
3.509889772147657,1.1860865926775364,0.039531999557869124,1,0.5233754919698956,0.6235268708800444,0.37049310655606377,0.9473113049001716,1
-0.4636716643745287,1.0066190066539091,0.21258262054357702,0,0.04352091384939745,0.25442542749882924,0.368649572444869,0.40046335595071536,0
-0.7958918076946196,0.8814157135698149,0.12618924483903995,0,0.026511123855433725,0.18129397360142685,0.31004234272977377,0.43453787377570957,0
-0.6997504513006828,1.067611809636193,0.06153526636437623,1,0.14616095335495138,0.2521329444532768,0.1825939020456184,0.02920149510625032,1
-0.29893140394238576,0.9502354294302978,0.20381924469141421,1,0.17808513844458873,0.5804121256515664,0.10695031816595253,0.1503911181229027,0
-0.21558092281411573,0.9605018524947534,0.10937916601338332,0,0.048931424758187174,0.11583579570008533,0.14626281601298152,0.18997596640541514,0
-0.7128705357571763,1.0110084649784967,0.124041692860667,0,0.04359672305577977,0.5011818596584708,0.2777683496309531,0.19435549781754696,0
3.7432109036083636,0.9978129909239843,0.025669144919906753,0,0.6439790782701806,0.39094383000827665,0.2657914224725112,0.7269649554749585,1
0.4814973662774575,1.0350912018143155,0.022738199978323846,0,0.10064225369627765,0.17666181417769666,0.3239372741730634,0.19935355475780173,0
-1.1309972740882657,1.015329486009711,0.14502179395756515,0,0.37657020689180315,0.19699996935352124,0.05943028044901536,0.18081309321681974,0
0.0005953994453422526,1.0295018000472616,0.15822029583355102,0,0.43948012902378947,0.22239573240087124,0.20815281683838704,0.14201262667696016,0
1.3443827041194498,1.1153631526293315,0.02012676180124949,1,0.6741779621574039,0.6882275601997275,0.4928619634499015,0.9083484320838286,1
0.727191841978999,1.0875223449037466,0.0429896239352781,0,0.8088438305404025,0.4056644111950578,0.8663324426435054,0.6757692505432565,1
-0.6429759079527776,0.8087991863053645,0.1452071827171067,0,0.05265699029806399,0.30671072062321775,0.03241807420666619,0.48731716675320935,0
0.3713139373685426,0.8676509865413612,0.1340633501199625,0,0.2464042755147245,0.19202181957457823,0.06774281330593616,0.037006990482410906,0
0.3216127098375194,0.8040350625796506,0.06873315926344328,0,0.027782604131518295,0.2892971073042013,0.38869492820162094,0.12862564200666227,0
0.7973022348898211,0.9615055239792478,0.18703763037308907,0,0.16224685093911895,0.35507969201319683,0.11063303605129803,0.23619182382442758,0
-0.10193955087100957,0.798405813427509,0.07764317416220427,0,0.1290684147405161,0.4587161939714568,0.05963793758409554,0.13635865564758465,0
-0.08722285274248952,1.0502224200507118,0.19578023416823997,0,0.031007457219722923,0.08469094206869324,0.14685785103424417,0.17132408446337927,0
0.5190101855414045,1.0070284710510187,0.11596698007420424,1,0.0161048732152614,0.13436114729971077,0.09087512869792858,0.2031244403528309,0
-1.5507288256058651,0.9983606038401287,0.11140106249239463,0,0.2853426128455983,0.438103761570802,0.03196062478945984,0.21723667793026116,0
0.6098629912754439,0.9818494747434915,0.0875506617784225,0,0.08949071563060583,0.24886282254511308,0.17858981932320164,0.09939362054378949,0
0.9908030966762063,1.2930118441704148,0.010288467719394751,1,0.6015719880599161,0.5094860338427223,0.7159931256436347,0.8596440221585181,1
0.9692449658864587,0.9143748745770827,0.0989157087808905,0,0.13377616729716652,0.464571923753694,0.1770532815964661,0.03759874555380814,0
-0.08614595528816053,0.89929877936517,0.078069292908049,0,0.06267640490522537,0.26611557365412575,0.3963929877636402,0.42416035723883566,0
0.2215720321385219,0.8759023976173997,0.021056103565356123,0,0.1451743636140092,0.43431298736224994,0.17231873994667293,0.35898796249690396,0
0.29173305097693125,0.974855086433499,0.1325473333090293,0,0.0887944332381717,0.21175498238315985,0.21155869317179327,0.27129253390573915,0
1.2817684017791138,0.8739750085560609,0.17121670781300546,1,0.016053409620957894,0.5850966735470111,0.2697498216001484,0.04370714650625916,0
-0.5366524970219432,0.9948780311600036,0.06696621941772403,0,0.060861911538597456,0.32559928234065355,0.13957706020557145,0.2978594638785838,0
-0.4452746384608781,0.9389872383747065,0.20789798650777275,0,0.23786795992041831,0.3821948374175497,0.2852369022690883,0.4548135159031752,0
-1.2150103172607778,1.0101230690669554,0.1981591061042588,0,0.20989425458963706,0.4135022926815822,0.27606896584768187,0.1665733241125408,0
1.2837201608872226,1.248413970698664,0.027503275842614923,0,0.5867633626754634,0.5831780585115698,0.702259168241833,0.6781787952651064,0
-0.1276045782765935,0.9225203109311747,0.05587306789717853,0,0.07830160630333338,0.43730047446802744,0.039989414022894104,0.05688358613669983,0
0.08924220173520836,1.0251184688158193,0.02336092775428121,0,0.1932656630924312,0.26109756885352453,0.11949687343919421,0.2139556736167313,0
-0.9060733423534943,0.9269115573262684,0.11447739885018443,0,0.10370744353335783,0.18860621794063653,0.264927937683684,0.22208046251745336,0
1.4712915339566524,0.8850794900168323,0.20942715688600605,1,0.15580243362320223,0.4561517463156308,0.2567495700106965,0.16252204281071755,0
2.482986716132734,0.9735214760340004,0.02511428051329636,1,0.9259436840879297,0.5289645154281128,0.8623114952795312,0.5630502229568674,1
1.629806758198884,0.7609753074771937,0.08783437685996036,0,0.010019847793981082,0.17049611160455388,0.0705980817929315,0.03861466980024712,0
0.5780244213277473,0.8743846749684534,0.07137073435459623,1,0.46652202394307407,0.2420517391924972,0.4391084329059102,0.12495414373401095,0
3.367712412855772,1.310838367220887,0.034427523030622936,0,0.6907445070421384,0.9121145582703202,0.6354803531634314,0.7615494978132379,1
0.07951729587042786,0.8945854082715893,0.024741140227457627,0,0.029442759966988294,0.31966677111724867,0.14789793348996763,0.12802291264488436,0
0.3378037407282833,0.9854816803839099,0.15950678220992393,1,0.2882325346685189,0.4313598750746791,0.057882912681303245,0.1351614362441837,0
0.3487822975121131,1.041721231422549,0.03712453376782374,0,0.07841156203629752,0.28854917096572147,0.10104130775633328,0.32874518736581604,0
-0.3489540260723593,1.0762620380834036,0.05537549419278788,0,0.3816044835950194,0.34273056697329546,0.14815533754219268,0.47376037906111257,0
-0.38884560166524423,0.9802055076797298,0.09352922079393389,0,0.19299992453436757,0.4443146590545768,0.08899601140044405,0.19905858582471947,0
-1.6115690760142845,1.0602032584823384,0.09453019457425287,1,0.03255197325989753,0.12410166714432537,0.01564960199883556,0.10018273557992187,0
1.0589276005920243,0.9769117253976527,0.057645035360316024,0,0.12742591124181535,0.3051226272647039,0.03433008890190043,0.26303258425762865,0
2.0569248320297544,1.2566067160602017,0.04241927037002016,0,0.6054368583417856,0.7999675023187848,0.5841713142954271,0.47808878971331875,1
4.0333712651731055,1.256071493128295,0.021179117805366986,0,0.697139391412976,0.6078508622215405,0.6139037340920692,0.9306546503874034,1
1.1692705363667932,0.964964577383423,0.017295199761384016,0,0.6800759786594144,0.8715958668120423,0.791548529118201,0.4530678487660782,1
0.06657654127059653,0.9716416958214592,0.17700328030804724,0,0.15944416480803972,0.10626658372912888,0.11184159424310507,0.1006516495200564,0
0.8218936608818175,1.0696428915197371,0.1518069884253312,0,0.2931304123992903,0.08208161795946944,0.04970254233669253,0.44416297513423647,0
0.9217804914796004,0.911312822140824,0.13885565732538133,0,0.36409263099745537,0.4825108872410265,0.10474658734974282,0.14643899630809254,0
0.009129903860985604,0.8876041733649547,0.05198688352668094,0,0.24857532313703637,0.011326457255833384,0.11949428902691102,0.1324081472398909,0
1.0103530058180763,1.2349792025526236,0.03188320947552987,0,0.6330101754807992,0.37923567401174013,0.7541956662548945,0.7461568829353631,1
0.7330357308080887,0.9763807105921427,0.15743824962370273,0,0.028722899364903392,0.20064072170307293,0.04467799428082688,0.6307973439595482,0
0.5310550836324953,0.9500090491719946,0.11959364787801503,0,0.23976226386143715,0.13742462360111152,0.12026941214396208,0.07075021413794538,0
-1.1481096582020003,0.9426295140043037,0.1994814563877077,1,0.23310294504355591,0.05718135881435601,0.13630548687921104,0.32805101896535893,0
-1.1130364255950567,0.8955923855175593,0.04334648317395076,0,0.044632825851234556,0.24154662211518615,0.060766280541219846,0.2840450820992584,0
-0.47998014406482653,0.9960396579022427,0.13815165376233066,0,0.49061109116833224,0.32166933329758934,0.173201413181913,0.24600751788356454,0
-1.0609139846919298,0.94112667765503,0.21180243556792072,0,0.25236230595188824,0.061791247600216016,0.08843071458065718,0.06769488600674822,0
0.10393936723969543,0.8942339190537658,0.18853957109029806,0,0.11252545163074454,0.19868835722495717,0.21764655457854165,0.06254452083808239,0
0.03699295620954881,1.0177522788350513,0.19035867323137906,0,0.253517606786794,0.3117145426058934,0.09614368551378397,0.18672070000365537,0
1.5974401155865672,0.9900364686101802,0.20923283305110307,0,0.0138420620809963,0.3429209517648164,0.03735593880315618,0.12969676299614388,0
-2.579215435145147,1.1079489713109105,0.015893713891098987,1,0.05205682124277054,0.3369623490426095,0.3153099696723087,0.0937985326810701,0
-1.020470703580595,0.8422370341578567,0.20205943611722554,0,0.2778800916552202,0.2770578113574228,0.11690205621180612,0.2217133548862466,0
-1.0760022187467726,1.0459454410172448,0.16038204427785296,0,0.0451664841456024,0.31936734671451195,0.08555499899764127,0.3555557683529135,0
2.0766956480594585,1.2773741381618438,0.02975658139163794,1,0.29544900823694237,0.8231342555953041,0.8587307336430785,0.7043648263449839,1
-0.5965997991271924,0.9011757231454438,0.11516400980498688,0,0.36225948336452407,0.17442244720121186,0.5271751214242298,0.14044837069963237,0
-0.7326967731472249,0.879324101396212,0.12464891493054484,0,0.13342323024833314,0.44903253777323154,0.23821297685183562,0.11378348186694216,0
1.8382865820681127,1.2275738725868572,0.030839728437351513,1,0.538624690433949,0.5322622482030284,0.7573786737199666,0.9140673088446527,1
-0.2798563183312467,1.0090232593266633,0.02232842086550225,0,0.42719478834770325,0.1421565942367618,0.2928652664444742,0.18563937151543367,0
-1.071145638801746,0.9435772784402998,0.14545640467046606,0,0.03561846016087549,0.29069661968493554,0.4962630345359891,0.06618405262286588,0
-1.0548470336232931,0.9096092358108951,0.04572187377174308,0,0.064786819483895,0.2941302717982244,0.09639199039586152,0.2381714246022936,0
-0.7589056434908154,1.0938691156922018,0.2177195209881964,0,0.30954476314645046,0.31058245829105524,0.3133118065888222,0.10412001561693678,0
-0.4831203600868483,1.054891637923384,0.09159636778567319,0,0.08402615188266231,0.6865501417404256,0.23381410108643233,0.133258085329183,0
-0.5273334357006569,0.9704552019571505,0.07850188939929521,0,0.1424413129554845,0.21452662126840127,0.02687462928815578,0.08181199947235698,0
3.1110794286438903,1.036945414857583,0.018530870109018577,1,0.7430043594609976,0.5649176324632419,0.819549100252122,0.7030806913198189,1
4.928435468939158,0.8959911165511006,0.019683873600656925,0,0.9403306386558021,0.6361436585222981,0.9683776107532875,0.534481770486318,1
-0.05834304755823842,0.8812372759614425,0.1126964284339038,1,0.4058188070863628,0.212288862304124,0.12858161944683152,0.0034275417273649704,0
0.20337460013793895,0.869915683127116,0.051899921405190806,0,0.10929264057326278,0.40828591661781216,0.028459696514331938,0.2501041303211849,0
0.7782543439680722,1.160220756930859,0.025273986415705003,0,0.7438377061251183,0.6697947242293709,0.753851407244695,0.8335481918090796,1
0.50364186396606,0.9806380784976945,0.1449392128407414,0,0.18722755476736005,0.22085635545285925,0.02045207917054935,0.07103863144858139,0
1.469707951787127,0.8662212997250688,0.07992029298346984,0,0.17674076219662535,0.15109128043153464,0.01586023105872618,0.262568226581532,0
0.41778753033260374,1.0366345644172548,0.11771471244785574,1,0.0835197870983172,0.4843674456863714,0.13952017469736264,0.17363766807202058,0
1.27772638697646,1.04431886169463,0.06582615221019048,0,0.12858893929586696,0.25491108544089486,0.08997786212408483,0.16801639511656663,1
1.9166744027749762,0.9479906438996955,0.11772953866919639,0,0.20596737363865417,0.3447297460905909,0.005464613770663241,0.2480696941705585,0
1.1417879299812652,0.8384871339927945,0.02875421518912514,0,0.22076675840060953,0.14386846154267044,0.16101707484655037,0.18776907696162834,0
-0.17638499744004615,1.1934538844048075,0.18406824863576865,0,0.07681370963050688,0.2020716184537758,0.015034971819653525,0.3769035269410186,0
-1.713703111491798,0.8695944528767714,0.20952782472868658,0,0.22330635762984843,0.026800069157017957,0.2808196041364105,0.4236748840407721,0
-0.35156508989330176,1.0887024684587499,0.066622013911872,0,0.16434827851409745,0.3520740721398909,0.4634253435106,0.13384398511323134,0
0.8840030880376624,0.9961288937196977,0.013944233504908459,0,0.9667813031335709,0.8425739645536231,0.8776915531840803,0.8832229157916139,1
0.007059779472218135,0.8714274546558038,0.01785954883184185,0,0.3037660962092434,0.178196709713831,0.0475446998389735,0.26898888772002155,0
-1.3503060815832646,0.8768154775178492,0.018696562014172153,0,0.12684202575753584,0.5607588713382894,0.16618613378839048,0.07346878731087962,0
-1.1793601400804807,0.8856966334838032,0.05577794681613107,1,0.004726940990147725,0.16219047560945563,0.037226835960155864,0.14104201569111968,0
1.4256215837712787,1.080730481072364,0.20521962912171554,0,0.6606425959586281,0.3647544228017891,0.2525468667094532,0.17105923190885786,0
-0.6573905144571545,1.039213299116743,0.2034028467908776,0,0.19980532149059282,0.05535618862724231,0.19196198977168327,0.40114636019502437,0
0.030769435086407462,0.8175073268427493,0.0645951842644435,0,0.02733458513681243,0.3289040214811767,0.005118470159208949,0.06248334474897239,0
0.22717511228221116,1.060571937349006,0.12407779890729233,0,0.07824994385155737,0.4591901808742845,0.02220327429526139,0.32714888761500627,0
-1.2265291596397285,0.9781627583091911,0.09670464094954616,0,0.15868545102819603,0.26446134918960246,0.2741327752179038,0.18170231717341348,0
1.8287965260639372,0.956808449299863,0.03032291024544468,0,0.3413469034592488,0.5251327155623378,0.11680379204786556,0.2911147325474603,0
-0.6283625479217406,0.9434710976243162,0.1046153615342321,0,0.01635901775095385,0.2812635315280655,0.054245614829610156,0.14052151711846572,0
-2.2819380629304193,1.0015921711623001,0.10868991019948823,0,0.06876713387673948,0.1281627114002838,0.13598986533112387,0.158945152590034,0
0.9344218855509626,1.0465587847399953,0.19828873069785835,0,0.08179447310925161,0.27070421976877773,0.284154481234129,0.270178621753087,0
-1.1196231132348378,0.8423608359014999,0.09353579388606982,1,0.1563419922187734,0.29077630501009905,0.044218647560443254,0.12334227954134976,0
0.8674104319894176,1.1456517780988102,0.009557973849347357,0,0.7064671162158909,0.3345797203966952,0.7647114887452686,0.42147906717527145,1
-0.30258233413943975,0.8143131144564403,0.0845367034107432,0,0.09688970938221061,0.10675474026452866,0.3813578340389041,0.1705813002976661,0
0.7131595073831901,0.9157528146468694,0.2062882103395739,0,0.3699935603041547,0.15392002612087127,0.10906599695015978,0.20497391938828535,0
-0.23860086300147254,0.9774927445405838,0.16649337294702998,1,0.01941276861626243,0.30469404293605673,0.055704715313098875,0.24417480480366247,0
-0.8608939377341507,0.9198572645750774,0.15451953404834728,0,0.09134320553458848,0.15016751114629587,0.31490128458980327,0.1383747551759416,0
2.4408454810007347,1.3920517985416767,0.005505611817901933,1,0.8852289391912652,0.7856777784337176,0.4795655807148006,0.8110729860969428,1
0.44555110755820376,0.909167209581701,0.05004370318135509,0,0.20223446875311563,0.030840961113716956,0.08189259316397388,0.1685023245584597,0
0.07179751100548226,0.8650405289355404,0.1411190538023674,1,0.12651286215313143,0.2926248927825518,0.18559139149557177,0.3560004099437591,0
0.3997207440778677,0.9610262914834947,0.07380770937147277,0,0.06741014312617861,0.3849013352849767,0.17363035575315797,0.0836524843352917,0
0.0533261046630626,0.8205782420895167,0.1469929251488009,0,0.17239284501688315,0.22764222563197253,0.07171231437173615,0.1624713110590225,0
0.6601332842053422,1.0460274721565517,0.022300490805932504,1,0.17885695190596762,0.05941638605100137,0.3029084525863717,0.06644160230773295,0
-0.04535351887372209,0.903367124746074,0.0825304147617608,0,0.4789491857923347,0.2314957129738046,0.03879536903143861,0.22373815939811525,0
1.0793786388862363,0.9269107467496286,0.055616802073833294,0,0.0008040839070293099,0.32726533874260944,0.16655039665887686,0.0985007601488585,0
0.6117078353469397,0.9302144757649662,0.07920232039424521,0,0.1285813445394411,0.2540562397461642,0.20488867225704954,0.3737092069566447,0
-1.0841482886553222,1.1421669198442643,0.1637414907497894,0,0.11922666616556937,0.2149730269220968,0.11192059744142245,0.2572583100721158,0
0.7764103369735794,0.9286498587690506,0.16020643006098395,0,0.4067580548459912,0.4638543489133029,0.09054185000034368,0.34870323692689126,0
1.0100072206302386,0.8949588502191895,0.14580900878827274,0,0.008400509493934697,0.09056137587693026,0.2312044921970687,0.19952413655321397,0
0.16301880812438801,0.9758944007637925,0.07839996285743756,0,0.06343380147872649,0.46055890990923554,0.07574171926565154,0.4776107333296059,1
0.20993090083992844,0.9926442277469404,0.20947408658511307,0,0.07211694001231099,0.12875480665873767,0.13318624574942461,0.05107924466793108,0
0.4844190984882914,1.0242523794091216,0.14316836444079062,0,0.2050734441596821,0.3886106048217645,0.05657855396738839,0.08684510015212595,0
0.5796979427936478,0.9260887966142117,0.15642868067923899,0,0.13266281080126427,0.34319515964526054,0.2666747241273834,0.19869386656359844,0
0.6408982477704468,0.9627552809364672,0.03040430540140525,0,0.06465547713556674,0.39325811365806485,0.2657718838858487,0.2032200836554771,0
0.6329196842906233,0.7930378385118344,0.05760388749906135,0,0.04282273950717447,0.04494904624180098,0.094199432684801,0.548627309572946,0
-0.42789725950163593,0.9514930397974948,0.13975717660066472,0,0.04035903012871115,0.4729805995743397,0.0843840130736724,0.19752726475607837,0
-0.24575662817408617,0.991168361927359,0.2095680536620907,1,0.1277275655988366,0.16121438325296417,0.010506887907818912,0.2226811790715265,0
0.607238834904678,1.0280063465934042,0.09158108863801152,0,0.12040416912529375,0.055742299603647974,0.1861195325182892,0.30605861181198835,0
-0.5005921818147568,0.8485811622266403,0.060122515153928524,0,0.24175917550800072,0.16448013148419824,0.12202604113055561,0.017230207641747496,0
0.5007600274500112,0.8817200363306714,0.03412391386800355,0,0.26831952832555284,0.31085454238058535,0.04153071432284574,0.19954839363846238,0
0.015342377449363516,0.8924046849125202,0.1841882224967114,0,0.03849991616276681,0.25530308536112284,0.2210646956572953,0.3750345246659954,0
-0.49199085432560247,0.9760367705130983,0.14831087968506906,0,0.3748469256550389,0.0867424433271067,0.08063107575009751,0.015394338163815814,0
-0.6928694769810596,1.0191740374494267,0.05828739767354503,0,0.08901211196432138,0.06136012789437668,0.26836951077985643,0.2821046383191055,0
0.6005086599567812,0.9548649458313201,0.06298184387858732,0,0.19717615894936624,0.08794369333343478,0.20246194396978487,0.04088403657665732,0
4.019807983674202,0.8168238967871124,0.03514489330397267,1,0.8785305726985191,0.5329723886202395,0.5932779090644968,0.7937188032829869,1
2.058170131573369,0.9833250941345578,0.18100664838106145,0,0.16165315775991304,0.10191415804713544,0.11121669733044809,0.4311749074232735,0
3.058067220763891,1.3411281550689582,0.04264882902371206,1,0.7465736311207964,0.40477030749066023,0.9766881468331547,0.7324210945721672,1
-0.3509522692606946,1.0297757600058381,0.055701286067981345,1,0.19014615123015224,0.4393457285836609,0.3583941575625085,0.04379819384068784,0
0.731447485783625,1.2917430009399757,0.010754875272136276,1,0.28869790962543995,0.7353770428514466,0.7429308710610956,0.6182450109552333,1
-0.6280760833115651,0.8889784390769166,0.042866213210300735,0,0.07505182272220316,0.07746505713131094,0.08496365129031852,0.06787810055346638,0
3.0717697834670297,1.131311690481814,0.009501061201193445,1,0.7443481505532903,0.8415416890938341,0.7983690559975177,0.5915773972814047,1
-0.3885057077021971,1.0029131119913075,0.14568725460150345,0,0.04459915393605451,0.17792717656963428,0.24401512192072503,0.0003935330438327404,0
1.5122106126226047,1.0205251739930512,0.035431104025739055,0,0.08967620549266735,0.22530152248279922,0.32545327537387636,0.428819125906149,0
-2.076639191987655,0.9135986933877052,0.0344512671802528,0,0.5554992173271863,0.3033731674081898,0.09156585428207237,0.10479137845963149,0
-0.45622009830484095,0.9453944820496367,0.15709971885203844,0,0.5551634326881433,0.05267076821694917,0.2851993749031505,0.08850836392970104,0
-0.9318697871936784,0.8507982563658691,0.12641132334617944,0,0.39576652675533086,0.18328256415236366,0.08782415770088405,0.3525755753398532,0
0.43703748247196267,0.9110891802089097,0.17692224731228545,0,0.045798695021318094,0.22610737227849367,0.11403020414108768,0.1788969167778477,0
-0.2276345096102378,1.030093914535446,0.17728621479752793,0,0.0319985570032698,0.12545303885737738,0.2601215149915329,0.11344975734236781,0
-1.727919909718484,0.9203297462391881,0.06622283037787552,0,0.17081688352677968,0.0963634944520903,0.0779786096160529,0.20850530027348416,0
-0.71546840878837,0.9759539188789413,0.1184715924529721,0,0.2860780575474283,0.09694464704083523,0.1836365803154238,0.1287648014715688,0
0.2499203944703416,0.9658557592801356,0.025669396945006945,0,0.001168676917869409,0.1606480110485179,0.16670817191384332,0.5914008271962591,0
1.0249807876900998,1.4042239294345351,0.010763859408509591,1,0.5946796630805717,0.7430337293633504,0.8191948840751033,0.8776947854582737,1
1.8712455973066755,1.0497489203835402,0.15515840687354726,0,0.41426692679573,0.29722076265858877,0.2760543545158195,0.2542536131906539,0
0.921366194479575,0.8699530308774425,0.20726683009945113,0,0.14318531417613087,0.5049869441498976,0.13163381780923966,0.08812501665650999,0
1.1973436456999664,1.1259709228149934,0.012091825087198345,0,0.5801426565416438,0.4705485422358576,0.6070478776979225,0.8775697073350598,1
0.6881033818296611,0.8461620059790661,0.15222947317199692,0,0.46983265550487224,0.10463970143557544,0.054235132313942676,0.40340070062610806,0
-0.05308586072735609,0.9785156738020457,0.20719781916850438,0,0.18981397087582416,0.2946541252376412,0.21829461054619,0.27779167863663107,0
0.8701847756996026,1.2260301466601935,0.029081640723649355,0,0.839615747178258,0.7039298842967617,0.7310978174267234,0.6210636429087311,1
-1.3509662561715134,0.8583951129030374,0.17571026621005742,0,0.14017921077661774,0.12608495541674353,0.18605173246643458,0.1607885093155942,0
-1.7853089599840906,0.8849659538770881,0.10669095847221002,0,0.10179419736479656,0.27589509317475197,0.161734608377018,0.30746660268815157,0
-0.48042828124979037,0.9232727751824806,0.016712714355288406,0,0.06019353198337956,0.14763187109144232,0.052554663509004916,0.36590765121398483,0
0.833175326745699,1.1725037515844907,0.04355772281207894,1,0.35838743944831175,0.5340174117643142,0.7348060761088949,0.8990775331452129,1
0.7536405845995794,1.0430703080815453,0.07847452105058339,0,0.16480280247451282,0.4480216764963894,0.12107435463897985,0.2623652412353433,0
0.5049231432499642,0.9301385403246948,0.035486034796153976,0,0.21887789055642856,0.5002718732971764,0.11401720252255887,0.6003493459640302,0
2.1774852451574245,0.9942251516122322,0.17253589811114745,0,0.2112024935941544,0.2202332346350523,0.02458386151918153,0.27659184367081235,0
2.2457771657053454,1.0365362549108526,0.1910277712605467,0,0.01658737906375786,0.2685436345232534,0.034986070420483316,0.3207903083369717,0
0.7925884382008713,1.093098626571478,0.10544622595365115,0,0.32054334656503736,0.18358141751241586,0.08344118599001839,0.4134476681668212,0
-1.3320149108863952,1.0439091313500288,0.04285666077615681,0,0.14376932388466987,0.19011421220451372,0.11372609677472553,0.46863684977265535,0
-0.45735209752357725,0.9960980255454807,0.131001930079722,0,0.03546695087212387,0.03121678927541198,0.11254302828971614,0.01845228100352652,0
0.7561438591082215,1.0146578411831046,0.07668840999891086,0,0.11932462389985343,0.047481032597984245,0.1038141331352611,0.14034727736111063,0
-1.0730048637683645,0.99544017043579,0.06678013137036846,0,0.14218230500028542,0.048181333608574115,0.24274678342771502,0.1864926149289143,0
3.1887882122845905,0.862734231327084,0.004028477917950529,0,0.7564728496268378,0.7223727664063498,0.6331889838120832,0.6872196075041972,1
1.5755459363876778,0.9702893960323973,0.07957669641390368,1,0.10394184270412375,0.09162091608682296,0.14540552889591862,0.32646910629034487,0
-1.2422759360614954,0.7898218063718803,0.1102952300667205,0,0.2730235322869583,0.1262944919168057,0.056664334457237064,0.20399207730873856,0
0.3435197200179062,0.9783259750564561,0.16499958090824607,1,0.009750273276760991,0.3791177588759315,0.08630899026282914,0.30893738604328713,0
2.0838601086638677,1.3522630684379777,0.0425513808559511,1,0.49608612099894633,0.6310793912729492,0.5094692936050764,0.6613597994144365,1
-1.0302667663501985,0.9911182983481747,0.13500196167214606,0,0.2280805761715595,0.1557861510180881,0.09417750940884467,0.27760950159375386,0
2.96173257985685,1.2601257297511546,0.026114450805618104,0,0.7728314053442377,0.8903066635978621,0.5401583539115732,0.5491510337252941,1
0.5689012667501898,0.9372492280314793,0.19782314333835566,0,0.12765975314212433,0.11659318497834412,0.09725592981449742,0.10033311916153642,0
0.4787219924205973,0.8778077158779191,0.12882898113462776,0,0.19406361413635512,0.152405170616254,0.036291073682319167,0.07009874130700437,0
5.010146887522711,1.1650962269631022,0.02591060237174691,1,0.5261745275345674,0.5962442307270448,0.8917797285929563,0.7769523843158449,1
1.0293014612055877,1.1371391814270284,0.030334987670205774,0,0.4589598752192571,0.6598932865221849,0.7700863766794577,0.8475373811450345,1
0.22689929886041715,1.058337182743764,0.20059097481709842,0,0.07704630479862373,0.4033330877228296,0.07052957139382202,0.33039427858178766,0
-1.5709519607374651,1.180417419497592,0.16644949592831254,0,0.14960051346022596,0.25421221855767145,0.012273405325213073,0.08260335899005976,0
3.2874031632319225,1.1119485945125356,0.021110509990752452,0,0.8021494958315292,0.4920400464839843,0.6453949855561331,0.9110421664749024,1
1.5117188666110681,1.320336504275883,0.013751000772498497,1,0.9300582135220138,0.4641829396494861,0.44195882553554156,0.5140959519608779,0
-1.5728257086303505,1.0258226224667202,0.09680329266990234,0,0.12421876343369764,0.4437969206769372,0.0623142744289467,0.14547241942928413,0
-0.5886218692742553,0.9178774650323165,0.15409599924430495,0,0.19881046259837737,0.12960254806755186,0.06238932995605377,0.036840649237301806,0
-1.0847955589015406,0.921315081292277,0.06103938844404972,0,0.005745010542497309,0.32192363353189096,0.19155508047522174,0.36014546412579646,0
-0.6672057299234291,0.948237966125532,0.08386896144268144,0,0.0778748154355984,0.4241170568924494,0.168937753562812,0.06851584261544044,0
1.548927000016319,0.8520339030758773,0.11706318200543543,0,0.0050389234430021365,0.08094289102310383,0.004994057037056303,0.26594439787482793,1
-0.14591308290449828,1.0382737689622428,0.16360711305801012,1,0.07930225404415042,0.18437716754880254,0.06041734004326387,0.023663755477726343,0
0.42972867881175625,0.9575037208848732,0.10769750256882213,0,0.028565888635943216,0.5128291606525985,0.2183509856190266,0.09670895598740852,1
0.06914441906245548,0.9330757928097461,0.1673832472809596,0,0.21699350277678287,0.1268399149369891,0.15557713462777334,0.4280070631979422,0
2.286734884297455,1.2970646761712286,0.006514289764799319,1,0.5179344353188592,0.48854637675703033,0.8859270886298235,0.6945857891544853,1
-0.45605877631687547,0.9200215859078695,0.11493090627011468,0,0.03195154657118803,0.16247287745114852,0.1760273494161473,0.2171086550430467,0
3.18561702528765,1.3042928814570705,0.02729445033592804,0,0.7528410810130558,0.8062252456027075,0.555848948406269,0.6982514842891613,1
-0.6369574937607234,0.918997271148276,0.02238766238733343,0,0.1776509358477368,0.08635066171850625,0.21601934441349852,0.04401505089336493,0
-1.684905321411049,0.9465392692409966,0.1415992492079718,1,0.08083272231002514,0.05543640377322431,0.23169201884460186,0.04847836736051939,0
0.4115405498890473,1.1129135269711778,0.15627438818096923,0,0.09449245629613609,0.303389266067024,0.25720871960210423,0.27802556805724143,0
-0.913803248255001,0.9369161043299435,0.09155614118481428,0,0.10177693056091734,0.2065061939031658,0.08378959692199456,0.21363161456516264,0
-1.3836943601785023,0.8806642669247751,0.032466097899730706,1,0.1362598600449405,0.10168515791238325,0.2845120362043928,0.20645771455382034,0
1.417355531277592,0.9070766845987767,0.015639938528063974,0,0.1766685550398219,0.2483132147538446,0.1487582324294446,0.36984968977701554,0
1.1183272750043423,0.9222989007437984,0.1253687583137688,0,0.1652276687430243,0.14865688608885474,0.08157308789672398,0.0208176831220957,0
0.8764849454020818,0.9968217299985843,0.21909886136971873,0,0.06609140255475134,0.08070356005295327,0.051930750538734964,0.26703083552604984,0
-0.9507703231967473,0.9422489382966185,0.12991056724543804,0,0.0671818196223476,0.4114075417603466,0.33247581489956024,0.06151573763047785,0
2.251176781655144,0.8791521424056868,0.1597419135007963,0,0.20869475344720326,0.2613993899840427,0.2710121654364114,0.48643360023671295,0
1.5529140539162658,0.8271133267546261,0.04033236057289555,1,0.18743211037961047,0.2614677234696536,0.08521260870698562,0.13586349716367815,0
-0.4894375206583956,0.890163112763704,0.11389683832691942,0,0.07282566280721495,0.5331388414849451,0.11884275764495354,0.06514587636082594,0
0.4460130050479992,0.8885769987606492,0.1303801986289936,1,0.09032114321944845,0.3780786048585303,0.30885994013585666,0.1929452190478979,0
0.4619955795366972,1.0044817677473832,0.14900823204554126,0,0.3776156066776948,0.35715281554735134,0.12487273000808152,0.1859549662210524,1
0.8050464504226511,0.930484844877483,0.06459068338131035,0,0.007531425402749845,0.19824864410191848,0.1307444121994305,0.03948766962930236,0
0.06659053975885385,0.8821296929578372,0.15716951659449568,0,0.22899957200124454,0.18728399439197724,0.21260801210085797,0.19658127822387206,0
1.4716149311576412,0.914260316643515,0.16717360033441353,0,0.2088422090977443,0.3284537228350566,0.35414670079780763,0.12373162376895137,0
0.5738879331217542,1.0255940202108187,0.21836327372635134,1,0.2504233881596647,0.11341535099919632,0.1348008944368805,0.1684862048901125,0
-0.6549279631026134,0.9988829031534109,0.032611629581578205,0,0.07327292447366376,0.09466568811351238,0.2942664416116459,0.03211784537347821,0
0.10015242105982515,0.9453479623157364,0.1955333683802385,1,0.29859464145791526,0.13705024328017254,0.13667389275665384,0.09199852120357578,0
0.9276077600759761,0.8838146895408963,0.08070991419533159,0,0.08096927711525582,0.34516534175607655,0.12445070207733026,0.48460598479753714,0
-0.7585732042135221,0.9409511650950356,0.19598148058900622,0,0.02337110361071115,0.19498775546220026,0.10697402754309976,0.15740952030557814,0
1.0235900549055459,1.0470168340926294,0.20987541382229252,0,0.34114945803550395,0.16287635806757186,0.01200591629911829,0.2089641534554985,0
-0.597237987318178,0.8839949202027098,0.0925302516532849,0,0.298316705357941,0.4994126923096768,0.0421791580116786,0.5434143929854217,0
3.9779048518840883,1.274523650954095,0.032944623257321184,0,0.6062389156582628,0.6695691337537402,0.7104491845860147,0.8487713911345633,1
0.2399157204823566,1.129981712241357,0.07117241497903724,0,0.01392716350098885,0.07495659486087315,0.2720758508412857,0.07297481036363035,0
0.9923884723509392,0.9010583891241902,0.15772539440486083,0,0.1399877661961028,0.10799160136032096,0.40969408480878733,0.20789132352351214,0
0.8430189163949777,1.3327394948989788,0.016733699514559924,1,0.5414424622887264,0.40501089775771354,0.5270855164120567,0.7871563239342134,1
0.7935965120000199,1.173411886757151,0.04251957135087706,0,0.860737300525009,0.3590417979049431,0.9164506339699798,0.8887065444274033,0
-0.622490511233041,0.7815625584700432,0.1946399314474072,0,0.3508260159716725,0.014074325232799372,0.024501262724418077,0.045745242078762266,0
3.7445359167648817,1.1524850863741727,0.04232637284324128,1,0.6632983680865674,0.6371114325797868,0.5682106080525724,0.8407704977532064,0
1.7077294821977602,1.3639133139511042,0.004169953352181708,0,0.5675855186190404,0.5791315493310562,0.4402293490424489,0.9359193813421023,1
0.8330609576198789,1.2121645387609667,0.17657275656781984,0,0.04608446016092757,0.40720850632904837,0.1935874699036413,0.4393846222482098,0
0.4224191877063484,0.9777246778899368,0.1653322212869568,0,0.04856977010964314,0.34459685215661334,0.026577106323592115,0.20818107439581202,0
-1.88800862788412,0.9888314716014464,0.13704792311461395,0,0.03964399013575726,0.23287611497493013,0.13501716709949502,0.21351344768961375,0
0.12956619766266264,0.9836223952496694,0.19864148078670862,0,0.19458532199316042,0.07729742803018401,0.09531677528091669,0.015221061820322953,0
-2.3829090636993135,0.9237090889926654,0.08959937833154316,0,0.023383115376489245,0.4290135308628592,0.03640366507324006,0.2021786835387636,0
1.1586356481819098,1.0969374985281,0.03927849852140467,1,0.48420263742395075,0.5807413406521378,0.8454593754803457,0.6596565090003578,1
0.4216383088480619,1.032031887071605,0.1915118469943093,0,0.1007409490633206,0.15245275740911957,0.3345381568761307,0.4362100310194236,0
0.7330722984439407,0.9847999186532443,0.18931513017230778,0,0.004166004266845837,0.38693932194493014,0.36250696112980635,0.137170794932383,0
0.052741418138073023,0.9169561793207889,0.1889256339182548,0,0.09478832100683764,0.2851293640570511,0.36092274268494645,0.31706093933505886,0
1.813817618217065,1.1678290859922855,0.013375463172631122,0,0.6612372031446692,0.6244915251381781,0.9086883153663503,0.6498674183450246,1
3.4340957628811752,1.0860092640731365,0.011232792192336132,0,0.3698241530490039,0.55144878601111,0.7984110290724894,0.8715999301813578,1
0.08073717573922214,0.9274031914166718,0.18447916792123786,0,0.4679006132107095,0.30122312952741526,0.23619334517814577,0.23728223338675175,0
1.7674925989348989,1.157897583886032,0.012666156445210614,0,0.8182356197397386,0.336867071210246,0.8959647306047477,0.5014956041893751,1
1.055658934312215,1.0377645572591776,0.20871422126840844,0,0.10874360500738366,0.154668349773181,0.08263327404417745,0.31249749298513385,0
-0.32858079048882316,0.9545092763131625,0.13003579354921074,0,0.36123453104898334,0.3573148277776428,0.13586724202517744,0.0233210595899879,0
-0.7162657908342822,0.7857625814244249,0.05600182882811326,0,0.13853245647676884,0.2285005202990328,0.05809668576594892,0.23803397971820778,0
-0.6842292564688944,0.9725578368774747,0.13882102453659753,0,0.20032530221810357,0.10277584163713904,0.08923300661107313,0.2406008121923381,0
0.20712003154865505,0.892294721802741,0.10188067796058271,0,0.15082369362841114,0.2392141317272024,0.11971985396581417,0.20576867468718688,0
0.832240457950346,0.8982607348322573,0.17745361717354896,0,0.5039209564942174,0.37819237844375764,0.012499800407622573,0.02592078815722187,0
1.3413880856369862,1.2466631843173681,0.017410015035393078,1,0.6014201059414077,0.7240983383749667,0.6488878932426172,0.8105537851690359,1
0.9471728961192273,1.1014535434447827,0.04676306599427686,0,0.006485762720641314,0.20393929583771989,0.5524713965022515,0.021331473896953494,0
-0.7264981876388086,0.9194393072583955,0.09402143911344576,0,0.2929892838436132,0.12958205340517198,0.01606027337619916,0.3465858016571265,0
0.5479260979863053,0.9511995601039158,0.026049149530726703,0,0.2087339838007413,0.09143217375256145,0.12283347164513478,0.2999173691522264,0
2.2429113257157898,1.2329255809095918,0.04481223410769607,1,0.686163055980142,0.5541179858125196,0.871063012510623,0.7564748087308085,1
1.1407495868477604,1.1948526321862223,0.206952274354122,0,0.049372825627017766,0.32375474734623444,0.06279531673758125,0.12765099470664362,0
1.5799616371187426,0.921310628835565,0.04011642422010424,0,0.20329572790990205,0.13179459153109474,0.03546246264657285,0.44632773677514065,0
-0.6182358092845456,0.9690715513573351,0.19664516325458264,0,0.03304432827496822,0.03731207656000459,0.08796424453049752,0.048934900998892826,0
4.221109109694941,1.2213008474308458,0.007827808537538682,0,0.6252363941186614,0.5003100827609279,0.7959922193497991,0.9729183586222604,1
1.5655349223120818,0.8467786246460649,0.05724512488712093,0,0.38992971282294586,0.3881621253084612,0.039244801956643774,0.12228574999616942,0
2.221353879451624,0.792051498846478,0.12977808581486963,1,0.0362198060453115,0.1377835818400417,0.1456739129946554,0.32774307024318955,0
-0.28498609846394773,1.0271731091544951,0.10004375934491189,0,0.016328966875264476,0.020754144976067458,0.13228698594135183,0.10963802904957035,0
3.0920616041003672,1.207499546694186,0.037976489987031625,1,0.8695463660474991,0.8644480672230263,0.7440724262361644,0.5600879809349882,0
-0.8099863965403832,0.9327273698123135,0.16123095454776082,0,0.07975330866077066,0.5657928202865244,0.13655749334432327,0.2932707627849186,0
0.7613347064465402,0.9208891104765047,0.08987506133115124,0,0.22198562969965743,0.32042464685838584,0.018988207843612395,0.02610436991495864,0
0.8135877939847562,0.8026139948619204,0.02692439053778957,0,0.2396386916353225,0.2661105476906934,0.23295027392436266,0.40659183709742364,0
0.11789027501143352,0.9909106123078448,0.10850607783405983,1,0.1853801852398227,0.7300018406826134,0.10902469333595058,0.14194158847035984,0
1.1461632370750026,0.924163092924002,0.03944185845266103,1,0.05456895476462149,0.4332070862578838,0.04182748695415613,0.35795573347998,0
1.1278883246448332,1.124334603245884,0.026556952517880004,0,0.22036426496440883,0.8144246994684441,0.9567149691775724,0.9348893632488867,1
-0.2506695078819465,0.9823039849908368,0.19123143727162745,1,0.1854110250096182,0.2545983326344149,0.10997574432042502,0.26155423060101635,0
0.11240990333262538,1.0179309247451598,0.019914966712188995,0,0.14284426739314388,0.14054165784999798,0.0611182108345204,0.0420576280936381,0
0.6105649391127489,1.0684354240884397,0.07889918090602646,0,0.1610241244383948,0.3474931037010026,0.051031298659767195,0.04945230928913329,0
0.21635251132538652,1.0211223825258287,0.21447429665040302,0,0.11983226223009216,0.19364390960144143,0.06040314234174942,0.19580613660434465,0
1.36024008993209,0.9292434496818326,0.09146645547510496,0,0.21092237039086345,0.18659439602421368,0.09323932828580749,0.11281726205249248,0
0.2849497449619004,0.9143718906869055,0.03329054445173391,0,0.22139417764333072,0.17379586422431711,0.2941559323887382,0.33945144621445233,0
1.391653523164957,0.882420502429226,0.20982784905382912,0,0.23072395844282367,0.41938105163264,0.125674194881831,0.30581591040507505,0
-0.8878399710187926,1.0502591826615069,0.14903514258467393,0,0.27413162280546066,0.378734345738948,0.12044049817255453,0.5935644099970477,0
2.3894635741215478,1.173843583152108,0.03416986789883384,0,0.9565989550996845,0.395355287518249,0.6458556732604663,0.6253896186938889,1
0.8488898832864525,0.9612558236766207,0.04120919608366074,0,0.38170681416910496,0.3276163455152287,0.2767572120378612,0.24117938325289404,0
0.2863051961017325,0.8567550862443025,0.15317028106932,0,0.1564278915743096,0.20905659539735555,0.15920905559026605,0.21295989838808085,0
0.6649960935299625,0.9322250803910189,0.08576186685060426,0,0.05471563956064728,0.14138625308104016,0.08298773455479543,0.2278657125210906,0
0.5197474090552079,0.9239072913272801,0.07367598298419885,1,0.2317176839257577,0.5382177537691252,0.12474520538468095,0.027961748504448342,0
-0.49057482092692456,0.9370041984479716,0.21320743781014573,0,0.05626874790384188,0.2850016425315706,0.10249398355764903,0.12564082080986985,0
0.20913878492545818,1.1670327178824547,0.18307297024303604,0,0.0233547183821497,0.10245566524940378,0.0476010559619396,0.30375119597970807,0
0.25706368327226187,0.9439488560939654,0.06889947076459016,0,0.11949572394550474,0.43059908137219793,0.26627271107108186,0.08850185915376341,0
-0.9229569948399076,0.7848062636017157,0.1208308037560124,0,0.06964583306227175,0.33231650013990266,0.040653079858086846,0.2822606626002543,0
1.2215671604589184,0.893115027831998,0.06670574251727686,0,0.030908526299728456,0.15920491911223755,0.12429152994634415,0.018077933514118353,0
-0.8749076268333623,0.9569685534626535,0.1382219464056092,0,0.22150419748319486,0.3274998937160088,0.1246877468746447,0.5462888927280978,0
1.5561068812686834,0.9272159004965174,0.07353263970164461,0,0.2834891732619526,0.35487771216236913,0.35175375127071146,0.27224240881099354,0
-0.605202647106221,0.9909897184506391,0.10579739009860253,0,0.2879477779377269,0.2989008409871499,0.036159502561700224,0.1167157797974917,0
0.9941083032532004,1.0649586990859157,0.060043163772631365,0,0.21080566007449256,0.5048395705132437,0.14503823683804706,0.352202678174318,0
-0.06937037174431619,0.9146884327028221,0.06669730627295023,1,0.23458659535890772,0.48710553621096236,0.14621072455078815,0.07139435034954253,0
-0.42723185653519674,1.0483101874653005,0.20249637317561425,0,0.3951096886483916,0.119691717553354,0.020780476931928946,0.3193351211552247,0
-0.5752418179801524,0.9185397888911038,0.14132597157942534,1,0.22237279683152264,0.4616461822619653,0.06742393086344742,0.22709121032190532,1
3.4307398188375915,1.343291321103031,0.02604933016772705,1,0.8409357756186906,0.29204168482994963,0.8065210855550231,0.9789703611615773,1
1.396439880340265,1.0709079517810274,0.11823186525272877,0,0.009781249768966641,0.22181395925908093,0.20730170320205,0.2834094080604212,1
1.7571136843885526,0.9736371016797256,0.03883610446004054,0,0.10617283133581197,0.21143802510994034,0.077993274653443,0.10517275667624719,0
0.22626072958791338,0.89408516104224,0.14552204744337804,0,0.030032721680582256,0.3032556317228088,0.4116396267117776,0.25364514379075215,0
1.9008892083465874,0.8085790257927958,0.038186680082852566,0,0.1477429052200464,0.432322261123064,0.07072864198773499,0.5937403300295621,0
1.872028206235197,1.081574052456821,0.02565263407683272,0,0.7315140349311023,0.6525099504328646,0.7880584747744332,0.7957868159225466,1
0.8141918996688297,1.0340537767602176,0.06548550049115051,0,0.1931428264010251,0.0616898219972326,0.18677716928546623,0.2163078937740176,0
0.8773060411176832,0.9128534214858111,0.13937751385535757,1,0.09552888665405665,0.17491985131413507,0.03581196618181013,0.0768839764146964,0
-0.7148599325183126,0.9298959420060002,0.01673255669280441,0,0.008646190934106153,0.1288722350463672,0.2879730753746392,0.020022901522203713,0
0.5329874772745575,0.9181014957782863,0.13927441165525703,0,0.10158776644646203,0.3522853728659989,0.08432955217232391,0.031511123219536134,1
0.3655670893462033,0.9122870873624896,0.1456763026371699,1,0.13395231225437773,0.16362552314841566,0.15513056510866038,0.11084727087073624,0
1.492144571954627,1.2138285592266629,0.03752412959410752,1,0.7638913911623029,0.7547456670606559,0.5307500196522312,0.8116558011551841,1
0.6104401015102418,0.9893451234628353,0.04385794384309873,1,0.1374907296775794,0.13402122131058922,0.1736337460724189,0.09935584998843393,0
1.6934087421922426,0.9553985797595629,0.09947918997467053,0,0.08503461998388866,0.30918983583366016,0.14530165299233488,0.016899041021036034,0
1.357220781023671,1.0002472294898996,0.05431355895020255,0,0.34737517099627724,0.259555462783721,0.08374166287431233,0.2728032107080906,0
1.9305848495252962,1.0456864400322243,0.19361072944477403,0,0.07419129879115383,0.19508355576040187,0.09757282976736001,0.23552480787367366,0
-0.7837430169833846,0.928214139795891,0.17434694036950327,0,0.08122550964281337,0.28199225031492037,0.29298062226641663,0.2079114672174732,0
0.8481986510875703,0.9381016598266592,0.02192677594439097,1,0.15049533086181524,0.02945124268343212,0.4323415378520118,0.12281432756489397,0
0.31606203987238557,0.9669613184313909,0.19758666855784096,0,0.1396961397140893,0.6243596255070385,0.16878168445397967,0.3002786761419866,0
0.020574726715316204,0.9959579130265845,0.16838895526708453,0,0.028326557561664547,0.2303232457527572,0.1172765346571152,0.06724907850934783,0
-0.7304171941398102,0.9844194501225082,0.16187763384164422,0,0.13526830740905904,0.12292374359717174,0.11163962792515207,0.15054103779997474,0
0.9428381145828706,0.9471495104379604,0.06041306613998525,0,0.011080274387216852,0.07683908596584652,0.25710102078262426,0.2020401731049094,0
1.4325039241355466,1.4246859071119853,0.014546438056484062,0,0.5596762150876984,0.4602684723571161,0.8645839310624891,0.8571789394878427,1
0.5328588592133632,0.9459697235281047,0.19408293768074553,0,0.038599655406837,0.1298585904399377,0.07884646359707402,0.21953389270864043,0
-1.7726283279918464,0.8565486764993081,0.1763300388731462,0,0.4103206028234563,0.2048999216131637,0.08173606447460688,0.41369013331905036,0
-1.4524647530092345,0.8338402814247202,0.2172017342035532,0,0.034913624003522346,0.2784898564467677,0.07689222950670323,0.12209463772163376,0
0.4753377341717387,0.8967280494665957,0.14163401943266785,0,0.18406887256612264,0.4565273230054823,0.10715416058117096,0.35559794629821384,1
1.8587401190212087,1.1601803773733557,0.010919621888220047,1,0.6330659562399215,0.3690619432576071,0.8806448334319529,0.7035941529662987,1
-0.7605586611830818,1.0702775701969203,0.10973879702032965,0,0.10329863441902633,0.2089507362379064,0.03342487920043908,0.17863845297037947,0
0.4810818431717527,0.972535498259722,0.12478199279762253,0,0.15818297668088652,0.06246368396229358,0.14884723568082986,0.060627390412540665,0
-0.6301706435435602,0.8827002944197396,0.11141642982712732,0,0.22453188110042685,0.3201863691157489,0.0834185514413321,0.2890698535447461,0
1.4553600770541675,1.0739596656997559,0.1811997453722346,0,0.22280080533387106,0.17648234542061783,0.0757458447355209,0.4745569619157334,0
-0.5598081871020896,0.8918220285602141,0.12447568472886715,0,0.14972453752414636,0.14530660624351935,0.01383873904806571,0.18003339372808927,0
-0.11607282189026459,1.0909391969464513,0.17979636529072696,0,0.0729942204779582,0.2291104569995735,0.10653228429272818,0.09666795921900703,0
0.9594442478339711,1.3567386766851397,0.04344853195045287,0,0.5054246049823302,0.7712889197205568,0.31685354045573066,0.7589972669461029,1
0.221989161217913,0.8183145157529527,0.0644042328891632,0,0.027385551709740347,0.17751889418160746,0.032935198207131325,0.25440553905701846,0
0.828735883898241,1.1613995502020837,0.032467530135187044,1,0.811049592927893,0.5620277493307015,0.358115913579792,0.6706780211331449,1
-0.22820481778225127,0.9794824163349075,0.19897090526602562,0,0.12315116398027456,0.12779037987503863,0.14465678512596533,0.13048226255904072,0
3.6723629691411146,1.1948273767884598,0.034480686370976614,1,0.38190532566335006,0.7853708237562141,0.8481045221451458,0.9503177464265669,1
1.4082070551840908,1.2995414399837326,0.03983235971327955,1,0.6233152389358374,0.5536901235979445,0.5590883892456453,0.7145199929275037,1
-0.5347887041634404,0.9666389935050007,0.06214209015721202,0,0.27560960673599916,0.21481329394754828,0.06513524010465478,0.18864603237524358,1
0.8234386478729125,1.4997874583408521,0.026887838260403252,1,0.7658188483456123,0.5188037915930199,0.7144317185107931,0.8241949435878598,1
1.1117290855396205,1.1577839856146939,0.009894724196223312,0,0.7039690748370384,0.2655170662644738,0.886611434642059,0.7221501200206863,1
-1.1023864172466549,0.8934436066004439,0.17739893734642526,0,0.015179354987450605,0.29726636274687795,0.12264355548014508,0.3833598119217055,0
4.512529527825393,1.1731390532694832,0.03826278550094749,0,0.8278073579122318,0.8244959113036316,0.8706405099535358,0.6360046320754962,1
-0.603169431838119,1.0187710036367463,0.06166466984297544,0,0.09196077906524501,0.3524060623054041,0.10735031832689784,0.14313884171783167,0
0.1381848381238059,0.9264452197873159,0.13579980444511675,0,0.2848166488392929,0.3720021052837326,0.11568239619231062,0.27343087004132677,0
1.846100740805568,1.0039746549032207,0.05203425492868991,0,0.04046606875630509,0.27634288971676835,0.07173095812388369,0.10468171707486282,0
-0.7668072958374381,1.0421589010655785,0.015146956034848854,0,0.12844774446716245,0.37496907381651884,0.01884788296816572,0.1039051027041764,0
0.3714013143605718,1.0221925882211609,0.1891680358714039,0,0.011564309120666296,0.06495869145002857,0.3419967406071847,0.30575183800694133,0
1.0273060092484203,1.1050726158812338,0.1887077860514202,0,0.15632261789078647,0.5222567905611352,0.34126500640207,0.21513860564030488,0
0.8677440354430382,1.0763449000900078,0.03939823975598082,1,0.702679284230213,0.5807755820636985,0.5869040084379203,0.8162764866125306,1
-0.03576597914825688,0.9971495890837259,0.15384731165611892,0,0.2376119402617093,0.23617282521820582,0.44275999210982736,0.15856173929210296,0
4.237622557833959,0.9873586511816898,0.038288190237335304,1,0.8894946275241342,0.5286229167621167,0.6672489937498184,0.604497403732303,1
4.139645434070857,1.1567313186508408,0.03905823289389867,1,0.7503529040403194,0.7322515520954311,0.9333310939775382,0.7371675371369487,1
0.6096289659954769,0.8951199309096923,0.0839441091385159,0,0.292675603363577,0.03922701820895204,0.05811603486170924,0.003964536080493071,0
0.615510958337852,0.9949850549631168,0.05166241904409887,0,0.09585022526285965,0.4454812367774451,0.10527183494430585,0.29095009789259924,0
-1.1612838311258935,0.995791514965518,0.14469879214247883,1,0.08544393368619864,0.18666026841942238,0.09651725476928097,0.22124826236784187,0
-0.08006680364396605,1.068809272014425,0.033065946747614344,0,0.06097205794193724,0.07109779553481416,0.08796557587506856,0.27735743176228717,0
-0.03925827740144462,0.9678136301398668,0.1280200650858769,0,0.16077778747841787,0.09018166541385852,0.23215173579569617,0.01648060796403318,0
2.1190083112573252,1.0574555769403404,0.17924015817554162,0,0.2555739394091354,0.25479040234063743,0.003607391893098539,0.33516264634417375,0
1.9969292509749144,0.9531144245767286,0.09597300546255166,0,0.2912777419525253,0.06376035214328248,0.05856855418874917,0.06649805305466443,0
-0.7214418007746543,0.9032447198057962,0.09050057086942045,0,0.15987091550407204,0.5509355306103693,0.13270647605324973,0.06692151930073605,0
0.9170385163198896,0.9647187377271678,0.1292720726573791,0,0.025732506712000332,0.26194742304326635,0.07678836584019454,0.2155845513663634,0
-0.8134953130511318,0.9173819601426477,0.18747813811756575,0,0.15613080848344016,0.07645268528303814,0.10582086292168598,0.0949783439425234,0
0.9096280884511145,0.88767453682112,0.18107871860281954,1,0.07810148301846707,0.25676403924147684,0.16401029914468293,0.028871350862157034,0
0.7859896692802585,0.9192629309920692,0.20098484929180116,0,0.005348354543446931,0.01645591554633951,0.21159254856098184,0.10507912989131749,0
0.2456895858617506,1.091249165079063,0.16171084367482386,0,0.07657429425767302,0.2007666417062604,0.3514893794470546,0.493584859177994,0
1.16835639145086,1.1910974450129266,0.00794624860435422,1,0.5793525126737755,0.5606793607753302,0.6362610686488475,0.6698137275066872,1
0.5071921942212894,0.9218071435045759,0.07125458948531477,0,0.1962980846062199,0.15725772485622816,0.11807152031952492,0.2003296382062891,0
0.7624964245666424,0.8093479833553132,0.058297693010530095,0,0.14129070790256254,0.23444465385053886,0.05220384190592554,0.327941532008505,0
-1.63765522268117,1.0785568614749228,0.10168802385711286,0,0.18018745679660114,0.09060132385169205,0.17812153457041519,0.1120221750218759,0
0.9139419115465408,1.2742132070513923,0.002316248873344231,0,0.9490649777160889,0.6333216593699591,0.8479691091820004,0.8215036404031653,1
-0.6853797679613716,0.9945773352607403,0.06040771542503982,0,0.0726320355762492,0.040326706248630384,0.14450720068174053,0.12993022240149849,0
0.3098242663518713,1.0874135998626306,0.09800671692531802,1,0.07876628111329788,0.07064015771551074,0.42820890696239255,0.16732047901906777,0
0.7928747140892269,0.8717064137175704,0.039099236069792,0,0.17218788799215295,0.4115131922288507,0.15469045538728254,0.16914882892001845,0
-0.8537266900768611,0.8866943264741264,0.09868869146599124,0,0.06640001699221268,0.2091805260751527,0.024465708998136562,0.06085873577007714,0
-0.3364649870127277,0.9036217251511293,0.20608745265664802,0,0.06179587070639439,0.30740237524089825,0.4164304967242965,0.07149741855457022,0
3.9938159510945104,1.3482308996869008,0.0036641493377904504,1,0.6559743669803421,0.631212904924486,0.4921430686504902,0.7723085519841751,1
0.275180185626525,0.880386083208061,0.17986159599604512,0,0.21920117312734466,0.19676372926143595,0.22391221917509044,0.1779010020957499,0
-0.26863663984692143,1.0186263265457396,0.1376274013361105,0,0.04960942452755244,0.21059817458169547,0.18742993099451916,0.05604063951497918,0
0.04936226488101868,1.0782457518685156,0.023896421608604973,0,0.030781246591710835,0.24169093078259027,0.39216171886662876,0.12165772780604488,0
7.204617760901529,1.2223423527495474,0.003641852067387193,1,0.7410020486171118,0.887219278574137,0.841470798527414,0.9563294487554591,1
-0.2855498368825903,0.9637994774601314,0.1992209803017262,1,0.17565694863420347,0.38174293869236897,0.2505604528786194,0.26585482661464443,0
-0.17276677199635426,0.9770191820686128,0.12812489037450456,0,0.19922264108357024,0.19357661058787923,0.2759857972863087,0.16863647851773092,0
0.07678052554617068,0.9870949854337352,0.04407810151148196,0,0.184903505326306,0.4094274243728512,0.017128715929018525,0.15390493102772906,0
0.9778995702463559,0.9673401987558697,0.025205105312223974,0,0.14830974793097304,0.1494320236424161,0.06313667134436933,0.08277244657121366,0
-1.731369829338209,0.9387516351771116,0.13785518109364814,0,0.13333070557758928,0.02803103557617612,0.1662019331853073,0.05735582578764035,0
5.520512594451099,1.2307535506320615,0.03237608911796231,1,0.5607002276173746,0.6902751718884937,0.7412563575551079,0.8026143631552504,1
3.5625414146867547,1.2867038798709793,0.027892459569774937,0,0.5128327432745541,0.8857830738664021,0.6381851769157911,0.8274093168144284,1
0.49026841713289715,0.9360654582058052,0.12845267866134896,0,0.13342515554127954,0.22802412842614034,0.07699873051649697,0.023462946636533175,0
0.2718543005888044,1.0603470688605872,0.09287960707615432,0,0.2728698957941561,0.36805231575562575,0.17428633111645778,0.05127039381030585,0
0.7411271410577354,1.1557787979960565,0.02679046727550509,1,0.7386980759621881,0.30891487069898804,0.7632402424141592,0.42175339500348075,1
0.8396260615181043,1.007307939340672,0.1576864384327683,1,0.4658876227137065,0.4350646193902279,0.044015952218044115,0.28987395292179546,0
0.38073349892687397,0.9682286862345867,0.1297760489432817,0,0.09867898797994645,0.009896692516487064,0.15506801930805153,0.04251983852678486,0
-0.2787893961808978,0.9552139085176077,0.04445596316276361,0,0.040071440026080235,0.2654394841306336,0.15219809083652444,0.19198922934079019,0
-0.5142703520089906,0.9501013855920194,0.04109893514307863,0,0.21200699356317662,0.06439500389912099,0.037167798013035776,0.11116050999044488,0
3.557080909221752,1.0863449580137938,0.03240996087798914,0,0.6589554484575371,0.4684519525133545,0.580862198596138,0.7983414811960602,1
-1.7068790195702517,0.8294979347631244,0.02630710107336602,0,0.1362754644335282,0.18302355195040615,0.37836594658273015,0.09872662430182734,0
2.0696519928750474,1.1864260671020053,0.026415743714366884,1,0.823668561873135,0.5051358733981217,0.6462733098003368,0.5909648231638984,1
1.002582038164629,0.8677319591523232,0.021852439284110434,0,0.22115820458268232,0.23375907961674652,0.02028587994157515,0.16645340720676488,0
-0.35517033836627043,0.9947602116873044,0.18520128952018394,1,0.23103730197452887,0.33923790932766623,0.03148805926485255,0.1859349052966598,0
-1.1633668798951418,1.144291100168383,0.13153680144214802,1,0.26878352475246503,0.10752734864819061,0.24210637820290476,0.31745870245915553,0
0.3668498568628671,0.9815435802064587,0.13603735113711773,0,0.14391701304205218,0.46449497633252473,0.2341944496037199,0.060849924089539084,0
1.1622039726399387,0.9914107292520774,0.08349796443461555,0,0.07939241194878381,0.3632987080313239,0.09426301038200958,0.20862475963241525,0
0.07419725509507771,0.944368771905838,0.03713230186272129,1,0.026938177160902035,0.4903096535395674,0.0886736922515553,0.49569419697012096,0
2.808921729941323,1.2983587226170281,0.02432244404782289,1,0.5583582178201892,0.5640363518990863,0.8510218864276217,0.5271393716213877,1
1.3536493069036337,0.9589356291697091,0.05509198265581223,0,0.1448601757848824,0.24950038847431627,0.32817429350767935,0.09416785402313134,0
1.0922997861500612,1.0170169623089065,0.08397232212258958,0,0.36867180059811505,0.5374264841222174,0.021735587827152496,0.3954376928288291,0
-0.49514343070300454,0.8726699862272718,0.12956237854570662,0,0.03785034484158083,0.04124930897315097,0.03928087468372349,0.027538848044303347,0
-0.7918948318401358,0.9593509438710599,0.07673759905601629,0,0.04673778258134248,0.044904620046112106,0.04521833806122986,0.09276513185335923,0
0.977255108628658,0.952564463470913,0.14176099294431876,0,0.03768472828804518,0.4169767094576647,0.24388936881304554,0.5795613568892902,0
0.2693184903427211,0.8657567306098894,0.156577662126675,0,0.2236037937571864,0.1623309080378261,0.10849085169681028,0.5128568162357288,0
-1.1384109517758487,0.7334275521511544,0.15148580230111858,0,0.5177216606710157,0.4080733653599794,0.061545818929449346,0.26839811298764166,0
1.257328323977793,0.9378662582624683,0.17069474668360296,0,0.07326845845909459,0.017678989666933313,0.2823923009677408,0.22035395364673224,0
-0.8980740068562905,1.0757844559513445,0.03349011854105009,0,0.14551332489508723,0.2695108714792751,0.03839440350102444,0.15572546827923156,0
-0.5239659858261844,0.9454840744601987,0.17456624043182573,0,0.1698371083497989,0.3494249044036592,0.18599213183245053,0.3749410700840508,0
-0.5587530718533427,1.0590123006009597,0.20220722217190534,0,0.22727930568495947,0.057162598055595995,0.1440427468432499,0.4738661836627581,0
0.5313356027113192,0.9097485008664657,0.19718210903088368,0,0.07386977176485579,0.11372537075193093,0.12730142789583757,0.12534183459157347,0
-1.1139456620840473,0.8355701012927006,0.14286944379569272,0,0.1498300188492926,0.5317095270850244,0.4528656163004974,0.4517756788247688,1
-0.44217304711635297,1.1086161874830185,0.048603653719623705,0,0.16420860571717005,0.30504416392777917,0.2428185473254874,0.21360578290133012,0
0.10366733292815672,0.8722105344823147,0.13549805803860632,0,0.12473289345940247,0.11539138324719203,0.17609948470147146,0.18088176163449454,0
1.6472663417183364,1.150527815407698,0.0349998072169773,0,0.9579403151680241,0.796267250593329,0.9452371858611799,0.8412415276426983,1
2.553250614901929,1.1461682239540032,0.042963765427998554,0,0.5840347867848428,0.44051687440701565,0.7627356423661406,0.6749431169002396,1
0.5565927741569193,0.9428899865956288,0.11815793043406633,0,0.02709693922661199,0.4215477299321504,0.24419987219571554,0.2843225234701223,0
0.9711295678735454,1.3721925815923817,0.03307501157595238,1,0.6223850851632137,0.6692567654181234,0.36196078084058764,0.7893390217734676,1
-0.6752830598465699,0.9678250634474646,0.14577575036383145,0,0.031305131481416594,0.09788752300180165,0.46582004325527593,0.3613680929714872,0
4.208772731815495,1.3090756752221362,0.02704913307542365,1,0.6205380019778255,0.4795196135714944,0.3253920409403464,0.8542245708982129,1
0.5389682261327492,0.9484076336734855,0.17198148081474568,0,0.039320436161895574,0.24846952394237437,0.0733684260825314,0.34605815100316767,0
0.7703685727049141,0.9219363644796079,0.1510594181798825,0,0.16558625824964895,0.08391815176331419,0.11391889778562032,0.010158762493447741,1
-0.4399444520726644,1.000661491173967,0.1857637984033651,0,0.08740996773776608,0.16788561860280568,0.14010524299020857,0.11751029754531091,0
2.6156271745831523,1.0826905591927396,0.010025481576768877,1,0.37775497965678156,0.2622692738328889,0.738520713971986,0.9007950077647632,1
0.1940164032675089,1.0200698223521065,0.12148700121020371,0,0.07040587755047455,0.12770250872128505,0.02173929230488865,0.26083242519083555,0
1.0813683964948368,1.1463413899304764,0.005928652999624761,1,0.3606878919662981,0.1474819875542783,0.9358790758164618,0.7619717157756344,1
0.4723408308276736,0.966046109813603,0.16867327919054986,0,0.11062599330093843,0.24582574132726714,0.027453002350517283,0.2523646101460553,0
1.665102077166009,0.9454797470291466,0.09391653814069922,0,0.19386460432750555,0.4451231740969889,0.10673540725173312,0.018013692379527622,0
0.8536157379524084,1.147869935767187,0.030337500102938425,0,0.7118357337471637,0.3457499689573837,0.7334880786037973,0.7487274612488396,1
0.269420642394079,1.0123980467377351,0.19361178256483724,1,0.2368328429010246,0.24704643664665754,0.48632793831986326,0.057404418910641894,0
1.281718886511694,1.3050488903262396,0.015527933877541892,1,0.816410602134973,0.4514419835460657,0.7108568989140679,0.8778570132356777,1
2.3435011698913644,1.1563862501352662,0.04472573150961797,1,0.34548289340335814,0.7027085491017871,0.413187380628583,0.6151957383424832,1
0.18535440782858686,0.9718471535838621,0.15702424571913132,0,0.27149609538342284,0.19382426070666114,0.03360426001251801,0.24626688929604587,0
3.8261403443436475,0.9866723006953433,0.044689441884288486,1,0.6464448583793527,0.8949487081616184,0.7078954749418241,0.6694239752424188,1
0.8605880265519623,1.161506052542201,0.01698704423422757,0,0.9310381406089909,0.732351039040259,0.6024526453940754,0.5338156399145868,1
-1.2537322731701896,0.9093414882628018,0.1326621110878341,1,0.17094157180863417,0.44076070986104116,0.16194205941684303,0.32567912464413645,0
0.9309722457036159,0.7940287969962905,0.025523546121353904,0,0.326529794120018,0.1603517202379412,0.262262012475403,0.3630646976021414,0
0.48548898606923574,0.963443269668031,0.09650633320868256,0,0.11266731702040228,0.30446751252911464,0.14384235947619872,0.21023791603426017,0
-0.8691095354176419,0.9627770999002049,0.07549731633777848,0,0.14852590224747284,0.3124964972566482,0.3042658757571996,0.08218001813256562,0
0.9641301371782155,1.4778317971813286,0.017402974268845503,1,0.8684898394767439,0.8442892410834193,0.592045592613959,0.7314174419842211,1
-0.8764343573638644,1.104608680621541,0.08094080663592314,0,0.18025200393126523,0.17208930349046503,0.0869654091129584,0.14141254702647357,0
2.5130977108562114,1.099706595448878,0.006070111501251886,0,0.5222054121693417,0.4342206510779453,0.6194275443229469,0.7389718611392657,1
-0.1420985838371872,0.8811568319423255,0.06277590353689602,0,0.1671560027809269,0.11420786932345962,0.04802241691036119,0.08101483176421645,0
2.4299090123153313,0.9389802601850796,0.12505798468397344,0,0.035375547951119045,0.3020678467284594,0.04673758565904916,0.7588119460161408,0
-0.40184880191735006,1.0010891571384877,0.07924037736374204,0,0.197708847091116,0.3020917600839648,0.05389200357250822,0.1265037717127694,0
-1.7843120816600684,1.005899553680353,0.03928464954436878,0,0.05932915384168757,0.39870150971127977,0.08498444460164953,0.18212701834601489,0
0.9505240862386805,0.9535266129869849,0.15049963323318355,0,0.23607287064042623,0.33441894404222094,0.32637413186025394,0.05547084051895496,0
1.4940828001784523,1.3068765295109097,0.018957326769170772,1,0.5579090730673386,0.724911052672606,0.9132466167271668,0.7747051473537748,1
0.4354763874868837,0.886975126456279,0.04865791763155354,0,0.14024365544957934,0.41040640456781013,0.10473249594816651,0.32936174307802457,0
-0.6399909290050131,1.0529807678004532,0.058984086872650464,0,0.21460605476293348,0.4328743544238701,0.268836863447839,0.14524904890149865,0
-0.09411951600997635,0.9147538905700807,0.09084977162179537,1,0.012156731540772727,0.08448811672226975,0.16876023779895422,0.003870456114785988,0
0.32666602802819067,0.9261121134617458,0.15114577655308686,1,0.06624077741340212,0.05926683386449758,0.09023304343986022,0.11894543959746896,0
-0.2662728121423593,0.8521458363658008,0.10732855867299664,0,0.06457748915608118,0.538915419152465,0.07727660239666842,0.16058900611960367,0
-0.5702690362806111,0.8887745721584102,0.18749515079103019,0,0.00987250036958116,0.644774334670031,0.11557057049472812,0.07804735806545123,0
1.040863671498714,0.7959714034172639,0.2013281375448981,0,0.054186242670685114,0.2218107288791404,0.07963852050067083,0.39717482033757445,0
0.46686631574082627,1.002656585431945,0.13931400423247908,0,0.10781681747990636,0.33177747834199656,0.29093390212481174,0.23519365455304136,0
-0.8414826926176194,0.9806202032114201,0.0510216253965493,0,0.02354396609936765,0.17012305730301147,0.12555739948654832,0.1597577144480327,1
1.3412196432624728,1.1926953148050328,0.01820538800099885,1,0.8396678861417605,0.9301320069365728,0.6038612406060322,0.7392362916097784,1
0.8908879201153465,0.9214587223125219,0.1557849226577913,1,0.1514453850075179,0.30061805609620873,0.06672084334971858,0.24949110347796358,0
-0.8522764281740279,0.88097013272794,0.14277945892060678,0,0.2750878045520256,0.07758523609054795,0.12783750479119885,0.18744416676524267,0
-0.4205740244379415,0.9866086008259358,0.17293441634907197,0,0.0354664441096141,0.06849702512109807,0.0001297823330458109,0.2849020947727367,0
-0.9107796228288456,0.9544374171006185,0.022831570670265165,0,0.07348711955373735,0.4755763978077036,0.02604402994629861,0.02729358118719012,1
0.046757714818488436,0.9307595250411786,0.14970936200756102,0,0.02832132453440062,0.110915021814603,0.11818467398331903,0.2100555713421385,0
-0.33631997826879567,0.948919020431422,0.11033224156978792,0,0.11205696539367839,0.5332904295806483,0.20702280980742205,0.1813710004320415,0
2.7847348307690787,1.2437868638401153,0.03744360848286483,1,0.8966307712180721,0.2885768741280995,0.6275022628719739,0.6891238699202554,0
-0.04788413361117183,0.8743318065052449,0.04876713812331109,0,0.2100007777710306,0.4161979114266171,0.35413548144635754,0.24377604912716447,0
-0.3028113759272167,0.8640838881604899,0.1575476214000333,0,0.15226387620253962,0.36893931495467674,0.17277998395548516,0.15190611502194473,0
0.25884494362187266,1.1025439127016847,0.10528908698448945,0,0.3452249679805042,0.1292070285756684,0.2198129940138278,0.10157516502312935,0
1.4341387265712977,1.0127243475130736,0.18854290904307192,1,0.04552417194781508,0.18680325235928139,0.15751460125582525,0.3352516387577686,0
5.82003395847697,1.2289206106625437,0.034944852212152294,1,0.7225480107964795,0.7865253836187726,0.964804545812087,0.7716942276352116,1
-0.03704180068335315,1.0665071249590723,0.07954243685879075,0,0.30537304120064096,0.13510687316904937,0.14988643850465405,0.04594006247336564,0
0.9658953201591522,1.0895030111728694,0.06234304124274261,0,0.08814666561498678,0.4347490855113208,0.25359076700372846,0.18803254917147658,0
-0.36707592353121604,0.7809415013340022,0.036756653958348984,0,0.1784350648253394,0.23886710318088636,0.3771228774169426,0.02988076257145271,0
-0.23911848950612052,0.9638260255827746,0.09347896263251829,0,0.1454522165766557,0.1642400287424906,0.20462286527842016,0.37223107483714096,0
-0.1557399238060167,0.9423166029170359,0.11510865716588861,0,0.32569395767943876,0.32919003364178306,0.1842812607638362,0.3278697090313816,0
-0.5011936371763941,1.0061890820085329,0.1385755441146857,0,0.1258263514310892,0.23179614433427226,0.056567898580202156,0.28988325812262816,0
-1.0990737182382784,0.9849902568373257,0.06624159115409659,0,0.18003557548678045,0.24861568103159387,0.03130288932907588,0.1971787253964052,0
0.9405337091697918,1.1478394176200333,0.019424984281912833,1,0.5488821634109871,0.47631414589621024,0.8567857768983622,0.6279976170130274,1
-0.3028973378189419,1.057846645367626,0.12309873360669063,0,0.2980614672723225,0.2486962249698095,0.05036552202192767,0.03830237402655212,0
-0.40312808870457933,0.94757927609402,0.10657118795765631,0,0.23350955453351185,0.20411679549073616,0.09161138760856008,0.16224401929606388,0
-0.44345856684154084,0.8926053895898939,0.06110178994623402,0,0.16644849624182037,0.16589376107900977,0.1362439440966656,0.036282272575210224,0
0.461552364153717,0.9030830244733036,0.0197376870358974,0,0.032807447284873344,0.13029880624007723,0.15283994162016096,0.2792170738313978,0
2.176017144985382,1.0602661041487422,0.0026345872113799017,1,0.7546310316209226,0.4090952028865193,0.4918063842930835,0.44254809016548585,1
-0.9139483116841439,0.9962868418807375,0.03700902928238689,0,0.5410464664150971,0.10582565562823566,0.42665211959275917,0.14710058189049588,0
0.6772589640596621,0.9612146354032346,0.03835878023613143,0,0.29026428540365096,0.2634320994405419,0.13323318751707705,0.12764108492873494,0
-0.7828821634536286,0.9685645962393837,0.038656970947569785,0,0.15090106104618817,0.32660680514147095,0.14245542759349417,0.02135511070163868,0
0.21328395810257422,0.9062790234415563,0.18051104265746032,0,0.3676521520516378,0.12407465208925351,0.09327739901730989,0.29849410409764027,0
-0.36877941110204804,0.8483641196195942,0.01980909945283666,0,0.11815286002217923,0.09807341493037236,0.29539898978473544,0.14143391125417054,0
-0.0629088340026102,1.0273837861611121,0.20477909707633762,0,0.05553901841223495,0.193856208204004,0.15239398286397118,0.33617633213240483,0
-1.4462427892321068,1.0366271704886614,0.09846868118576063,0,0.22030424950742716,0.22383504884219876,0.0729453338439067,0.14126946370333854,0
-0.855888308751677,0.9557514558642471,0.10978409668578654,1,0.34403061129411755,0.2555550304700723,0.1162419694182596,0.41535965439745576,0
0.5008254688619427,0.8947026204366428,0.06288398901558365,0,0.14195503667851836,0.19642002171314776,0.34766723637652314,0.2725052760960524,0
-0.1750418631390575,0.9209219135911711,0.14155762145255374,1,0.01309997757520541,0.3169509288277558,0.1536876430316653,0.1783340836512678,0
-1.3578174505399463,0.8476608346990728,0.10944041956383743,0,0.03774378159112247,0.2786184399969959,0.35165889942827605,0.12634771711967263,0
0.40398605545493466,0.9524140614975302,0.1847836153667518,0,0.20080689752837758,0.32894285805553775,0.3200717929853209,0.17677022058076516,0
1.4129521910489582,1.2612288301173689,0.04111496086025925,0,0.5751969061615999,0.6280554095189523,0.8085569175961764,0.6069878304121689,1
-0.16711245207069686,0.928008075029509,0.17837423832320742,0,0.23713536644721037,0.3995745849149888,0.10175441134292448,0.19380889321255565,1
1.0449733396621854,0.824865356962619,0.13458324654764608,0,0.07965111549775114,0.31673881217082817,0.2226208761511358,0.10497236875794473,0
-0.8107927391362079,0.9760676074492567,0.016154419113351012,0,0.09839718830420437,0.20602595398961193,0.31448018272455225,0.6201985924155214,0
0.11076663326909805,0.9369568900862338,0.16891199739185647,0,0.28261979397051723,0.07425620974032475,0.1612957273111803,0.1516583215421807,0
0.1696727067321884,0.9805759176284742,0.151135194845966,0,0.3359540192635815,0.2978987195594975,0.03830646698928523,0.14181231911638628,0
2.4087137819269775,1.0204532670995452,0.03109807311802243,0,0.253961920717142,0.42652774691814516,0.48437851318375336,0.3054911685784294,0
0.3301251390891825,1.087246565809428,0.0552704696206711,0,0.011943980612952087,0.03924631523628282,0.23639848339331973,0.18620561179444528,0
2.5336940350199697,1.034259655307546,0.0908271682578656,0,0.08602596873397278,0.13882882455707102,0.19220078837903412,0.019611244462007932,0
0.22552248562531407,0.9862248858859298,0.1303558663851516,0,0.019848138978601437,0.3071168075684847,0.3293742468032903,0.12145358423775487,0
0.8341675677115198,0.8882933873126351,0.1030685624069521,1,0.03286154376875649,0.32657791297988237,0.17464505963672466,0.3235131866406339,0
-0.6700347079578818,0.8770952602100983,0.07364231059015353,0,0.05649477343160831,0.2324728557329593,0.19078346109718525,0.3268739891684188,0
-0.49880461388744396,0.9753518188698429,0.05058228955104515,0,0.1638044748598953,0.11141959268767687,0.07740521597834243,0.15118533553067834,0
0.1600677527290554,0.836993216284066,0.1627202159709807,0,0.2923020760106758,0.4907833000828701,0.010079459880003005,0.042471131828205444,0
0.5420602113812414,1.0212994380032407,0.1839393705492967,0,0.018062860655702173,0.17490490895964997,0.2538935566371366,0.04350588712922715,0
1.2595409964003483,1.2175146824680962,0.022816028884062006,0,0.2977239110480655,0.48553854057506685,0.5455027946981439,0.8944991070656575,1
0.5842010500527758,0.895489845670556,0.06594982750505404,0,0.06121560805794083,0.11706593107427915,0.3272497421354376,0.07467316752169129,0
1.5453231491552164,0.901190655942033,0.07458180870783888,0,0.03776754183626086,0.14901815310724673,0.12423872395699125,0.4028932195025406,0
-0.41555960509033496,1.002668739576436,0.09471455677719387,0,0.24444132217395162,0.17626096968146893,0.06743838574417495,0.16851859879152958,0
-0.743687186104946,0.9570935513566127,0.03135677034497007,0,0.21264193231235412,0.21498691813305856,0.034764767925533305,0.34098487522979415,1
1.6947086632860464,1.216384168595567,0.011641983126614592,1,0.867185257151828,0.4505008681455,0.47250630915370817,0.7674680523209394,1
0.26040732061167293,0.9236164226097845,0.20145886282962655,0,0.172994847507555,0.3512919304718946,0.027631502476463565,0.10481884797623611,0
0.08441419546402551,0.9118444446451858,0.026425782932787436,1,0.17282643704395523,0.3191108630669714,0.04416058988513861,0.09158991903719067,0
1.6568922443721175,1.1307545055755013,0.026264095034391352,0,0.9047238496940314,0.8281383599488176,0.8191040113350267,0.5941628133478987,1
-1.3883119166953728,0.9355848923615399,0.19621954425859328,0,0.2114477423581921,0.12591683162506415,0.027946526492149668,0.19338079888039283,0
2.316010219564702,1.1034376889581747,0.006419947176459593,1,0.7531143023219466,0.7465483710129635,0.7131520084316604,0.45630981242015334,1
0.6370905905720777,0.9530051736978254,0.19216727346361923,0,0.1970322447008271,0.13610772914211167,0.08827990796706135,0.3771960551590354,0
-0.3764554123638245,0.9067662161496431,0.0705363907656086,0,0.03369990869103781,0.26626105779805453,0.012716292277119236,0.26641935825772306,0
0.16629906377770476,0.9187825284953406,0.11554315374655588,0,0.10362175990901408,0.3228901794865285,0.03044073293910016,0.06658310672342051,0
-0.4985609819433549,0.9266699755507629,0.10076442287790259,0,0.00980501536256332,0.29066338850598167,0.018203084102698608,0.02321321932811089,0
2.32177522722282,1.3162282689626632,0.009364850920604535,0,0.7677631250110672,0.6794891950098731,0.891588728902444,0.6797033506618892,1
0.8641878204940473,1.1062042388707145,0.0020515537514863074,1,0.9226207983148333,0.7850399454372694,0.7979896976640517,0.8429634947810963,1
2.6418898112448943,1.2360056303068268,0.030573029971145985,1,0.9584593769116173,0.5253123885388061,0.8610201364233785,0.8596600470696378,1
0.14167066573578802,1.0438786120840473,0.12316301365193512,0,0.1933147209366156,0.7212419163381493,0.3144559523853198,0.17970097946488744,0
1.9514131905324437,1.0890842416701505,0.02894020592772044,1,0.7313762761620731,0.36015851972989965,0.8093937485859186,0.9545033806747754,1
-0.5103844255610067,0.9419474895430199,0.1329876491053762,0,0.03935969352870447,0.26657874062152803,0.22428764841610535,0.11793604983073759,0
2.6447903476039785,1.04517450168145,0.01959210012589966,1,0.4716689248723968,0.7373320082029483,0.9117897529661159,0.7657787537985739,1
0.11170667732542461,0.8911691991376398,0.1841526495105909,0,0.07478188726038174,0.29530227984395824,0.09814544387400793,0.13848260078080457,0
-0.21910661541928073,0.720709122327942,0.19444946417965597,0,0.24127797208128465,0.21552523657960057,0.08323609267132467,0.24286998790299738,0
-0.542304840167731,1.0069913359844809,0.09423121318710231,0,0.060999549262310306,0.06877310493740876,0.3099117507722733,0.2854100693874583,0
0.20377889431514767,1.060738659182944,0.17009040961653787,0,0.38807754125809435,0.2187495505552207,0.06649594280712114,0.21778469399295014,0
0.05931735785904255,0.9216993142782649,0.12357712804220236,0,0.0009978214281581316,0.049838664373248506,0.08489967903701225,0.27144861379623547,0
1.647779803348561,1.001439582111316,0.07005421382723143,0,0.10285777132090854,0.19498339308362295,0.07792546532419593,0.026271757559098444,0
1.107457876940227,1.2730549577772556,0.019535503088856196,0,0.8624266533652337,0.6169391480319899,0.7294997551979918,0.5613072298817565,1
-0.24650300771238226,0.9461896692567332,0.11581707968785196,0,0.14601795570423845,0.32293359785416703,0.08654626860955768,0.1056278063204247,0
0.9043447341368747,1.407038376676355,0.026522371197108992,1,0.5412084956271782,0.5767746058806325,0.7498665751118688,0.7088647479131746,1
-1.1847110286382208,0.9128086145795513,0.09114998456356667,0,0.0494595788632078,0.33778838698838587,0.3518694522759009,0.36813044674253537,0
-0.5535581881689804,0.7063659411297555,0.08119471905846971,0,0.19328751333986732,0.09995487440156456,0.2079981023656717,0.4974518845269579,0
-0.11827417268690142,0.9549501589511001,0.1614013950103957,0,0.32403227435863735,0.2646886553722012,0.22900735024131688,0.26886312522338507,0
1.5771849887835723,1.1802547536950123,0.02558816726742779,1,0.615574251499725,0.6180162741427409,0.8172846542020985,0.7847868255609846,1
-1.0826544196078012,0.9181139209274733,0.05567407074468036,0,0.24678160529402998,0.30792711002400347,0.15067448738848413,0.0992206762552003,0
-0.6406128065992446,1.021753612386934,0.1522240118523232,0,0.01801338571198971,0.27702942929438923,0.0707020160047607,0.05153860132259337,0
-1.02453250575915,0.8723783584925756,0.20031624780080348,1,0.4101708100557736,0.06749921185629541,0.22146412502137564,0.2523833142424425,0
-0.5594455403609004,1.0623092650650714,0.10692360740826624,0,0.0532973591933808,0.11189780419468665,0.06552571724988747,0.4163927258831144,0
1.079790683261192,1.1436684067436307,0.005645395193435394,1,0.6407114569093917,0.9873636814318276,0.7743261218271253,0.6485334968788454,1
0.7311098119882838,0.9576626875316812,0.028658739674126812,0,0.2975658270554697,0.23850043269310417,0.10723916955990608,0.3488634573662527,0
1.4303549389248493,1.125458083320466,0.12380387348956919,1,0.05813375003909309,0.22257858900189006,0.13234326688785578,0.20080983997364577,0
-0.3844691699638292,1.0276642298050342,0.1635985249838755,0,0.3613539069444704,0.3042646336151507,0.209316900273894,0.32924966021888885,0
0.23098914204347076,1.1138756635859963,0.11730241544533668,0,0.3054838946499849,0.16877676313569867,0.004844581731019085,0.02890249326639579,0
1.1135618075531366,1.3051104482121993,0.04124082805167944,1,0.3998562105244944,0.3418447137067308,0.5678766344371978,0.822326568676756,1
-0.25887304794766947,0.8956841268218014,0.20511011393961848,0,0.05282839570052443,0.196249895041384,0.054937141982807955,0.3313343736330061,0
-0.656285717314933,0.8384824175349348,0.21989856389024592,0,0.04080529904032424,0.2763944091454537,0.15877393790231775,0.29736062092725163,0
-0.27379178121017717,0.9120142381344121,0.14654352058310666,0,0.38359809350473817,0.18577835672532836,0.10298385714244822,0.14670137540782005,0
0.9906093746878217,1.0701466146203358,0.003277320634612612,0,0.5499837072413182,0.5747245455191942,0.9017177157687882,0.7536486424738146,1
0.44324435277171487,1.0238275023916612,0.0191823301910823,0,0.22658308746249078,0.3344938048578188,0.29509170204530666,0.094498592523677,0
0.13729636849344637,0.9272250725896402,0.13394684910082405,0,0.3338808575044193,0.08715009234355821,0.2145196518003079,0.11756866404746753,0
1.0836011382770794,0.9601060550987526,0.2020797646745887,0,0.13149289618748766,0.2969900179003873,0.06557431112647973,0.584895338821757,0
-0.7035361879447303,0.9390593367823123,0.15477577156673605,0,0.06186136080731448,0.1372654487099883,0.1342835091591004,0.08734347994461844,0
0.815808165951175,1.0477237694584203,0.1879026981203551,1,0.2279626262966106,0.6194935296778029,0.028558743474315525,0.06027204597788833,0
-0.17232313067139698,0.9029132264074259,0.1658835605148939,0,0.18365056741510993,0.45919822641988156,0.048982021724346354,0.0800140771253545,0
-0.7801691660486523,0.9121865853396114,0.08115015995095315,0,0.25588330718436847,0.4990672146648091,0.09409589845666233,0.041086096479708324,0
0.2922142471205966,1.012756099289089,0.19938788233353621,0,0.05863425728688391,0.07215007494284234,0.14242735169338913,0.10886027794610854,0
-0.7842374244202747,0.9528612676622841,0.1361377990295815,0,0.3611896963115343,0.5964124004907434,0.02518186737739599,0.19146947593621555,0
0.08916320177911947,1.0430884855367053,0.1658968395891025,0,0.4798739524838458,0.2328861238757007,0.03618431504886212,0.1429670216695121,0
-1.5421683144002065,0.894117202349932,0.19635837191543676,0,0.013425857257003024,0.12311502464940073,0.004307527245703316,0.4866199169681378,0
0.4498369803374358,0.8560626909243341,0.14559474846824366,0,0.04747336650142663,0.19699185331256627,0.39835244698345507,0.14264806301866978,0
-0.3040049310946246,0.9201943329291834,0.21913948539488332,0,0.05955865870256405,0.35256736846326997,0.1778650727798202,0.2575775525693285,0
0.5960507532225645,0.8558729613757334,0.08790250984780094,0,0.22738797614349987,0.0558316177086637,0.07101555076451352,0.11288352319651344,0
1.6704600633597684,0.8249195849545199,0.04877047182198343,0,0.1369005905932363,0.14416508565592065,0.1560058696268786,0.14720260623044437,0
0.7821654956327029,1.0466152843109657,0.055228027746010405,0,0.15949230495172292,0.42763892836157347,0.24066134813655243,0.005596469381018218,0
-0.5087628384260043,0.9079472138105292,0.13196508794804435,0,0.02894752660655943,0.24600813719344636,0.27963656114625574,0.3955440888482102,0
-0.03872931905583556,0.970105135958656,0.2083761714353588,0,0.07938598422897969,0.10504298128673582,0.20550130422686028,0.1581166115307908,0
-1.1709236241610645,1.0144184166734103,0.0404907900756942,0,0.05674035374114453,0.32951858563320746,0.165372074690048,0.2721261206423908,0
-0.06712874893091612,1.106369616137287,0.05121987440614257,0,0.29361417927189243,0.28195942848713806,0.00032426946172722576,0.09956666621168618,0
-0.9458733178675033,1.0903333091920755,0.03998728847647359,0,0.12405983432680778,0.5076868030081217,0.27258284158172114,0.10669837423386966,0
1.4441181363456688,0.999021985686747,0.1210795069237797,0,0.16127337123960378,0.1623049347482732,0.05549871909784633,0.21664113597189702,0
1.4570720229488974,0.9612545789177299,0.08165225032205421,1,0.20990301133020842,0.18864110694466346,0.07176657856030283,0.04629659459614521,0
0.4050069281404672,0.9955358661832537,0.13150542597097475,0,0.08065344896667478,0.27100523538550575,0.46277980352605375,0.027499846254658365,0
-0.18998709631097332,0.9615566604415107,0.08882913339848231,0,0.37543615565810307,0.28200308979109223,0.4306880161149266,0.25305542412837456,0
0.1042071889469238,1.0185993682223842,0.07203452334910854,0,0.3193239376872336,0.26745735605396587,0.032284322557675625,0.10569130128990664,0
-1.4453680560420639,1.0055808285758918,0.10345916456876669,0,0.09462307778897815,0.2544645208232122,0.10469912346233223,0.22929650043932945,0
-0.37473867921049014,0.8908893631528186,0.10007454046600463,0,0.0702736163901822,0.273836805492147,0.04737893687897995,0.11292322861931868,0
0.7189376846204435,0.841644462148822,0.08956373183281527,0,0.06407741839630447,0.3365435386239332,0.06486142950093132,0.14280326959604625,0
1.1722025439812476,0.9280080007912547,0.0805217157291546,0,0.41017345441141795,0.2075340484158534,0.313209098327743,0.17737735361135626,0
2.197694058448109,1.2491783892085457,0.01574787075124853,0,0.8419015666803421,0.3656736460796445,0.7490299693150764,0.6995966309743746,1
-0.4747696947120446,1.0162742333429846,0.1882712394229517,0,0.083677997594291,0.5838539470313701,0.050074286707854,0.03580407683082522,0
0.5016044625507905,1.0123544821684496,0.13035119493709954,0,0.13329299962449254,0.11422084003579618,0.09555568001612978,0.031097631940118945,0
0.846708334690092,0.7408687835090022,0.05951378282772274,0,0.005342384530794333,0.24886284285711643,0.06834607929752576,0.271336981309831,0
-0.45168074779748907,0.8862069612124837,0.07726279548619369,0,0.2668844216088984,0.11055399337890795,0.05717345996012044,0.13858679704393567,0
1.2107774786744712,1.0959548786406967,0.13786952810634445,1,0.07715506875168204,0.25801479196817495,0.10277306588872913,0.18522788091047554,0
3.8583397603534246,1.1938260240643614,0.005178710693048061,1,0.6543828609634275,0.6569885804261077,0.7291627921793339,0.8032785803960331,1
0.3102517795170363,1.2194474375675786,0.19280770101864836,0,0.05565299828961799,0.12407243956538962,0.14404096996050708,0.1290155654461905,0
-1.0711649008407893,0.9176534310041303,0.11691929254712558,0,0.13499131614356213,0.012322498812757049,0.2884310849850308,0.031956244953906386,0
-0.4724711048242504,0.9978430625728172,0.04565761030417363,0,0.07694063463348433,0.22958096166418587,0.2032679093589116,0.11079146420702154,0
-1.322972653832265,0.9293746248309624,0.13581298721428425,0,0.1415872385132677,0.05473361770246517,0.4267233734726363,0.24269308024845818,0
0.29963924416237253,0.8624572426782244,0.11855897086216016,1,0.1107893620865707,0.2622849655470583,0.016841266620519185,0.059474371199289534,0
0.8174963076099976,0.8644648479126168,0.17427400962046685,0,0.05736558934258443,0.12332932985167067,0.16153592958171298,0.21452961603197998,0
-1.0018102338575787,0.9674697899421321,0.06622985293556241,0,0.16274762442149615,0.3592744760254673,0.016246415781765562,0.3493398811238685,0
-0.19545121277290345,0.9980344546021298,0.19201574734487775,0,0.10321952139726416,0.5122058466888243,0.07874353260902779,0.044532494264259696,0
-0.9451342016373422,1.0015096944352098,0.04263108590807481,0,0.006324352678115162,0.08891244999951488,0.21780946440151783,0.6178230470418625,0
1.420726870767223,0.913230581547424,0.11833436634842699,0,0.2043523443298324,0.06101065895599969,0.020641702736151474,0.25581234621560345,0
-2.30777059368077,0.9859245622577248,0.21691046723050578,0,0.012511620200732149,0.28478286659723606,0.21581690548733828,0.34392272319646106,0
1.286292690646662,1.0609215402028411,0.18845443303879794,0,0.3225154315455569,0.2696711658635922,0.13134131518608091,0.044713027280568945,0
0.7317569390425747,0.9480824552186162,0.1507862312821145,0,0.4022207420500494,0.1162838132412333,0.18359207206222655,0.3930455989070387,0
-0.1607232612542625,0.8872253266414533,0.07311897400554258,0,0.03495796076422264,0.2883890440329173,0.2150494002732505,0.061578356221712933,0
0.08067512143330346,0.9405841001739774,0.1544094415567253,0,0.09427835311991901,0.4950066192544617,0.2702992719100503,0.1213313368671917,0
0.22468099360847682,1.064262242985285,0.0985180806803265,1,0.22024097329805922,0.11900556764663224,0.10743845588228391,0.22907431781236753,0
-0.5937733383339714,0.9496386202509247,0.18657020573314786,0,0.05139429497112899,0.4760357320179485,0.012861166864183685,0.2707379404791197,0
-1.5157424009002896,1.0208677323449182,0.16936216957303296,0,0.08078764344746113,0.1842990050859948,0.08286863481000577,0.13356961698088093,0
0.5044885510824114,0.9359312202287339,0.08774337330328494,0,0.058083758019495065,0.2795316543846246,0.04555827130344042,0.521473665505793,0
0.46688566288921074,0.9471664494419721,0.08283185297722782,0,0.25816007219511217,0.057888933090652364,0.08030625906199242,0.15323466968688662,0
-2.1994651433862162,1.0289778809509582,0.14907473092004592,0,0.2483664121059805,0.10018945311289013,0.07074091057102361,0.17825254230239665,0
2.3930660224609666,1.1026053343300173,0.03356010896333955,1,0.7305918589319836,0.5266387269358198,0.8172165615197543,0.8972977177499545,1
1.8587608306189118,1.2875404798005254,0.025302633125775152,0,0.8808673767757983,0.5699508179548831,0.801997396829942,0.8266660099236601,1
1.7461276753411483,0.8879462893990016,0.023304380452970976,0,0.09183993336072531,0.1789506752623971,0.08951603730604564,0.43913728100520233,0
-0.8079957474328411,1.001125004193982,0.15811396943712236,0,0.04220043339248609,0.2088733717087556,0.2648659517657465,0.17047899392754431,0
3.353838865976127,1.0376609717842706,0.02514555232256601,1,0.7205900318612796,0.6741873940946489,0.8914668657870832,0.8325992021599814,1
1.493448765713898,1.3685140705283985,0.03941268396735381,0,0.6536232356674782,0.4256620052543144,0.9302316138807567,0.8380577371778752,1
-1.8400238568864615,0.902082821562577,0.2090751225819471,0,0.2292125306665268,0.0702903595177049,0.052961009995942165,0.021283622983677072,0
0.7714375580210389,1.1333735507762577,0.0398493701678622,1,0.9931874737894281,0.7422787105950505,0.668334556155152,0.627879345554372,1
0.4387302902065466,0.9486779397306441,0.12198631469513306,1,0.028952772733836986,0.2018011119402173,0.058120735375850066,0.16800090419912606,0
0.42337895032571937,1.012762517567131,0.20140735001324012,0,0.06870491180266022,0.5260619687734827,0.25896427101047687,0.07607784677569819,0
-1.320123267596102,0.8755175360026666,0.09215944523556745,0,0.1628153387941175,0.17297998451053279,0.2732742926827863,0.43301714423477916,0
-0.29966660777999726,1.002478052957127,0.04965683857240968,1,0.03095466324850693,0.15073034309962524,0.16856025102839953,0.10292849323901583,0
0.7179147419647031,0.9168555988429383,0.06765047278624703,1,0.08548235562657662,0.3373426480922193,0.011476298585204204,0.32423911225653995,0
-0.7586211836119335,0.9993204517797427,0.1713738058395401,0,0.16888392330237867,0.13387416431322974,0.10284453459873798,0.2874849425731331,0
1.6450264370027698,0.9551139462918099,0.029831418686391758,1,0.07741704235410342,0.014980642081404693,0.15635217862987413,0.21223280297724953,0
-0.6573874293714841,0.8238478215985331,0.06043769949659963,0,0.07628639037076757,0.36961316323515286,0.15554318421275184,0.1031463211292544,0
1.7438220468275303,0.9996959349890653,0.02404984022792837,0,0.12960927139906928,0.0903497184938643,0.08483740435557739,0.19085616567020322,0
0.39812766862028237,0.9597771111466479,0.07896026775223232,0,0.03945822505073326,0.10966793118563159,0.02028779453954864,0.2290812342786427,0
0.2160961728773333,1.0556384520660382,0.04090587909913605,0,0.1097453831105331,0.32222319583878406,0.24253126237241138,0.08070161464678656,0
-1.6768940937691372,0.9811216065066936,0.18110312175604382,0,0.04153852047522261,0.4757143599119022,0.008853625967537677,0.4027769243198542,0
-0.9272426159966669,0.9698783847331675,0.11847463633093606,0,0.32946293184906,0.14973483531028445,0.12294177390116336,0.0911547323272086,0
0.06405650055464275,0.8608350171135808,0.1837614036455324,0,0.02017309663617936,0.17536871342858065,0.05242732117045976,0.06189482491205367,0
0.818074002902277,0.9048891565939675,0.038577242049760055,0,0.0794717916310251,0.46732380114091443,0.05364246597365425,0.3221125771423583,0
0.41774657693159084,0.9140733938330184,0.17570468222408697,0,0.06573209271501469,0.39766505433488786,0.040261773733092164,0.4185090136210898,0
0.09101465591343241,1.0919584715459136,0.13994089149015754,1,0.040371726319540585,0.5013523030949534,0.009650441592524423,0.17539071311819482,0
-0.01480910942230046,0.9116815499224616,0.15986171695853146,0,0.13223892401488857,0.4853961627038319,0.08637801921261797,0.09067155244767244,0
2.7812339109031203,1.1141869088197258,0.00972330226532658,1,0.6783503805742952,0.6244760157277085,0.8294529943905748,0.933636453895296,1
0.1297918318652937,0.966626605641448,0.03103963020890466,0,0.08232293419268492,0.05968671166570197,0.0649017741044463,0.07818769570812745,0
1.8718786609581672,0.9331804734505578,0.20322959748464914,0,0.0353811850072239,0.08251304514582879,0.09196231441997178,0.10620974284950674,0
-0.7243720287555572,1.0145655592050105,0.20071851342488423,0,0.04636014355412367,0.21510005929288992,0.062334588425371096,0.5552266008615269,0
2.0214100632289806,0.966198441481509,0.21398694569774346,0,0.03856006262167542,0.18415085905838932,0.27789162444618415,0.2148110016174045,0
0.5826327203672403,0.933592784663885,0.029528698634249083,0,0.005106626481537277,0.22625905008149524,0.2663292960680789,0.32193782484579386,0
1.154902093225963,0.984614132272089,0.042931365843855464,0,0.11845425538484325,0.033426351055433484,0.0717781576632945,0.3639877859529746,0
1.5902732020786248,1.2000869525969509,0.02941731797420994,1,0.6036496954958684,0.5138701038792104,0.7908728056198363,0.8099729620599698,1
1.0617014479874123,0.7857430944214856,0.173845972447301,0,0.22357472225305836,0.2567694050447104,0.09909813212837243,0.1259651245708567,0
-0.2270276240249957,0.937509961208953,0.12145241689103063,0,0.15624492884222047,0.4003685353180077,0.062009876875320565,0.1152997004687434,0
0.3808843636922794,1.0534007858389156,0.19898931119721258,0,0.059214993633674565,0.29789661267729356,0.251314601312636,0.19100537087315492,0
-0.2344655704243448,1.0432049455922061,0.048343704728929626,0,0.3508582936564438,0.1473770313626278,0.029157172687928425,0.32563718724758056,0
-0.630715670755873,0.9124950873545036,0.07292087705080094,0,0.3121169569283834,0.3834271324121286,0.3389358423839643,0.29458779961305187,0
0.354635459115522,1.054410253899322,0.03304123563984771,0,0.1711992797712121,0.31875457789959505,0.02227409591330594,0.11660534779515797,0
1.7295655968519479,1.1030051301231374,0.04383652335277112,1,0.6551078143225425,0.4953666813635619,0.8712243067199116,0.680118084508444,1
0.8620494564079825,0.8397703513054088,0.03612354715335145,0,0.09286040400190272,0.4728567504671165,0.15044206709938848,0.2640852438021751,0
0.21545106469025394,1.1597932101135884,0.14943823737944256,0,0.1872977383792276,0.2746728949657067,0.07470250772833897,0.23968323722342885,0
-0.6182235271282434,1.0109859746418457,0.19112172374900283,0,0.2983468249993062,0.23361760006882876,0.3563986248218339,0.11183553385927474,0
0.7868998793793747,0.9087134986769315,0.09563733194329119,0,0.0541214481684733,0.11825747882736434,0.11522406693493824,0.6562075239545058,0
-0.35179025309547546,0.9744850194216865,0.05421427712278545,0,0.04629620625217161,0.15964596917413482,0.1741069826884874,0.0772271755300232,0
-0.1184298385040939,0.9266055694408454,0.040310032614800886,0,0.31736383980940014,0.25940750935781437,0.13738118205335398,0.31970837036379957,0
0.08420313035138026,1.0714763622019545,0.10078214692096892,0,0.25013121050140946,0.21094168904638425,0.05240760627542508,0.07230489834330059,0
-0.1816388836810106,0.9155105002591375,0.020979987057685265,0,0.008972285404426805,0.155796948307702,0.12517591603219966,0.0551089376947246,0
-0.39049549826639995,1.0602274107541987,0.09214392247577452,0,0.039838384377100224,0.5973476685387752,0.03672323098280255,0.19529863274513182,0
-0.25337737400623545,0.9098947779053594,0.035029991454285495,0,0.05454806870506448,0.4725186550843445,0.2523607941193097,0.14296609489902867,0
5.929441361893294,0.9991129528713336,0.0028274096346007117,1,0.925391583434515,0.7129505842204611,0.8857631464228172,0.8452290982446254,1
0.6711295925400014,0.8575635543198026,0.1204870788348991,0,0.23773510549814938,0.3618032128880648,0.04746661026232861,0.1768785507641084,0
0.542407203657689,0.956082797531324,0.12463420026842946,0,0.0749926323622163,0.6935356434601722,0.2257960399208697,0.05448614732868494,0
0.38812821651110474,1.0979757319808887,0.02139877986944325,0,0.26322705846960104,0.24170986115059717,0.22874212532289384,0.40278243079487097,0
1.2801868407000723,1.058400045817532,0.16841692613277742,0,0.044273541211946155,0.3206481647758354,0.21436059089581966,0.3444845014508544,0
-1.5743938905980672,0.8491209646080802,0.19018657612669138,0,0.12650890987557084,0.23208043795322494,0.12413307495574635,0.09423805347891134,0
-0.11558500271741122,1.0517152696320582,0.06775991897233499,0,0.37239491758572535,0.155231553470524,0.07248922370518435,0.08316478427731022,0
0.8881521072045788,0.9801792317141341,0.07004251562048655,0,0.20582415999374729,0.5489233442661732,0.10108513783553096,0.20809205730327357,0
-1.1109648097669484,1.0000192375549255,0.14780659291468645,0,0.3398616169743517,0.09472867199751542,0.09280036184257244,0.4468354751240422,0
0.7225642446109357,0.8546294464042732,0.12458368167498803,0,0.09401130704905611,0.013533177856062017,0.032660168173931504,0.0184350141214134,0
1.2680652302855075,0.9600817916696408,0.011421890521916288,1,0.5178471660810607,0.7258538902202946,0.6917285761167914,0.8533942875378205,1
2.1373965859835247,0.9910700583384134,0.17326651612433275,0,0.1300370876700371,0.1207647660247682,0.11922709466314821,0.20238739820985335,0
0.7910147122724014,1.2359896345268884,0.0052047729934027835,0,0.7810958107252784,0.6132931477724846,0.39052471173675224,0.9871601609736256,1
1.4838679639754575,1.000919966028949,0.04172209434153232,0,0.11464810290195022,0.3697293240335262,0.13353183312899974,0.08784667474250363,0
-0.687332073749348,0.9199012713767829,0.21508285474775285,0,0.2790785390054319,0.4621244464414767,0.10576950377899232,0.06868202466381476,0
0.17018681430405408,0.9551677016642472,0.14950994882872565,1,0.3136411720289031,0.21559654735800488,0.060051081642662055,0.2203721497273366,0
1.2920822187327066,0.9552467854982004,0.14198624013272143,0,0.20578566992754527,0.09178213803072262,0.11367298935009232,0.2509312589146613,0
-0.6929474771132603,0.8981872443783341,0.21410008193652635,0,0.29865219520092906,0.09004444168011197,0.28964500340596994,0.20655779125493798,0
1.0014100035970241,1.0134923843806325,0.13256581159765024,0,0.6195032058195769,0.2115535604513065,0.12774064669513313,0.18701435179466422,0
1.7475673110894772,1.0610965342123735,0.07368310225355257,0,0.20011918086065122,0.36863225293964136,0.15925228937282593,0.4090318045249635,0
-0.8535616348733486,0.9161675756634452,0.0824285545331985,0,0.09986822905205942,0.2701322460141498,0.3936754053560271,0.012705639809092636,0
0.8151995679021437,0.857677541102417,0.042183818103096266,0,0.253605348929872,0.20999884425670085,0.13923652071567083,0.1965407624059419,0
0.755051458354336,0.9709881983525629,0.11671606485072863,0,0.009283435082273068,0.5142928189842193,0.07083179041803028,0.755481172811652,0
0.41386527946552787,1.0275071607713389,0.11115736974533649,1,0.4641776883456398,0.37056086269300503,0.22455389796960126,0.22092611751051047,0
-0.10576464185548264,0.9536746126508354,0.038960145921142504,0,0.21140928323593364,0.23160542033541243,0.04872431874242286,0.3861485687767221,0
0.8370653667192703,0.9459110052832109,0.13455500818602445,0,0.1460795747868424,0.15813484798350233,0.1326810523157045,0.1512979383736945,0
0.42655839879981533,0.9197144304873826,0.025425063610916662,0,0.035258610655917295,0.308839502682582,0.23760277531158355,0.18616052677177505,0
-0.9793535865885956,1.07255477967134,0.207241734660236,0,0.10226056987375218,0.38349983659939,0.08973029427790732,0.25900900256716125,0
-1.5975696071708112,1.021743694178853,0.16250947471941418,0,0.0681713306762339,0.09306450040916998,0.11768717974588129,0.04471462509119548,0
-2.5566298403743204,0.8718184207635316,0.18977044187547326,1,0.06593723605085476,0.47218306568419094,0.19945463263663227,0.35103031325663553,0
-0.12541745231741291,1.0680681864559205,0.023678570966252185,0,0.2934264405391494,0.2065785361171617,0.06308776286183734,0.5843398658527076,0
0.8190727043599542,0.9110693010644353,0.15381113515764988,0,0.146718660829379,0.3109648895394838,0.11245173692109511,0.0824673606881706,0
1.0702410933243283,1.0648055085117523,0.011989602270063085,0,0.6971858791064146,0.5911606374651283,0.7041850124258006,0.886555904739317,1
0.5635388017338434,0.9539467516539335,0.03693320854079778,0,0.4818928032025209,0.4966601405416083,0.4007908888104471,0.5234086340413856,0
-1.5032260559115371,1.142066034211811,0.15659371309732906,1,0.08183764525348544,0.2715123162674889,0.06219423657911501,0.4575455746185306,0
-0.1491282612271948,0.881227617212219,0.18022387637754556,0,0.175886505684951,0.31423708931699157,0.25892915674320693,0.19576029882229437,0
0.40024327610113586,0.9688709106262734,0.18023338344362916,0,0.11384146078132075,0.42972855663968645,0.04782844060934856,0.14198845677319333,0
2.3285665405808205,1.2832110038275157,0.019939422608724028,0,0.7104866214098317,0.3898106812996716,0.9492952959666457,0.5783554484350926,1
1.270074072924456,0.8751515946882719,0.18364282507474733,0,0.09762569441388032,0.23326197974536486,0.42285504931554774,0.04394727534442145,0
1.186325693084464,1.0144176288381352,0.06896546584026159,0,0.11683455252437033,0.38025126766079204,0.014837279999831544,0.011417590454639333,0
0.8185783788970014,0.9630157258499138,0.02084660509192289,0,0.05910457182945151,0.25779544029023277,0.11671980307965721,0.11050879772931659,0
-0.38125681406076095,1.0295323673997516,0.1572419851773209,0,0.10109331220440719,0.39883072333054037,0.08134555202176413,0.045233089052616554,0
5.921852051848489,1.0307610900435877,0.018307148342407743,1,0.7690501257041787,0.5005840358011379,0.8341402634322134,0.6870124298280288,1
-1.8160512091673344,1.0760801150505068,0.026712207465382644,0,0.005318386556172115,0.09728926281480296,0.11321405047472735,0.1903027728659117,0
-0.5818477844896172,0.9176817833548787,0.03979693575889093,0,0.17363721645755942,0.0927252923375536,0.07186483037570184,0.2727376618560222,0
-0.17947949567876975,1.0143157590209786,0.20604211018247848,0,0.07618668745952581,0.11582556180449852,0.30272908760212297,0.18522469768635982,0
0.43165494001768073,1.0624751661333383,0.0735534529351333,0,0.3834772342167108,0.1571113376182791,0.1955405226275623,0.058792507998338524,0
0.15216561072612322,1.0273586956361702,0.03824435458827737,0,0.06949549960131939,0.5751508896988313,0.3090479500428667,0.12490997474384471,0
-0.34193773351285905,0.873612604177481,0.1226988987729971,0,0.08712881748781762,0.13002920744607457,0.1575450256951569,0.023502941117440074,0
-0.6945078491970906,0.9568784384497965,0.08320148683699735,0,0.051626269583884395,0.23828979624381466,0.2953146946383242,0.30925276586559536,0
-0.6852421038885125,0.9157663330106158,0.04635335322746236,0,0.2591008324096054,0.3656274480179662,0.05926895628925689,0.33268542731172246,0
-1.302673295555638,0.8323284825140709,0.20171296075453954,0,0.09381055227767914,0.40765963936240834,0.17742515608699502,0.17194703552571106,0
0.36630338678742463,0.9539302839451981,0.07450815384952587,0,0.1740914253209597,0.5877255126656954,0.151296418926437,0.07308352628326856,0
1.2460399875818686,0.8801430193190876,0.1386817409571427,0,0.1734791452983005,0.2894933154237895,0.22449623852678263,0.28568335789850724,0
-0.46807404361399657,1.0077152910065401,0.023400535561227544,0,0.049474399039569184,0.2393594651640328,0.01201714224753757,0.24730484527253557,0
1.2034794155033919,1.0630460579881902,0.05009287248620068,0,0.19734415833780733,0.10154823721689417,0.17927382548730286,0.03963537830044967,0
1.4947104051482842,1.3456404466706555,0.003700931001967376,0,0.852420236796854,0.31731741024616567,0.8846392609872286,0.5355260955631065,1
-0.05408345414941647,0.9015234979427621,0.028942097550246203,0,0.0565621842109482,0.18108623244784014,0.08739137399361564,0.36643911976672056,0
0.18658219302386636,0.8949741127730748,0.06753225939725988,0,0.06999984055496813,0.19097361827589593,0.0021667799680036726,0.0858436821457319,0
-1.189902431161382,0.9013573603580808,0.10128378839564134,0,0.22586783241546335,0.3529400227475561,0.5412968728220638,0.3500151576087928,0
0.06321937525627738,1.0420087322065419,0.19019657994612627,0,0.09047737816247446,0.3283712263651734,0.08905608253651837,0.18855831486457011,0
0.38876857348776495,1.0822998280432727,0.1335053850828905,0,0.05036576606072953,0.2427342713531067,0.10305283679458122,0.32493270386430523,0
0.1022204613275557,0.9001523148302681,0.033230552164779895,0,0.027860110769170467,0.09607546209201588,0.2979469414862018,0.14315905811402005,0
0.3754724225428707,0.8288412669979652,0.08251086188391338,0,0.1233037771627627,0.2670956561192252,0.12238434085641707,0.31668489476848966,0
1.3061154297109605,0.9371924594366389,0.13901475269527938,0,0.0400075120247628,0.2685226416122311,0.12189927121845055,0.2000338319616881,0
-0.10909674680420388,0.7333575767885807,0.12261148726991085,0,0.16687990461155436,0.27156370880095393,0.2098646624870942,0.07626832066630475,0
0.7615630392464918,1.000134803613503,0.15813416796636692,0,0.10268096865429299,0.2670934755220508,0.21764095162819092,0.19100341947974264,0
-0.23985536458510803,0.8362156808849307,0.16139442388960779,0,0.15988150304143475,0.18164926698547856,0.07798647978479457,0.2547499365161438,0
0.014400361529010468,1.0185104202059994,0.0907962512289012,0,0.08749284926028203,0.18225337295235464,0.01052379563672852,0.3288056974838226,0
-0.12103513150134503,1.0183250916001891,0.16580674530232986,1,0.2960765791003622,0.5013899333100035,0.13914719123717595,0.24840324116910872,1
0.6938431838971197,1.0246428951521658,0.047262595548117854,0,0.15947627563867578,0.4230316375454956,0.37856218490529914,0.22318688187643973,0
-0.7225220021630921,0.8365758787832283,0.21584553862864125,0,0.07186949712947595,0.44409680779615107,0.1014654775973977,0.1400766046202071,0
-0.9667361691918563,0.9277539208747975,0.16415376103766355,0,0.1139352926215778,0.23371209628993944,0.28654381696972847,0.13059855678411222,0
0.43174935176172474,1.027968959081297,0.06810220454118618,0,0.1844152665168583,0.10808790254866718,0.1498419585225681,0.44213247093252195,0
-0.8576992156685872,0.9307807218008123,0.1670703274254653,0,0.06388506311254424,0.3095826872297378,0.14879792484890444,0.008639254830402721,0
0.42150283424284846,0.9957498000642158,0.06748434047761018,0,0.06293125423015326,0.0043195281288948145,0.1509468864904926,0.014923440451964998,0
1.6389088162529872,1.0438965701133252,0.03235299448484894,0,0.24039790594472615,0.2897056753788704,0.14262263987555343,0.09508746946278518,1
1.146885666527585,0.8727833274560456,0.03674887023933018,0,0.0609299609776053,0.47941767507463146,0.07965074257599646,0.1750988642899507,0
-1.7534761279660782,1.0887616532620779,0.03519140154427767,0,0.2279314237871119,0.2345951466214709,0.2654044410691444,0.06675012343893609,0
0.37993842148716345,0.9556876120795408,0.20640417575725173,0,0.06416300169912514,0.43053640600301407,0.11971068140551105,0.01857471606954702,0
1.8432638178513066,0.9734056084640792,0.19633725734694385,0,0.3978757864883941,0.3815374948032043,0.031800496067146834,0.03640318856934359,0
-1.281020411896716,0.9821265204472839,0.18456742042766278,0,0.02995739394208891,0.2483247644426528,0.1786778685686407,0.10603053446959833,0
1.390877094741874,0.9190589153646157,0.18806296508412756,0,0.09334949654296838,0.19634058829227427,0.2093117288190763,0.021207007476757953,0
0.5899358569965841,1.0056943524975366,0.2017582184957401,0,0.18075492477947305,0.14192513767745624,0.22987523204849727,0.2709262304201477,0
2.3162500628304477,1.2361514010566983,0.03899092473080265,0,0.8305119980070201,0.31490957534151304,0.8167153350408811,0.773477607493707,1
-0.10826896398886406,0.9553673800098472,0.15873393193363328,0,0.347923627287283,0.2955657903674048,0.021543699925387728,0.041516228934390755,0
1.4021213468864253,1.0480657118738084,0.06076735721921899,0,0.08168785004651884,0.2907609928843651,0.10318981027646605,0.06728410630672899,0
0.032665658239044826,0.9508158200992749,0.049262534548207976,0,0.024822497901353855,0.032447453052047236,0.20132557200876242,0.288912450970723,0
0.7437786744982702,0.8956026815317951,0.05532115443739869,0,0.3791291993094811,0.2884510733858736,0.16583481407099973,0.1773992155982069,0
-0.2667291860348582,0.8955360276092635,0.1691917529128215,0,0.0016275327323674203,0.2068973033250315,0.31885767782779745,0.14440054395903054,0
2.7855264714778523,1.128008379137299,0.005940455274983412,0,0.7663302189945663,0.9575512140925097,0.638326960062966,0.9085067919416002,1
-0.6553890990277568,0.944503569615603,0.04336760532109327,0,0.19441168836355457,0.08187814498523582,0.18976912237168272,0.240259061993447,0
0.9225114804740632,1.017826151598841,0.06514633618071454,0,0.11596365716666598,0.2404209148385657,0.06994758864133413,0.14273124722858394,0
2.3540760844419153,0.9411224010231223,0.10745223304291047,0,0.29181454405663326,0.230754398349397,0.08263805663133698,0.2949060001749138,0
0.9053814543674453,1.0549387696141865,0.17280332301404505,0,0.3927310576040458,0.28150020663870934,0.30899096353693556,0.18333484045604098,0
0.6205271200862101,0.9889133853818481,0.06403827304701484,1,0.12909062347713743,0.1835109702633851,0.33364928547557265,0.05124284897135981,0
2.2252217968350188,1.1258537682287746,0.01478066198489461,0,0.5333250266735237,0.9098679749470248,0.8651757950981557,0.6442322677909732,1
0.9078125408384781,1.0545254173135317,0.07577034857977644,0,0.034108657757799386,0.3346253607184779,0.0941915510660707,0.11966385892188895,0
-1.2371272401645694,0.878307003395176,0.15930701674207565,0,0.03246230984026489,0.14849601357305206,0.03794790531654714,0.3037302185066981,0
0.686976741909928,0.9202454379905617,0.21185460349087365,0,0.2612641545873779,0.23900763433293673,0.1981065284434765,0.2521164604367977,0
-0.8635847726450817,1.151548952046596,0.16179292595100941,0,0.12715165943790313,0.10631826439657921,0.16210835059373274,0.1703654682401941,1
-1.1920913123934023,0.9889328848997613,0.2170324473173197,0,0.09120278122130611,0.12606637817580937,0.08114047990708059,0.1430042337962278,0
-0.28429677939621234,0.8738099138412193,0.1236108566993611,0,0.3550461055995272,0.2901332977743999,0.033827145562553146,0.06267044543794029,0
0.41448353986486,1.0924325690470635,0.0394506927681474,0,0.06877565835782387,0.46181551357567036,0.0634027397863807,0.048994471514651194,0
-0.1218134125545688,0.9424264438119232,0.17988566684992036,0,0.23299184976429413,0.3996546574589581,0.11196341457133487,0.42639033319418973,0
0.46978698419017373,0.8050597837998028,0.058925720908603214,0,0.025291424345330066,0.35936959768254045,0.16780681778808285,0.09639630268138964,0
0.20600749793336742,0.9607026923918518,0.20956131865247746,0,0.12168952986657446,0.31627429188521106,0.1997034802352829,0.131379871594014,0
0.5910860740362034,1.0602506259814595,0.054768761025796434,0,0.1498250371492823,0.26497092170363024,0.40483890274786183,0.042193689867686436,0
1.4186241608660937,1.0350394081901961,0.017394942467929574,0,0.716398252159138,0.7806297734118098,0.7175185568507817,0.7369087285524617,1
1.3970197976083005,1.0725406493670413,0.015856490379429673,0,0.8680010558542912,0.5621440021161284,0.6309328206797018,0.9752757599421212,1
2.2884271110195913,1.0411805554133415,0.018345435743662486,1,0.7411121266814014,0.7578966155855681,0.39082794590612663,0.5747998052995662,1
-0.4124802256030242,1.0497486284984376,0.1231285750629551,0,0.17709572758481767,0.17658712544973656,0.22775166985923884,0.3277182064580368,0
0.45014240139812667,0.9346119606205971,0.05527894374259832,0,0.011566032323629143,0.15608505561340927,0.14510339482216983,0.26488539160580543,0
0.15280488379583568,0.9043444098242348,0.20122969731381435,0,0.13927485084253952,0.21445450485963083,0.03348094770384194,0.42098366607194027,0
-0.7840284779625797,0.841716245040096,0.07119791427434737,0,0.03181108358412775,0.3108676388252205,0.05215495016390455,0.39601751229937143,0
0.8637540275870825,1.3257679020789204,0.03348856624382306,1,0.8527309590548878,0.8415496629092062,0.9553450286832628,0.5338452278456193,1
-0.2451052448616261,1.0680891271989372,0.1576139209591445,0,0.37826801448687764,0.4128794526877457,0.038573775125851355,0.08447056455685586,0
-0.250437540780409,0.8820154739261726,0.1536090666632987,0,0.02941288555566934,0.48466204649217315,0.24121288153263679,0.41409690879532435,0
0.8669607999375114,1.2814599323170768,0.031949641396364574,1,0.5021816375511378,0.3558702683142803,0.8948691310829237,0.8481963244136174,1
0.5852789074987574,0.9582159773025557,0.15307094129753812,0,0.32724623842487455,0.3829565656485044,0.06944410752417034,0.10067801114567007,0
1.3801046402673645,0.9973336785572865,0.11342766262586651,0,0.16750222612666504,0.06496350897866605,0.05619736184695932,0.11795616149546352,0
0.8106421740658895,0.8202826619536773,0.08423997736210696,0,0.0783990036823543,0.13267821245663275,0.030142915156661086,0.3543127055147179,0
-0.07461038558539644,1.0145089861260244,0.10352795692396609,0,0.017993433034377733,0.12061106207395246,0.09828306187413156,0.5268946469969009,0
-0.048648823533247745,0.9907361657604716,0.05597395980313595,0,0.20183015030348597,0.0857031992278375,0.05967170526808029,0.017504773313549542,0
0.8065580238540978,0.9424906998611499,0.07128163987179115,1,0.2394384569984417,0.2340139747740211,0.04432765618023622,0.05880018850339253,0
-0.5576604474769433,1.2061488296144403,0.16290991486790185,0,0.14412734140758696,0.16670642411669773,0.237249552618921,0.06384537345995873,0
-0.1741324356007405,1.0902774843817857,0.19575204781105626,0,0.18181473433193374,0.14291245241120829,0.19228056897808107,0.23479090727264826,0
-0.8297997203186959,0.9662514450375718,0.0690120563672389,0,0.040594723315042686,0.3127281051529087,0.0966466316131637,0.1099679392706101,0
-0.3550589243313193,0.886698071954902,0.16818105224316032,0,0.17071268007152698,0.449567637361447,0.32971372560735124,0.05867161327046439,0
-0.6332193953983282,0.9894095872167769,0.1467744202832269,0,0.09837383443522872,0.17232286667355903,0.2465103906268002,0.250635473277673,0
-0.7820193893165989,0.9426272954290514,0.11588391470260163,1,0.061112048048970274,0.5136223172676299,0.2885192351103021,0.07039429571847895,0
0.06879783946636561,0.9451260415240983,0.07598599734849698,1,0.07104970657300959,0.3604724099550242,0.020761658832067875,0.06999414085839661,1
0.9769647358230451,0.9930399129710238,0.11399335950271273,0,0.04072107217589348,0.11348257865794138,0.1912290944842891,0.36248467525057887,0
2.761061915200167,1.3089204598631954,0.008005742074281017,1,0.446961560201751,0.8464283729759133,0.6728722683317332,0.8912787393548983,1
0.6898639713831424,0.9509497557987407,0.2164437443561817,0,0.03312382183741277,0.41178403442369466,0.03247001000912045,0.12454154161843965,0
-0.2912149668887384,1.0516824115313652,0.047136404257855403,0,0.1203929417145587,0.36054934443595704,0.11831417906872446,0.1772798247690222,0
-0.9457014766054254,0.888860733741734,0.12007812426446339,1,0.0066572686787120285,0.32207476256127954,0.09927340478253222,0.1558880076947537,0
-0.5236484145758659,0.8289576754051187,0.15469942556602012,0,0.01899472410913103,0.24482335990325174,0.10647597279726616,0.25492074095205053,0
1.521982520047887,1.2111331450301845,0.028897716510234685,0,0.4067593247701655,0.8446233865444798,0.8253426012714347,0.7249485323344361,1
1.0165376838985993,1.5399267486850043,0.03743804256993564,1,0.864919240395025,0.7251610028632923,0.878661386100537,0.8430455664144518,1
0.5348803932017323,1.0456292128183944,0.09660124233918224,0,0.1563118337423263,0.011791631257954358,0.023658684730660285,0.19253268905282975,0
-1.4014442840706864,0.9935687977619294,0.20900762393846606,0,0.2577330672840902,0.17268737443999785,0.019454178922281844,0.1442800426023411,0
-1.1768566041335293,0.8527148229358744,0.18211194755382726,0,0.24242872713116997,0.15852274003133537,0.2254151667876918,0.06504964764834194,0
0.9133437434766862,1.0446982823907103,0.1694291510352477,0,0.49962676511898346,0.07039818719452008,0.14406108788560495,0.09876958086492685,0
0.2017892047700549,0.9447302224357456,0.04466568040798659,0,0.12460254798796093,0.3240431665488732,0.281688617187757,0.48750020023064206,0
1.3487237767702518,1.1408208297084261,0.028196418120747302,1,0.7694772059087501,0.9403045093191987,0.8567870889914797,0.6699896010138697,1
3.861370012551821,1.2415997021601928,0.014512767125418108,1,0.8505869074917163,0.7127645730817248,0.7560367958470092,0.7389019545195211,1
2.067815815877694,1.1440218305671388,0.013648524700565696,1,0.8245141667425532,0.38967065067476736,0.8687667685317332,0.8061864382885516,1
3.213693615909916,1.193213884246635,0.026639491715069047,1,0.47347522128564484,0.5319496039464267,0.7442922649119471,0.8561058180180464,1
0.5383040392273682,0.94501367852749,0.030988742613928862,0,0.007642082062502352,0.2855502231181074,0.08309517326648429,0.18235963736589256,0
-0.20178415164625096,0.9357099141681599,0.1411571547153942,1,0.11375128742574082,0.23212071081537017,0.2388975342707737,0.27990767894396607,0
0.6094147008704458,0.9845876493366376,0.09753534485973335,0,0.0024730094752540787,0.18281800890575148,0.11937731559116015,0.12702146142155193,0
0.020093008419985285,1.0364215389765765,0.19727175981949596,0,0.08819392730427758,0.42064660756975025,0.11079582489147112,0.4966897977165187,0
-1.8237364670953498,0.8947699497347102,0.14922902901327334,1,0.12411542981507329,0.25480831822492533,0.0990565106527028,0.23009142586351006,0
-0.38581066557962623,1.0191722521379736,0.08695000290484874,0,0.08822452949998295,0.08161056336579006,0.17975865498532945,0.01108573719275287,0
-0.6266119450856659,0.9137663378533831,0.20838824623552576,0,0.14876434194079655,0.46770176151093545,0.10598829311974826,0.3334502453765159,0
-0.4692132900961628,1.0749068324564783,0.13007794395881428,0,0.3229876582428875,0.022587128313920773,0.3325058833445886,0.2135161230270185,0
1.0837736144858439,0.9201942001352629,0.141203001320041,0,0.25212089202881055,0.23237895831702424,0.12504214850447787,0.12826505161476154,0
1.1255419660323582,0.9606304147755782,0.04104188307451251,0,0.05004263504686768,0.12351806453960017,0.04643053936452892,0.1205562602062033,0
-1.1659669295872193,1.0086988471299534,0.06683527064632455,0,0.33583910093701475,0.2913772564886408,0.14459435055777325,0.0995774737632638,0
0.40317437046089033,0.9202774611614425,0.1479495026018352,0,0.06526870082030586,0.03205713089734371,0.23984331386436838,0.4426432146021665,0
-0.2736667052072162,0.8215789815612524,0.13562887906536708,0,0.06860010731706628,0.21615588142649825,0.08498250643832801,0.19834421847861927,0
-0.11675889298993745,1.0587801531235836,0.015084109335030849,0,0.32031705900601104,0.29533689275147745,0.26537709582709434,0.4677360684842212,0
1.9295984955829326,0.8656713428509721,0.1985596057948149,0,0.22517443226083236,0.45130899276017994,0.22349917946414502,0.4325884634305349,0
0.3893903545119678,1.0656331207827068,0.09370952332390939,0,0.3347523054780696,0.4836359402285913,0.07730011771678308,0.1154665537737652,0
0.9629330585163175,0.9267828985675782,0.18757078535090788,0,0.11377329565328129,0.3406677193415802,0.09390116671255481,0.4125687248745683,0
0.7146199219958694,0.9171731930387022,0.11388302275946437,0,0.2322086846011046,0.21673543794451747,0.10535533088081814,0.10825289162195796,0
0.6426898454055474,0.9303533790079374,0.12451518403590571,0,0.24621132915278562,0.15289544187544107,0.1821365890168943,0.23799944955620372,0
-0.4692026825708339,1.1237489756575645,0.0931351108171208,0,0.4707670528504466,0.4337076991933647,0.2784154509188903,0.20528839403616295,0
-0.21694671316281855,0.7557160323155281,0.1980231676159266,0,0.0077199074254189586,0.29320030064773084,0.0060506711237926,0.0280106766058522,0
1.0143757169530998,1.3022204116221652,0.022542473637613546,1,0.49728659621377674,0.9825060115443586,0.7437350810590005,0.6108277868353059,1
1.383497062216339,0.9906122841181992,0.19246870342642075,0,0.008176114637940914,0.13408401068299652,0.08570545762751258,0.07017431928449215,0
1.5905376321281093,1.0313654079785377,0.13469094479814314,0,0.14774782765640673,0.5986737274442344,0.32246739923906487,0.13726167614276302,0
0.06402114282332079,0.9136700712291402,0.21710098028424218,0,0.028387068867715477,0.11151036236802654,0.5566064242794653,0.13159488374181444,0
-1.4517256664898306,0.9495951765157103,0.1390458325586159,0,0.12582958727573126,0.6997122140076182,0.16188962938730744,0.07987898955008975,0
1.3560292470155375,0.8265120592897444,0.16924389280846192,0,0.35999742371672283,0.33722714477955573,0.19480302040962644,0.7035081735444961,0
1.40359368972442,0.8950078120850063,0.07216874488349781,0,0.17592033071402058,0.34405946514122143,0.32109204963239646,0.05557487928071099,0
-0.2097927750281245,1.0599695124237334,0.01989625922042427,0,0.033167185033237276,0.2762404329463289,0.15759393792724496,0.12408290494249513,0
1.670846389619734,0.9903814108832717,0.17854948630276457,0,0.08503073407017173,0.43353856487292136,0.23569284403895988,0.6088552728893198,0
0.7332396442723822,1.0542810151838737,0.1808404386708103,0,0.11096188573430724,0.1787098099672898,0.1362177743311367,0.319257816531737,0
1.4665880869610297,0.9342377476406353,0.16808237809862275,0,0.020077109973240744,0.3063560147714291,0.020862673303165838,0.43104060677709854,0
-0.1975465274364796,1.0164863131052104,0.041278554926144656,0,0.14685529018162777,0.6898598927523732,0.2568201991901576,0.3296221652873786,0
1.0862546385914402,1.144299873378706,0.010149302974857121,0,0.619545483012452,0.7756015807352994,0.7502604649180613,0.7923948403100244,1
-1.1624136605767268,0.9832717646072004,0.12441370980264611,0,0.0992102060971404,0.18056049316636477,0.17045100430296936,0.07532956558673637,0
1.5246530563645793,1.2915648620031495,0.03841056633650337,0,0.46020602567138746,0.6617872604768464,0.8051954122863338,0.8656276754433495,1
1.1542399014958769,0.7825321791959134,0.09919358212024135,0,0.04035188614478488,0.3246700084026984,0.16811239891885124,0.15228757703579626,0
1.5553151481539331,0.8895396728317816,0.11150629043945862,0,0.29820715882046894,0.4301790224437589,0.06699931257534818,0.14183141655797657,0
0.9852006086782419,0.9075449824430845,0.15754038467299886,0,0.2583425905535457,0.42291589047212497,0.13856807290523826,0.09425242262660523,0
0.38062895613456027,0.8693772038985803,0.13476608171050222,1,0.03520424597249858,0.3776748322502202,0.14017826851665308,0.022854005102183383,0
1.54198954891942,1.0901730933935816,0.04359573940115728,1,0.7125738949630358,0.7373259219158097,0.8532481327416448,0.5994154856059551,1
0.34779220899301133,0.9113882923701222,0.129194755169408,1,0.06713051222693509,0.40915552823996104,0.038710773528299366,0.1618574809117763,0
0.21162360374563816,0.9611319411972606,0.14798248371927225,1,0.2546870252379058,0.10787644846422932,0.03425744372967943,0.07494166583463546,0
-1.74436207831431,1.0366233291578324,0.12597375345375977,0,0.17518462238819546,0.12687841276194936,0.018454040436134606,0.18474505318281856,0
1.627428505525523,1.0933086337067581,0.004151217741267147,1,0.7636861708655807,0.6864658445761783,0.9739036366798289,0.8220779191973598,1
-1.7388120231408035,0.8295621405027888,0.10803854558041688,0,0.019911361016275796,0.1303731997138724,0.2624900670413278,0.3079503351849262,0
0.14378099355668847,0.8307290570071622,0.20872188103894784,1,0.11872444605294795,0.2972587650057384,0.005144970839938697,0.3712372422046799,0
0.9786600855217714,1.0082475747959068,0.032022945351088225,0,0.13939478275232683,0.2469893855733236,0.052552170478747,0.06752768180299519,0
-1.024273148580832,0.9620963802219228,0.17420440215826005,0,0.11670747085778026,0.3080476808771437,0.18937769560740964,0.176117614942314,0
-0.2725061368191,0.8143391777758386,0.12915310469258534,0,0.20336636295475924,0.12294342178197241,0.20153487304051074,0.40039999987831604,0
0.1611929263600241,1.0832259183855908,0.08324697972743768,1,0.2657037837437962,0.13123005298533516,0.2500833598738784,0.16974848214690708,0
1.3801232969917514,0.9701857811356075,0.031318986559665196,1,0.8637598816006444,0.6701358822398548,0.8330556812176498,0.7375479173481475,1
1.528405657930367,0.8500932140081071,0.06952468325409299,0,0.09448054513436879,0.2192579697301382,0.18356677446345612,0.1769906589710609,1
0.47623318757166344,1.1110150125872151,0.12639819970064414,0,0.18715121347576727,0.1161520765830192,0.18445553065873524,0.13946525240059277,0
-0.21780715302399278,0.9618104682141495,0.06175267246450409,0,0.05553008174049092,0.4151858849866439,0.14465751211003508,0.26854928630112673,0
-1.9289253609580737,0.9727570005443303,0.11884274998125219,0,0.14234553639817643,0.12326421855691053,0.034894371123439,0.05208038814454384,0
1.4589716263109065,0.8805313040334439,0.050672141843305464,1,0.2484856177628223,0.1445550418342731,0.02405785620527445,0.023855598761693516,0
-0.2765547043956932,1.044589464430258,0.13889804741197567,0,0.011565333371870568,0.536256544141274,0.07990735058905275,0.1654868422796185,0
-1.5415954290065665,1.0457543892169436,0.08598454041152576,0,0.32615894626634373,0.2594563175457553,0.02764693406373042,0.08152626443799921,0
-0.21545471046282505,1.0648933998242098,0.21882903708101714,0,0.018878241763919824,0.3794111562324038,0.17234583896839442,0.3104153810833395,0
-0.5355783122096442,0.8253873044701852,0.08509657118281896,0,0.03918381575279623,0.3194285035016788,0.09218775076459355,0.1599762099809938,0
0.91054377906497,1.3360602731854005,0.007389119813410276,0,0.9057398872540817,0.5245840072752167,0.8498561422832923,0.8255850202598521,1
-1.254680697728677,0.8945115978671937,0.02909394517817885,0,0.15121559349203587,0.3362884392443467,0.15208490896837962,0.05133328358463198,0
0.026130866675845944,0.9752733219314969,0.019861853862687073,0,0.1630152679972865,0.33174051193810605,0.3504917745442282,0.09402440446251455,0
0.2527771298368474,0.9394159999505768,0.059092471900944035,0,0.05407268102794294,0.5861408919864711,0.027337109434676665,0.11889669267060576,0
1.0004511281594466,1.0338806892837895,0.08362074194875221,0,0.1485131072014564,0.18118142031357987,0.07276181534094812,0.3669197913406308,0
0.7178858348083763,0.9787078420631679,0.15994138971119132,1,0.2645569894776053,0.6158130489092891,0.06297330478323322,0.3119259005418564,0
1.2939430919337744,0.9780609218489403,0.06338162571636097,0,0.06834170581105511,0.21681741409634095,0.07485751814587265,0.12226877102803614,0
-0.32816813538627154,1.0346502457872855,0.11742177445974622,0,0.31821354914539185,0.22633025464255385,0.1572686955739764,0.3023089602530182,1
0.8463619337937187,1.1357750167112282,0.016683841768073034,1,0.6229474855699252,0.5490511955265737,0.9019755832247637,0.8596929851488866,1
-0.23217671755515812,0.9719473528847904,0.1768830908275149,0,0.08846230983352707,0.05124042625595215,0.23554093761403438,0.4368608347443934,0
0.3419233535494427,0.8827074621303665,0.1506124864499659,0,0.08267242966697883,0.06852962516049195,0.15838933292192736,0.4402487064814205,0
2.3336364721448986,1.2240377744197544,0.018725254311381438,1,0.2910017569082046,0.7276344634185502,0.5300978008502782,0.8632748089881573,1
1.0140023094001698,1.1068799130203295,0.027452460153587273,1,0.9773547026769575,0.8159200727851547,0.8622179974554748,0.8826606575452645,1
2.046647906808957,1.2499936556331641,0.03970421217403707,0,0.9388002438820303,0.5743342034993578,0.6150207699276655,0.740080025990329,1
-0.19199982149934752,0.8827468157181433,0.06881426387464154,1,0.2223085231188188,0.2173357488072344,0.1992255624230621,0.08364470505075086,0
-0.019391538472693773,0.9130774984348852,0.1936233864297579,0,0.08271639350380101,0.3046041730130215,0.12518827378670322,0.1066071658501753,0
-1.1453674440085875,0.9239989713603348,0.06542994676289302,0,0.17883770578655706,0.2814805516191947,0.24161847024308625,0.21106882042367564,0
0.9217306026062565,1.311864428499514,0.026443924837813215,0,0.6536213505718024,0.5316922302853486,0.7225134054054433,0.9800081437097905,1
0.4092225029168638,0.8621683984355548,0.07099772217583875,1,0.08426077721169843,0.139467347847791,0.18195285571883218,0.10113335626667473,0
0.13736979441323635,0.8940388670777861,0.03539672636703082,0,0.3218705144682344,0.41027819141209815,0.12268570861963304,0.5588205869883658,0
4.1548755954639285,1.1059166325796925,0.0377495040823258,1,0.43687211370423357,0.6598440372556496,0.7997706405963548,0.5730879375848398,1
0.08653252208349416,0.9690512365642417,0.1203445461295379,1,0.07776850400303155,0.1164000568682683,0.0421289633672523,0.27140995112927985,0
0.7126710338671118,1.359806503882139,0.01860956863160653,0,0.643075246577809,0.8835614991543838,0.7506012936714924,0.6888784409875576,1
0.900504584193904,1.1372816508996928,0.03889771647759222,1,0.46898198383761835,0.33519315249587844,0.9319675682403854,0.6246071536882112,1
1.319839141771643,1.0618056130342854,0.16206772885806814,0,0.37583878079615923,0.44976663466184613,0.15751219201681974,0.046314232967406534,0
0.9588353804083708,0.9345409977805903,0.0195375624610469,0,0.2458847898202274,0.19938125218676872,0.036018413015013476,0.17073305964389018,0
0.10802697332910823,0.7690456103843462,0.15593028483019428,0,0.16799993224846935,0.05691252631745478,0.14575105064686394,0.14570853135712514,0
-0.6455426930838146,0.9554729208880083,0.05863426763786327,0,0.3131215045843411,0.07182144279968886,0.15535404973557684,0.0807660872245765,0
0.29341114320185496,1.1332044854245282,0.10292192342679317,1,0.01887097830370993,0.1468793171253056,0.004966415673311457,0.19895515116937912,0
0.4133570813029485,1.0714545006347924,0.10735999050875059,0,0.1849573965305888,0.31732091848849964,0.028307336479796694,0.1671973769161684,0
-1.1945197578679025,0.9704852148972679,0.0213190468333709,0,0.023962465628257833,0.12873136424054704,0.3499579894975192,0.04026251010036889,0
2.1914977407497456,1.2570600943968442,0.012579669292335833,1,0.5158454390930541,0.5981058650705884,0.6624222905656796,0.7363979119090657,1
1.3032187700578959,0.9768480671438113,0.11366116012465903,0,0.09819349587146177,0.6022007032419305,0.48629312655881257,0.11774208751676186,0
0.07880373415918997,0.9526635180683899,0.20916997645289576,0,0.02601113506344463,0.17419231742241872,0.303778499515784,0.2617868854706476,1
1.7186833097007694,1.006823954921307,0.06794419336686852,0,0.13523492513447252,0.21906256615633937,0.21124249394478029,0.4703977956064997,0
-0.15736064278519057,0.927001679048965,0.1597776621990153,0,0.14570534972053822,0.05074241271945873,0.027974172476881148,0.14166623772685835,0
1.1967173109974205,0.9254491523690679,0.015240611218645063,0,0.8703289398331308,0.6349617048605567,0.35357666893825745,0.6683684951602853,1
0.6041940347940274,0.9008183068821626,0.19014092647045666,0,0.06633091903474259,0.12358061534147229,0.05011411504502417,0.008824076224969557,0
0.025236585454427373,0.9065323844122558,0.04107240299466473,0,0.29047063522187483,0.3166318156046167,0.0885902530751723,0.128079362536278,0
0.3010947460014218,0.9663841187246986,0.07980150202788361,1,0.08211394832182656,0.32891557628234713,0.33684002496262894,0.26144865336072687,0
-0.2218409495408778,0.9925297627378139,0.12774569220869217,0,0.43125623560074766,0.2390916006588206,0.09179153816243849,0.20163421646109275,0
2.016193254834241,0.967199432751585,0.0034190609333987296,1,0.9545442675191099,0.5246849879989628,0.7414874553580619,0.9831365138153323,1
0.10131181240737605,0.9233893400529908,0.11159037467251909,0,0.1878252897054429,0.3840533413484272,0.35319954251780283,0.556755347184552,0
-0.009519353163240207,1.0004016870619012,0.05902070064992047,0,0.35538538142753123,0.0719943729779384,0.10258629114230855,0.14626203200843924,0
1.2875742787987678,1.2205660257734006,0.0378021492142984,0,0.7428444477336293,0.3106520973765166,0.7076886164096512,0.6610741768349667,1
1.1454426687429469,0.9519619423542636,0.13988505523563188,0,0.36829646648210645,0.17721912206945412,0.12215153549109825,0.30975086406714786,0
0.547240958975433,0.9837795418704098,0.21102534059694367,0,0.25258571247939693,0.15600254009816886,0.32668600166759165,0.0460917972417368,0
1.545133293093083,0.8753247493086678,0.19509880358746695,0,0.28310299850995274,0.4531692136920629,0.0722779299901786,0.2249453960903405,0
0.09944069989986386,1.049483995540426,0.16901098897223793,0,0.05248806295966408,0.15085348391033532,0.46026767085486103,0.02303930417456292,0
1.3493881436659336,0.974600082447937,0.1273444069319727,0,0.01827050502089414,0.4155174375363362,0.38183328413439227,0.23128271499893654,0
1.0143888370113971,1.027342461982721,0.05846570935295694,1,0.17043614873983096,0.5500621036091929,0.14356051222848354,0.08540956914295132,0
-0.7809099214998139,0.8501712438815149,0.06535447268000698,0,0.3339323489401561,0.23249014809199764,0.05177341862946819,0.1735987647941607,0
0.9905796266762782,0.8034129128692807,0.07514488349451057,0,0.21544457172319778,0.5871355570554356,0.06297318612829356,0.06580374058387109,0
1.9795496803927932,0.9016318024154072,0.07347509017288714,0,0.23828694868611336,0.15849033585563602,0.027927555534034868,0.09360826207128348,0
0.41742748014302467,1.1239849676628741,0.15380011109498182,0,0.037872247330636634,0.46733969672959474,0.31303045078043007,0.2769501985488415,0
1.843315823114628,0.7979476818395956,0.03237392440163717,1,0.7767554255075811,0.4655203044106206,0.9141867450613608,0.886893566375149,1
-0.5693353106599514,0.8975074897495108,0.14634559606908043,0,0.24677715994819652,0.06881361871228572,0.46369568178960496,0.13821038281492581,0
0.8230308308642585,1.127845327041875,0.04226285051923295,0,0.6295552140810053,0.8241142350679422,0.7468145968093004,0.7967684950606239,1
0.28713849379795364,0.9391752766982849,0.05691910954514382,0,0.00975355044214402,0.13154339760149666,0.11901110014715488,0.1368179013464125,0
1.6246190688682456,0.9355504711145349,0.04268281801951222,0,0.1530417775006301,0.1572947967970422,0.346464154067677,0.3131641133310925,0
-0.9577029051635295,0.9910649604338759,0.021729227257944225,0,0.12785530114740815,0.26065051107280346,0.03212310785063669,0.23252360620788606,0
-0.28767674229154333,0.8774426972922256,0.015185696225448495,0,0.013040694861462789,0.19026704645681197,0.1100317454069208,0.1437573609670336,0
1.0838891303348932,1.0310003173931248,0.2134548630964841,0,0.26755325937426294,0.454106989975628,0.0641295653249845,0.03054970417907612,0
-0.6107564189006461,0.9707333132796675,0.18533911061847935,0,0.04097581707133785,0.20006154822668865,0.12369406731897123,0.27011210341758557,0
0.5575182080471237,0.9422789389638301,0.17606165339861352,1,0.01964580055021474,0.39883258283887013,0.04538127814427885,0.05665001234756163,0
-0.4578228387916498,0.9821280612408945,0.20928522482129258,0,0.06402371600082993,0.16365250982575452,0.31241590486956594,0.11732035773448717,0
1.5618389190928568,1.047460464560367,0.04013913835178964,1,0.6375530140752286,0.5500177348416776,0.8285555957393955,0.8588182199534645,1
0.6637023406636803,0.9046199736587283,0.02571507685012729,0,0.11352154243676447,0.18352108524056032,0.26741909970892813,0.26372681268551346,0
0.2161704726790738,0.8482305451909606,0.09038024416614636,1,0.14654535332833213,0.0824695345146977,0.24347849763300308,0.2903446835218842,0
1.097702530535089,1.2884085850112723,0.04061207161928554,1,0.8895798861591843,0.6266283461428652,0.8580356802604052,0.9594935480982166,1
-0.5108264737822878,1.0396465211201624,0.21403546584722327,0,0.045100882111406344,0.4186875481829293,0.08165450395058711,0.4528123400010014,0
-1.03288076985023,0.9495259355899098,0.04536745401335854,0,0.10440859579891565,0.3262128574813308,0.06884565363533868,0.24467681846986444,0
0.18527158531568982,0.8865498413266739,0.03641846493456141,0,0.18047047644515826,0.13625736000311933,0.23156803835061016,0.05036600158767675,0
0.8035058374723566,1.3892317511191867,0.030430784112135685,0,0.42087412872245383,0.633219144192816,0.5634540182421294,0.8983382693507153,1
-0.2481775448649905,0.8723023740105147,0.1261835848509259,0,0.1179282659318901,0.10192722403581843,0.1539468135194205,0.027213176937801203,1
-0.17731133625384426,0.9633060505816494,0.1748039947739063,0,0.13514397457729244,0.07407485563348422,0.07969510072865733,0.33055228275138965,0
0.7897122539377015,0.8681846888147465,0.20888381698673453,0,0.10288230981651708,0.24682192268043282,0.335961311045361,0.08650186030470351,0
-0.39381054015979483,0.9649506682309708,0.17773636199046638,0,0.15081886188438293,0.4351597894669608,0.2799278360717897,0.21291201225258355,0
-0.37225808689423434,1.1152973949171,0.2127615481598345,0,0.04293593626974829,0.31881097135860087,0.27578240335479354,0.23312211328482094,0
0.7599797085442788,1.4049204586285604,0.034961783051258584,0,0.9289862587428628,0.9477497521850131,0.8158632999525959,0.9508099816339743,1
-0.5344357344892834,0.9507912244861408,0.03314707461901933,0,0.07426485791786973,0.23368530721436742,0.05738714758048259,0.17313639225626076,0
3.844246419533662,1.3003896703989122,0.009826782972081583,1,0.6554710800881104,0.6547563551916314,0.7385937449630572,0.9373424584939846,1
-1.4918210761817898,0.8897341538256208,0.03008048761423196,0,0.021350945091184265,0.11070119968554828,0.15091614380958918,0.04408450244594775,1
-0.092676615724273,0.8656432268393776,0.03368315451338998,0,0.1036447579929074,0.352994526398559,0.23407767543557212,0.09956797354157038,0
0.8740933725312168,1.0689293151734247,0.021623662849572685,1,0.8170080044626775,0.7263812149246486,0.7446481529427365,0.9506570640543708,1
0.38267797297828454,0.961550499015842,0.16278310990568,0,0.35021895896325644,0.22787056987389187,0.28101643016111444,0.21443284738545243,0
-0.40901475896927236,0.8530619648899255,0.09434525244665183,0,0.006038455173117238,0.3944164076649561,0.054977166532220303,0.22722355293001403,0
0.5928686879741089,0.7823663192851898,0.21971655042869886,0,0.019268881963425123,0.4766862962811749,0.1648484355130244,0.08833818618209938,0
0.8771688346889918,0.9362099136605514,0.08562370814578296,0,0.26527250954838233,0.24894430523340308,0.08101619216630733,0.21397113643898769,0
0.1191666946628914,0.9794473382128559,0.16181373032641028,0,0.0695029778895303,0.10749593243056198,0.08642434992088135,0.2532530149002423,0
-1.1913873052130746,0.9857342833101199,0.17798994064213863,0,0.03517910276875752,0.11845904711119817,0.0608104101425147,0.5273072172846728,0
3.5148898007384854,1.3089553497998963,0.04316780527234173,1,0.6848138108821716,0.5408011817759764,0.49289924654195577,0.8303758178802336,1
-0.9325307885253828,1.0423552444741633,0.05710047786144699,0,0.5982722946953547,0.36894910481206866,0.092749037087786,0.13677572846620628,1
0.7394722505462213,0.931932045593882,0.0853240211875671,0,0.24676741430436547,0.2922838295458855,0.13110127061511953,0.3287467869355186,0
0.23797723550427985,0.9267044476091797,0.10576086517982396,0,0.09985468627736632,0.3712835205139005,0.21896682600836573,0.2949919632234286,0
-0.6865857993478012,1.112021473944877,0.11157762277453956,0,0.06782924696439939,0.32776221157014207,0.10910669149064113,0.23332735964118123,0
2.8777280136213657,1.0885740005712026,0.04149971483504035,0,0.8404769677124042,0.4832974490440108,0.9533446014830353,0.6218877099343524,0
0.26955787811765025,0.9409853346431212,0.17432311143511997,1,0.20796246001325217,0.12244005946290513,0.05066986346706541,0.3495882816328475,0
3.0451944892876037,1.3240822552753282,0.014604872212129874,1,0.2688570256344674,0.663837502285626,0.921942703581101,0.7582341264896476,1
-2.131491393966061,0.9229648390379793,0.17767516745691037,0,0.066354444086856,0.1742775952058078,0.17757791172169635,0.08267381006415836,0
-1.0788604808523246,0.9778522443798158,0.15641331962239619,0,0.005296582044243584,0.12420361033298773,0.04795239340661938,0.0863306825009205,0
0.6248571998262662,0.8019609783026289,0.10816896025584813,0,0.27993204892144014,0.05550178935418666,0.13412918008342026,0.05233778773949781,0
-0.6429964595777116,1.0408219669468812,0.11823326374941126,0,0.15511259003696273,0.137543199556055,0.019794632301483716,0.024927522835028488,0
0.6676866112610308,0.9664866034320658,0.14013074266203102,1,0.0016203267279442657,0.040606735361966115,0.03740891623696703,0.08314266319239182,0
-0.9266354739020183,0.9945305303710077,0.03328734455747759,0,0.2920042513049763,0.07715795963431006,0.2176035504624863,0.058781579010181446,0
-0.3427473014739118,1.0137555686251598,0.07115254847913027,0,0.09628790504864597,0.11677341108621134,0.14591075688821867,0.2795192568739298,0
-0.6500350188317877,0.9850505712010524,0.18547265481164277,1,0.47207585829204374,0.34213227878073765,0.1681498855218816,0.06069031574814898,0
0.8738512480041456,0.9887791180101431,0.060361701168567726,0,0.11074111007586238,0.443078626765469,0.2296713395792036,0.05063704776037366,0
-0.4357837122784254,0.9868915970420983,0.1870786477099008,0,0.008266433456511776,0.2800115307608139,0.2612540106369848,0.18067684057913516,0
-1.3307027536620601,0.7878093164312655,0.20687880669536446,0,0.015911434459383433,0.18727194761677943,0.43245695103137455,0.14284480174674816,0
1.412104768917918,0.9050976691395932,0.04094178879525734,0,0.07172766233398702,0.29633815176179396,0.29007887249974634,0.4806005777259215,0
2.380607277816752,0.8881735946859496,0.061621454388323504,0,0.4892859230809409,0.2963350647197593,0.5002938349908801,0.10916818950187884,0
1.3580460294059309,0.9347930615044713,0.11643983360739114,0,0.07351553021575302,0.6199870384183934,0.06972601172620307,0.18898007433309838,0
0.1484553151444036,1.082415615909068,0.06782760787878184,0,0.18398800899589693,0.18141202909783471,0.04872658799834393,0.12434856387875952,0
-0.12312486830301027,0.8276090051017363,0.048312175172260496,0,0.2822537393274374,0.32680244075100867,0.054453670920226675,0.10189415339607946,0
0.15410717086357278,0.9430666414455058,0.07183797535158316,0,0.19783823947734583,0.08958527010771987,0.029530406764902272,0.39914280582626366,0
1.0220432591431836,1.0941901670244392,0.14388788434024435,0,0.11175906535644073,0.16825317102887621,0.03214741107527472,0.028359014941738477,0
0.5097128796748353,1.0202735570801944,0.07721957560001286,0,0.24774255407531703,0.3085706534175748,0.21888927617502657,0.17685671601726788,0
3.670020204053138,1.1845931811124215,0.04287265832892793,0,0.9415554298218697,0.6218778501241193,0.7758303461353006,0.6588399799807596,1
0.5119406898020206,0.8714965190070693,0.14482012805418526,0,0.2632209117407958,0.16920052599021868,0.11396290198364907,0.23874760905434458,0
3.5127502049289054,1.1104227500821484,0.036622166238031384,1,0.6963748130134053,0.7248936641360831,0.8395534578887932,0.8375014612859261,1
3.5199711322040956,1.1414027240862274,0.016984929058358612,0,0.1980538629707361,0.8973885924551293,0.6542333563839526,0.5782203222211448,1
-1.2494693345201877,1.023193577774468,0.0733947987051758,0,0.17501344344038763,0.15656560509775336,0.09013098835346682,0.09600536432666774,0
0.9982776169470556,0.9637547921648295,0.0352885677987849,0,0.2435741735215187,0.1853039757489364,0.24627240734470027,0.20739504630755562,0
-1.1898557506788134,0.9294038081864567,0.17308288987501858,1,0.013718021790709379,0.08987238973504538,0.030253442761651945,0.19662910373972858,0
0.48625953556502727,0.883297723505058,0.1938548770921532,0,0.2693391181029048,0.4867830035078879,0.43685512791379455,0.058950304462850996,0
-0.3691567782132312,0.7903439877891947,0.11602017590231592,0,0.01564937298330155,0.45508629865837696,0.3322447623048785,0.03822015688010361,0
-0.4026772934962088,0.9074648523498069,0.18331154915476838,0,0.06241574864623003,0.6755957615467976,0.09476648764501315,0.190752358684835,0
1.96973003719064,0.8769164943324822,0.20357354149676127,0,0.15238910619286078,0.14276982732129348,0.0836227505635581,0.28398929074601564,0
-1.1152133281488152,1.0599603920564926,0.11091118984000278,0,0.017045987322180982,0.2092575630344152,0.15857391338417795,0.07388381941821223,0
-1.1506229454263839,0.9823414270573221,0.05007600807474739,0,0.09378449417024493,0.15434836529557125,0.22331431034989982,0.6237540859351753,0
0.6465931418006715,0.9635487038012486,0.060113582230861815,0,0.6355646172506452,0.33349902559820555,0.12813006840262753,0.5343365765169565,0
0.8632728452262541,1.1200137872038596,0.02213704350233532,0,0.41027037811149136,0.5119333631604314,0.7816702982914147,0.6548205449118332,1
3.158457812431843,1.0411541044269754,0.004675227727201713,1,0.6920075836754621,0.810511252677866,0.9284584155475488,0.7357552998389331,1
1.4487443786432967,1.031893532827134,0.05129387537832147,0,0.06105291065998612,0.5233506889254338,0.01971245421584952,0.06230824268696021,0
1.328822837495578,1.191137278817918,0.004835140874916859,1,0.9171061081691488,0.391336384980557,0.9190635827386618,0.5330867452649287,1
-1.3562912711978885,0.932752103447211,0.2036233317311389,0,0.062339675719720704,0.05351571166916715,0.12747363980775897,0.10452058643660694,0
-0.005971915299379904,1.0207059532930887,0.12875651593420884,0,0.10013107608239558,0.1766433431537825,0.00728552506958152,0.1403854039733877,0
0.3581040510406593,0.9297136205429476,0.0683433304268295,0,0.03197815645049019,0.1896934820562514,0.03009426071977885,0.0726250593673006,0
1.4188653172236583,1.3416467590096375,0.002169969131425344,0,0.2872741008753729,0.7467898811013496,0.9229347653492824,0.7074349138569889,1
0.23104369028555538,0.9888131347156613,0.02868380224440517,0,0.2046797332837612,0.18979992231620543,0.09332009851034508,0.17446474145058444,0
-0.4499294072442292,1.096253808793443,0.09158916020448213,0,0.1441514605124887,0.15763931304916343,0.6105404626315865,0.09247687062414517,0
0.37005201390709397,1.0429727118926595,0.08948151749164707,0,0.11670268243288731,0.05196374546170547,0.08574578552638948,0.06286715028581774,0
0.6338388988306785,0.9614090601546925,0.16475550407539696,0,0.24908679301414768,0.24169526345940456,0.3622154878632254,0.14184978948901672,0
-0.8835215388938107,0.9179296259283837,0.19894619162869642,1,0.11230662384082289,0.4000110877760057,0.2056510364874683,0.3578871704105293,0
2.8489267004048244,1.104114407941319,0.09834640062062565,0,0.11057316960917311,0.11049238131954774,0.09360365457305736,0.18215489771474805,0
-1.304248336627902,0.9636451104913518,0.11839804438124721,0,0.1521005552802799,0.2620664994752205,0.2790773336395766,0.18529934249713206,0
-0.08235164335192478,0.9058403889233174,0.16760594703173182,1,0.23007597432375612,0.07928537509901011,0.25576925704845,0.6200277296647637,0
-0.09314068936004617,1.111898798508419,0.06612203653915788,0,0.15301575379396268,0.031082664698157438,0.3195707624830459,0.09157273326014025,1
0.7298521032431805,0.9148842009553405,0.04872770134052654,0,0.2610853563898342,0.1201085203478657,0.05543978726059097,0.07763993134792167,1
-1.180190828573879,0.9859566883482014,0.15321502465171638,0,0.5047648729372286,0.19124523715700553,0.06116174762537232,0.2221795968750674,0
0.22811970511638302,1.0029032727613751,0.14710674977411242,0,0.06270058761550155,0.2324196722879529,0.08331732518259433,0.04031742440636329,0
0.4838600546018475,1.0604116630699922,0.06444738879874472,0,0.07868893673445117,0.11187448752391689,0.10998688657758042,0.2101433093409373,0
2.254244034247087,1.0951614531997114,0.038481400909928576,1,0.8787031847118688,0.94209512791493,0.7141256197563068,0.7241819855900403,1
1.8854410664860708,0.8870895664089458,0.008053190256142158,1,0.908944227570321,0.5965427358134308,0.7558718461395099,0.8024866146356286,1
-0.44458624713598144,0.9201092883369238,0.04809048247595266,0,0.09395617091765592,0.13735863214384256,0.15758725189987588,0.15603712430861355,0
1.2315742027162697,1.031780962446485,0.02088839211911446,0,0.3442867083493293,0.8088335917919209,0.7123516220113291,0.637649227075042,1
-0.02479501536582529,1.0101290909810456,0.09551069841596665,0,0.29565927350094845,0.3151035732369352,0.12571200469236782,0.16918195546809142,0
-0.16115851296167238,0.9551969966649148,0.2144433498244775,0,0.0897424383458775,0.07107820835299651,0.07706931680982636,0.36654374869093914,0
-1.2617963495184374,1.1323942941906513,0.11853074946049723,0,0.06569486471991157,0.26739792325446454,0.0295648272844343,0.1324149464859375,0
0.9188577361320537,1.006980993077134,0.194666293438921,0,0.049805583254667156,0.5062854763607666,0.11915289618943066,0.2897906202580221,0
0.03333817760684907,0.8922519227099708,0.02654832194884416,0,0.0670845843921138,0.5023043683295894,0.3994638244744728,0.20562972294643356,0
0.8560065011417801,1.3567557269587978,0.002090552688178871,0,0.6793450704963628,0.7840145116404429,0.549310598294694,0.8720958747550491,1
1.3011867941155821,0.8922912224090421,0.16676417132301002,0,0.09411704580862193,0.3901511491573708,0.31221747373292247,0.11793445851133172,0
-0.31328361691779705,0.9903524318084087,0.18498226488973313,0,0.23345129365213135,0.340217667998905,0.15157909669660422,0.1726381486803486,0
0.1279308087256099,0.9114116453430231,0.057271556759864665,0,0.07599704856511559,0.16742513602537226,0.2624410740963801,0.20716746195892585,0
0.8511785700123082,0.8298396063306601,0.10834027406269534,0,0.08279527292819372,0.4730363044353275,0.11429192265443942,0.1316617593032799,0
0.6736267607284501,0.9627223669077345,0.045113796619944746,0,0.19994721949766886,0.32469368333530474,0.18547406547842027,0.03594579743561819,0
2.7367331023430688,0.9729358821363802,0.15354138532726025,0,0.03351303791024657,0.12979251035029926,0.09863191928316047,0.24113053313186003,0
1.1232567612301776,0.9640182159332544,0.021854787040025022,0,0.0871572017768024,0.2185016831944297,0.40205087836545417,0.07451990297941741,0
1.51851733835087,1.3619838521397025,0.011141464533382505,0,0.6478353636346861,0.697614175726691,0.7585881682692218,0.537520498340739,1
-0.08230180146563974,0.9128084194829686,0.0740264892891099,0,0.06896491383565297,0.23970036286950017,0.030651566199894738,0.2048511540631673,0
2.2647154761241337,1.3546033129181885,0.008862876698447203,1,0.974426070492657,0.4624815655802472,0.709724812771752,0.7770889101570846,1
0.46107789723840553,0.9990048237669374,0.046294923730860665,0,0.11177960181457536,0.295493338538712,0.1682822824001752,0.12087116578276184,0
0.22514670971351847,1.071121949037021,0.2098717630158805,0,0.08212267006354601,0.1861186676156823,0.03820685519147411,0.08567124586657857,0
0.09579893167041625,1.0186838250804693,0.09733889078169797,0,0.09936367905105262,0.0958350597966705,0.21053839629350665,0.10561566313232544,0
0.9945974437874017,0.8373839552088055,0.21373507201355507,0,0.119915079169277,0.2993150215536965,0.13768133683694214,0.16351204694611202,0
0.7048665892732819,0.9639446665216178,0.13405111365845712,0,0.02727970150709454,0.23554703359934118,0.10530825696760245,0.2541350545902694,0
1.023126777214065,1.0683794163379,0.006413820329738411,0,0.5908561531663915,0.2117123249657928,0.7266860140265629,0.5846572990245756,1
-2.226604069924873,0.9191208663843418,0.202007072509918,0,0.020421855340000336,0.20480083923261283,0.4128281353459852,0.3872550152227934,0
1.6679178741645704,0.9855619736626364,0.09660787153842733,0,0.03288980436218005,0.30500746925272104,0.14866949132941382,0.2057910940613875,0
-0.33845828144624357,0.9415144418033855,0.12149788022682113,0,0.12477224453820063,0.33218558582234936,0.04861921621009059,0.23455235148921885,0
0.25902832744490323,1.0523120587404597,0.19883304273108765,0,0.08176823326435337,0.4032448782899874,0.07268661805648709,0.1545826835789221,0
2.8273090929697693,1.3789854691854577,0.033989090787685076,1,0.36785614705591074,0.8011536128715616,0.7340306508982529,0.8372022762740008,1
3.7254459725922002,1.3812953526572413,0.01906043903102885,1,0.7360674711458791,0.6282026983400616,0.43734791027870734,0.7677963578525728,1
1.513363023825857,0.9839038224257409,0.1696278782722193,0,0.12925644543879464,0.12071522634486222,0.10794704236546163,0.3430431668642799,0
0.3546467667449727,0.9217883533916795,0.016886184013202788,0,0.09272325623055203,0.1913810698633284,0.11353703990572626,0.21839356979727143,0
1.126968337981086,1.0352945493135977,0.06654318119843,0,0.24782677290661836,0.14602282407762854,0.10981975030053465,0.3414764644589463,0
-1.2176151667272037,0.9755241554884699,0.175310374246758,0,0.05483930442588206,0.11464709099825321,0.007785917261266798,0.3539496954352348,0
-0.5965665390122776,1.0942939738698052,0.05309557139089523,0,0.06897881080763803,0.353097905171296,0.08135419050138096,0.27954281771151834,0
-0.10040627228516892,0.88197071781774,0.023266674142794895,0,0.12785447491817772,0.3632621024992138,0.26138073077003876,0.10274092410871818,0
-0.9233932032529555,0.789701272446815,0.16239967818888823,0,0.11892565985333921,0.09784376287065451,0.1675968815404268,0.06622030514325458,0
-0.3288860327382367,1.048105836618861,0.10509909499174812,0,0.14313955814938467,0.2546436163628028,0.3099668136796474,0.18014443124360735,0
1.2881361319804576,0.847554955691497,0.017362832880861975,0,0.07156484701133396,0.5440554598210154,0.01956418570275057,0.15821867639959453,0
0.9955889564068509,0.8980308023985134,0.20596468507682875,0,0.022506506435420955,0.021002928468862623,0.050307031299448336,0.06958169200013982,0
-0.43521043283408073,0.8076044436791489,0.06262878691442372,0,0.045882141661088255,0.23421403550101927,0.18040249677286535,0.27325288873771386,0
-0.1650532421797688,0.9770059224505772,0.16406189536079513,0,0.23194923977723023,0.6698215856938279,0.02650054446454243,0.0700259647201132,0
-0.33419296295267803,0.9640958321504868,0.0651839739653538,0,0.3898671846820194,0.22212272257775093,0.17522373375406372,0.216751852443918,0
2.926738661884322,1.056492718221159,0.0369855464731005,1,0.5284308490168366,0.4659946649910412,0.9838903128114971,0.8000344942619266,0
1.2172950919049983,1.0193967130874095,0.17521224155427878,0,0.22143188972461494,0.3636461768001569,0.10153132210724981,0.1604842615035963,0
1.9177347853627391,0.8124965133215403,0.17312124435945425,0,0.07047564257304377,0.2334224478745229,0.17410008584884398,0.13368181888023045,0
0.49702930091286956,0.955408370794077,0.09748596060598175,0,0.15933720373276924,0.1429738400648205,0.050380273670670085,0.13152709435640159,0
-0.8422531145106764,1.1335949270464434,0.028128922392281645,0,0.2569038326528721,0.2167096467172502,0.04175860617218816,0.3514945158844616,0
2.0469022101033203,0.8981235324773256,0.01920473846068019,1,0.08126021137116851,0.23569311815474212,0.0978141074067289,0.37694746241033733,0
1.3854409327703565,1.3201990001727077,0.036328024989977455,1,0.7092120671011106,0.580388820007296,0.7926587206936496,0.7891365790117502,1
0.01875940726528102,0.9501832853123421,0.15563496590685766,0,0.048006807206183506,0.11790347991710619,0.016287489708322493,0.1256411378649812,0
-1.6067868081984809,0.9627221928857785,0.179277171945401,0,0.1285560426855764,0.04183602064952661,0.14501709835085094,0.05894086182799911,0
2.0047648802695774,1.057254278047617,0.03728651077972853,0,0.8397637778174566,0.650739755275879,0.7590099084243538,0.7947298517797928,1
0.03316211919869233,1.05330964365354,0.06465015786269415,0,0.33643453700725273,0.48195679828034615,0.44162058556767086,0.3478394177589671,0
-0.26433193388658593,0.89325745519723,0.10794097414885226,0,0.07187072444920937,0.24754942902430022,0.07607935804285589,0.1868907269995135,0
-0.38475494651509556,0.941495924565624,0.11501470422960221,0,0.18750529035040586,0.3811068910604776,0.1597270867288502,0.3300970559722448,0
-1.1600054599308494,1.045213757257151,0.21461722931789118,0,0.17172944507200416,0.4271616554700539,0.271570047096589,0.19573741752261198,0
0.7267397294180968,1.1529341340462738,0.15657613903926043,0,0.15958825816381175,0.06897677062125111,0.13630902646977197,0.08017494013383775,0
0.06253636272165158,0.9441649816812254,0.08866449305573638,0,0.009098757365783422,0.06843480837559932,0.24059899755362005,0.06427038257485397,1
2.50839905932553,1.3852377494095718,0.02789403509113452,1,0.6264114176466782,0.5264389609102578,0.64552256536504,0.5926409133591503,1
1.2697868375813095,1.2246414658120712,0.04178613052434678,0,0.8254945303499347,0.7238835222668432,0.758717381271737,0.8298558228769194,1
3.877205103254121,1.2525344703868981,0.02804736338574454,1,0.4765802708327221,0.5613546791488724,0.609043701517373,0.8410961391389069,1
-1.4393710046791923,0.8502027561692719,0.03985930313862303,0,0.29298120270346634,0.14608085824143943,0.0018682308488344923,0.448953115329253,0
-0.6457088054699198,1.0350332430008524,0.04522786689956681,0,0.059124905699453154,0.31344214476301396,0.25721178711005016,0.34642584811734023,0
-0.3460400380272854,0.9978777519228182,0.20886307509541496,0,0.3155715019561517,0.122622118397955,0.20098077521028748,0.3293186393502935,0
0.9713385914962833,0.9300372679399799,0.12943750880733051,0,0.08413928504323816,0.135277486131966,0.260626806363362,0.32472526475130575,0
1.6610957962036446,1.094717011373085,0.024148552972546873,1,0.5919941155758998,0.21390679709229005,0.685972885268835,0.786698743278395,1
2.3441114614186347,1.4665314192817034,0.035632502218855444,1,0.791531051745938,0.594907379584725,0.8158268163886496,0.792639265228421,1
0.8689734903524546,1.097506399301308,0.03923290951114668,0,0.8141188752962459,0.5196251240346111,0.8326524420924963,0.8852514209854526,1
-0.36457489386380876,0.9459548843600627,0.053773432746981716,0,0.3176300466501987,0.29087208904414275,0.1282451972149113,0.44203477296964666,0
0.8702233859573761,1.3359253906264041,0.008552861557607096,0,0.49577077520074625,0.8328306418925907,0.7922546129889441,0.7449667192077447,1
-1.7875613815818616,0.896852919542426,0.13573188462532232,0,0.001529246931179049,0.7902813732710593,0.14233803823009525,0.24596335688175822,0
-0.4158501691325543,0.7858347962845715,0.09747040900564534,0,0.14008795389496342,0.47239599244358227,0.19832205348583326,0.08077699592822198,0
0.9252990046640569,0.957199391199501,0.09651517207521437,0,0.03794251301538237,0.0026341445655783165,0.014371055333683252,0.20866322940669385,0
1.9806342149960496,0.9290110428357751,0.07841146599343571,0,0.1665794637090697,0.10927185480618579,0.050952065717634894,0.014205975930254034,0
0.3223719187151299,0.7937750544115042,0.11949325017873087,0,0.030807602380814536,0.06454474573626891,0.17766400473517277,0.2902392356803332,0
-0.16073803725100239,0.9575152853703278,0.12670074563602568,0,0.0182243916062799,0.40273446316868056,0.07178542813814758,0.2876940574482525,0
-0.8587576342389438,0.8674867346604914,0.08326656477571007,0,0.09840480642050801,0.2574257253812803,0.4642558033241741,0.49036804283849134,0
1.66569022032109,0.9242943587812523,0.09636203553610839,0,0.1929254977839313,0.3058336796768658,0.16045518335156111,0.4223617025525595,0
1.4711035985271423,1.1244323838251757,0.043037736210118624,0,0.8653171082296711,0.568252729555345,0.7141490375131747,0.7962302875881085,1
-0.5707549966577564,0.9691281193781216,0.10138227294884027,1,0.07767362534763918,0.37781695656276787,0.08920880986037853,0.24613056522530427,0
-0.3353036448693213,0.994254899824846,0.04749991249248432,0,0.07354961423870657,0.03930601930230246,0.06816412535226392,0.2703365131801913,0
-0.8485186366649119,1.0681762143093716,0.12361594723722441,0,0.008751146750759149,0.3873422211302911,0.18764439243564324,0.1572172293356213,0
-0.9661465940955063,0.8345712459707635,0.11103455360285275,0,0.24314180990670456,0.33156156961292377,0.7448549433383844,0.4176666875993345,0
-0.031479954073744695,1.0554490356680821,0.21543112662922748,0,0.03904846115057106,0.282138906453572,0.26517714049152236,0.17876252145466767,0
0.6652123908804299,0.9420117555364118,0.07366707851357102,0,0.08969210366103701,0.2885436326162686,0.13236000414797341,0.07650234091553378,0
0.12379600077220439,0.994267364052858,0.023527171032576247,0,0.029889465777444647,0.21905589061640102,0.19205942793250302,0.1483008960271157,0
-1.167403257259181,1.000492612436857,0.042093164392629855,0,0.17948226956622032,0.1299011744236158,0.011426892277761422,0.10788940756940474,0
0.06723299967417685,1.0886062645119607,0.03672096182552978,0,0.173103788167423,0.49879200262180756,0.012927316402160728,0.1410168114390045,0
1.4850545569024751,0.9185845941704628,0.05581187412973134,0,0.25537425381896156,0.3466493754716585,0.21896347546676095,0.31473749612298685,0
0.7964650230651403,1.015632197964024,0.09915717079204271,0,0.14008087168854358,0.3065244566559593,0.13198293073004982,0.03887810639397978,0
0.3416755724553155,0.9024934089913015,0.20814801817037593,0,0.23225325151817683,0.2720771149044131,0.11671371007769465,0.06397654087390592,0
1.1201148779967967,0.817089962771625,0.02802482309690331,1,0.04184321539993566,0.3330945716825541,0.10902084366797157,0.08225432262107993,0
-0.5140455021309686,1.0024820875915368,0.18119773795376087,0,0.10361257680285184,0.049110210970100585,0.16459286814369323,0.39939549856401585,0
-0.39203837242789424,1.0208404895667313,0.10676289389643262,0,0.21959017996029814,0.04351270323202896,0.1932249708850825,0.09267903300273507,0
-0.5350023227411137,1.0021518338932636,0.07471521817712859,0,0.09855489431827878,0.2361735336326583,0.1215221726786629,0.2452631860000101,0
-0.6410178085937156,0.8930463436962975,0.07249496096195375,0,0.11515570326480519,0.24064831346981655,0.019596378442724553,0.17048605999500918,0
0.3784649022196029,0.793432103744881,0.10723212012252861,0,0.25012746167152483,0.43535939468306756,0.146752429908742,0.13080091938798288,0
1.2958455366594666,1.0013557212598696,0.039082559269681044,0,0.29290002327214476,0.3144944171356513,0.14462885563101696,0.1631299071683006,1
-0.15681966751767445,0.8535435894935258,0.17590101159449784,0,0.07312262649692901,0.08508282771387804,0.0652192681019944,0.05851782740797584,1
-1.3637885368616494,0.9580613732904246,0.21055376478857807,0,0.07346790317579285,0.3048371983600591,0.07896267749071381,0.16595388890019902,0
-0.5629464917273928,0.9032168806213171,0.14266196165738293,0,0.1248620168415506,0.23015007665542184,0.023719450028451546,0.08410874819216128,0
1.0318823826673702,0.9173527678387333,0.2015138463705724,0,0.34546616325398793,0.2762464424269868,0.19348670219803465,0.08869866622300843,0
1.1640346807761157,1.0117191630180615,0.12362450323123227,0,0.2664093788569287,0.225901441925729,0.2677792390994516,0.21647155104525212,0
0.8818431255840469,0.8180824307110296,0.2182768183111542,0,0.10798309884727195,0.18932113934815914,0.21832390364192358,0.2246740715567988,0
-0.9548719959537932,0.9743931495637133,0.07390271831166814,0,0.024577103402925612,0.46621835377584137,0.22217888866193447,0.04771505225606951,0
-1.2210733312017623,0.9906391187792742,0.10321486774869014,0,0.009313417644452458,0.022795078431078652,0.35011782144453507,0.20603683287827027,0
-1.049915028002751,0.8127937804395398,0.07135360994270298,0,0.06110928605910854,0.33864254096640384,0.1739587323124546,0.031099463498679043,0
-1.04875928497392,1.0200463334017411,0.14925596024531113,0,0.04209953314707549,0.40973752264043445,0.22670280026542622,0.11052320976345446,0
3.5887469188397008,1.1407663238548835,0.004396163486716103,0,0.474849621302149,0.7304991211436554,0.5936317517664651,0.7730176745609016,1
0.7473553508748882,0.8754440153554726,0.0419832464873837,1,0.5891727198162079,0.5509089443698018,0.6763355026598918,0.666108984359982,1
0.7830937424300792,1.2045949818600719,0.04349984280215242,1,0.49059867076628777,0.7123871293602007,0.9339864001856129,0.7962876752630987,1
-0.6369332408882652,1.1178033741431845,0.16248929337234425,0,0.13360564878374495,0.2764348174138193,0.05370416358304013,0.16020167369473443,0
1.3885215398023347,0.9592654117291889,0.018762923497724068,1,0.056994524249667396,0.4258048155637079,0.05053788493408916,0.3099858099109019,0
1.016268574873795,1.0068932640314225,0.20707459705128256,0,0.04456716603115944,0.1578091652966673,0.016334411322922904,0.10424638017541464,0
-1.6436641409478752,1.007402424585421,0.1984886782019239,0,0.2506613931887982,0.43986998104818825,0.29096203357493305,0.19816270764826466,0
0.5416558232033296,0.8584001122084899,0.021536383017761382,0,0.07016836796914311,0.10841581821829462,0.025146509677608526,0.015726152544944492,0
-0.2960999898068428,0.9700942322929573,0.13119525152714556,0,0.04144437048418798,0.27109288553988725,0.05321370941530747,0.0602452772849695,0
-0.02253977436708479,0.9743697818105539,0.17024559227459457,0,0.1088042419939026,0.5614132655614231,0.18421009624132853,0.13617954968625096,0
-0.1671318891566882,0.9422770721933009,0.20823499058252443,0,0.0347518312291225,0.361254992881118,0.11806048360364349,0.061470014370787696,0
2.383531215676146,1.020225069686939,0.0272100608274691,0,0.40751653904230994,0.6951033780262651,0.5833197325697907,0.7230640866460609,1
-0.25105111225685356,0.980117888715241,0.12726130063401817,0,0.1738952488844859,0.2204644692830863,0.35929192039882946,0.03210945253647054,0
0.5538114031379359,0.9719490785816951,0.11363076682245336,1,0.05313698143191702,0.19968498910551025,0.2009478556002372,0.16577538009383108,0
-0.1757497148095426,0.989117650468219,0.1499481756023623,0,0.23410268202917614,0.12294610233937137,0.1198969525311149,0.05715824376912665,0
0.8766089995481725,1.0520213916718637,0.08736597394922643,0,0.13957602890177817,0.45605599008328246,0.23967168698444669,0.4309393557271344,0
0.3137652259688131,0.8104206640243663,0.058194866340355776,1,0.2120772041648312,0.4772446547515798,0.1297909366491886,0.0963811475692059,0
3.1575529829775117,1.3390020474867943,0.03078184090369946,0,0.8335338505326926,0.38412482068505477,0.8541083187863665,0.8769635102005344,1
-0.3681555675685538,0.8795518899448427,0.1321246033328808,0,0.060763714434038066,0.11159860473324952,0.2211178360137624,0.3262378058904983,0
2.702964534836129,1.220959357941558,0.02450860103692195,1,0.2884555588778729,0.628899324184023,0.6837966911726592,0.810546349505175,1
-0.4100941087880667,1.1148123232048184,0.1781940477063722,0,0.07633638888469989,0.09018268955271314,0.06436512531834374,0.2756220909606567,0
-0.7418329181518488,1.0376252961430625,0.017886330972992588,0,0.15974869779281284,0.23959205308175774,0.026230341734746816,0.13206789432901084,1
1.1928309767174046,1.306126081593944,0.04178210234817736,1,0.42957686885737084,0.5756666852195925,0.5134798453028466,0.7142937133681951,1
-2.2485290214117595,1.1085317949249562,0.07310953559913624,0,0.015580508967432998,0.21402915812958292,0.13640201125184928,0.13968433004027594,0
-0.2663621356371778,0.9834172385713482,0.15808804665704745,0,0.17029050501201595,0.28974636513865454,0.12392249313610895,0.026786266332400388,0
2.808615362917772,1.1238760071516027,0.034938625535190115,0,0.5820459689301174,0.38460022376151015,0.5773619268793676,0.6997691247589252,1
1.501050432189781,1.0476855925981918,0.044783631997886264,1,0.03263696766485804,0.36892994346299396,0.01267337109002535,0.2766772045631536,0
-1.8866338611963744,0.8963090557450804,0.20699595038989127,0,0.09254832677239207,0.29513239549171777,0.035868823387855825,0.5216831940340335,0
-0.4744827918504239,1.0034712662297447,0.1921001798402932,0,0.032184995945844834,0.45567161762877073,0.2235142818854003,0.026468145947731017,0
-0.45966795664249477,0.86065915396147,0.1374089071031782,0,0.07739436981070485,0.27631980239421156,0.06609523725110586,0.14586408243200374,0
1.4800163011810021,1.402344399046471,0.007607129429035697,1,0.5926292221569566,0.5728395036704637,0.634055722494761,0.8535611110387449,1
0.05108492782600182,0.8527942343100852,0.09784251878730621,0,0.0016748516758892384,0.33632529092321406,0.006501151562636076,0.11412435925493575,0
1.4254313681950816,1.351810803228855,0.023504906893058945,1,0.8543676227905391,0.5053338400497712,0.6367390387453401,0.9379043376853707,1
0.757220142785749,0.9180270074346557,0.17047275297201164,0,0.2665483533072674,0.33774242682582983,0.06796116149264038,0.18354713169421125,0
2.878842300074078,1.3248470416346352,0.013229229344526602,1,0.5224918409396119,0.5856256780769645,0.5785342682086035,0.9793883506667503,1
-0.351863456860319,0.985396260900014,0.19351342032931323,0,0.1127623510635447,0.2786366558646592,0.33611436452200366,0.34951564161288823,0
0.6810554680798085,1.0106661460856992,0.066996707239982,0,0.06511221753589831,0.2474433636293099,0.18073450455669934,0.07211976935633489,0
-0.17245964426853722,0.9594364011615556,0.12173434751549288,0,0.2605862481960958,0.07985630660929635,0.04900106225391514,0.058254432983612776,0
-0.11641192279869013,1.032321404380905,0.058256371800042846,0,0.08172463828622431,0.22573282345114296,0.035562400626706084,0.035935422841973576,0
-0.6464102791932157,1.038225243974896,0.07990349913961965,0,0.14682403073443992,0.24230403502604905,0.04636611373266256,0.05442457750002142,0
0.6131006129885056,0.8502661042215627,0.20233197713811357,0,0.20799271821336374,0.4214822719885315,0.27900875799547903,0.16815920473532617,0
-0.4541629361772726,1.0086596953347975,0.0396326480408025,1,0.049108580637259466,0.3452023792211494,0.23538806755519553,0.03443672129957546,0
2.23404483771097,0.9032455074137219,0.11251933602875654,0,0.009133141868605097,0.632639521916175,0.06243964022678858,0.03627695013577866,0
1.8452170156976668,1.272540997764267,0.009211937072358511,0,0.804942477890481,0.7531963329216699,0.7362182193653312,0.6960949971775929,1
0.7445288395835103,1.0137224937383242,0.05185855176649046,0,0.4403916289658798,0.08074074170352157,0.2162265888474694,0.24889401605806816,0
0.7338519223194441,1.4120876128512154,0.03536946250098264,1,0.2900935408453799,0.5170685326300887,0.6196658002708254,0.733870823637818,1
0.8383254548077963,1.4152615162830298,0.026538261373105138,1,0.7099397217149385,0.7605582720455053,0.9406968825422263,0.6757886559289318,1
-0.3172907552441986,0.9109613382983448,0.09036989944211722,0,0.05854808124724224,0.1831307797222022,0.28907188433495024,0.339205487004409,0
0.3618534935576442,0.8981945000995007,0.02510109898446815,0,0.1291375769507081,0.09449278623817858,0.05422622877996127,0.3133629182232426,0
0.879621351779527,0.8471154535147134,0.16645503526613076,0,0.044777725533696265,0.1760090387034971,0.16824830643109215,0.027250703400639557,0
0.47516565009233963,0.9680632858115845,0.053194939186299375,0,0.08335172022340613,0.13659066148463067,0.3835386683110216,0.20057522178258771,0
-0.8632810576235802,0.8375630872205299,0.019613387122880726,0,0.0732416693613823,0.14780069384147007,0.41769012304560105,0.11823714437047136,0
-0.8615480083009814,0.9179001714786063,0.08964481665250862,0,0.0023422075696497816,0.29482179860607655,0.1413586603117733,0.46006618462844323,1
1.8968165827917396,1.2722354532749705,0.003465573946574048,1,0.8229085117903978,0.7851696639973639,0.41749134944324234,0.5815176980997789,1
1.3645079903835988,1.2151534109806488,0.0372190631012998,0,0.7279279882014782,0.834934484188842,0.6131426087721755,0.7723751095742234,1
0.569364914462486,1.0272587585703639,0.12994236868201442,0,0.07313071647758274,0.06562448686965552,0.1450390008267548,0.45045791078225794,0
0.22827628469106948,0.8134654202235179,0.08952046376069968,0,0.16444960228816277,0.07207416568922644,0.24252722633237933,0.24298515381363078,0
0.8505681659100293,1.125938859500479,0.015360199553119755,0,0.8440263142686458,0.7615673392765463,0.8958066687687467,0.7349794732869815,1
4.369676407998194,1.08980955125307,0.022440986453939236,0,0.8370345686664545,0.6065974414924356,0.7672079477875228,0.7762407342055717,1
3.0702741012796437,1.3041239102399649,0.02960707808094603,0,0.847442968005576,0.32068273425687605,0.4428225228102118,0.8108261864324644,1
-0.1031661602724356,1.0395557900407126,0.11664299189295052,1,0.11103793278138054,0.04885051520469021,0.0659372322328666,0.31813104664440695,0
0.4529377040155835,0.9984726474199116,0.15385507844671087,0,0.18084628416725038,0.2597319396210571,0.10697460508492625,0.09580030408966676,0
1.0007570681580065,1.067772882379633,0.010433645726222162,0,0.5283635420327853,0.7170041953655832,0.8057459596570039,0.7030618487992931,1
-0.014439326672260139,0.9191871349079825,0.036396148906979946,0,0.0751473080640054,0.22434540754859372,0.14700159615632694,0.42711639464624884,0
0.663350627635362,1.007233764900117,0.1146417960900496,1,0.11409532668387386,0.34344367112132224,0.23044619559628626,0.37207364862640646,0
1.0300555372706295,1.06235719453262,0.08202313055221247,0,0.019690139269108793,0.3021726626855229,0.5470648056348132,0.37513523809544813,0
-0.5058867058909151,1.0998509655296669,0.18627466190687575,0,0.11878982180415161,0.11749328894243816,0.08224700060191031,0.24907759894268067,0
0.069180483804748,0.9628452859226394,0.11131831417165336,0,0.49586493142432697,0.5007608692230248,0.10009074740792659,0.07843679931647915,0
0.8236290982818218,1.031592844482146,0.17098275195705426,0,0.2010026947614725,0.35551703229987064,0.2963274795298493,0.286277839977489,0
2.2247475886315042,0.9775601553243959,0.003992175157290513,1,0.333921392680985,0.7297364457237131,0.416280572534927,0.7009489845220455,1
-0.9839146316427905,0.9430892616145624,0.13529819124008058,0,0.11252319730442656,0.2013055265468517,0.1606499244036671,0.2917295035593736,0
-1.0486411833227427,0.8488561015831207,0.1801440694204529,1,0.029800641733096263,0.28722525482780314,0.1134790125750529,0.40713755730642165,0
-1.1613817122220738,0.9775441869760348,0.12863613260714934,0,0.07081712889828341,0.3424853587733555,0.22068617800445015,0.28878390856378705,0
-1.5572798427407,1.017327147180772,0.2155913652577171,0,0.029243270327659058,0.35086063620162455,0.07484092164644834,0.10069058701676625,0
0.8452939437380051,0.9526524188532035,0.2001349889451085,0,0.5116752626636198,0.6061826546964592,0.10216892209934293,0.5541091782104987,0
-0.46823641658021203,1.103708865834157,0.1560641201373018,0,0.25078289545575866,0.4504947862178775,0.28683729806220903,0.3041512387292334,0
-0.02393606055331192,0.9063907839636614,0.15906135135436533,0,0.17304403755175976,0.1602478452981793,0.03771747687587544,0.1168247572507511,0
0.7929699670142732,1.0842378464519398,0.040041995511843204,1,0.7314090583295134,0.33920411599038086,0.40170022851010956,0.6454556795663561,1
-0.4278738080307681,0.9776466830189888,0.06422595719256158,0,0.4504857721655698,0.12186326884758811,0.38945078594665333,0.02840537823038864,0
7.528557510603226,1.1781555784111921,0.04168195701345142,0,0.7364264391782821,0.9646157295233906,0.2938747784743177,0.8422825716622888,1
-1.1155708948572545,0.9173119754848666,0.16097475841082576,0,0.10491344089995076,0.2717801513808674,0.04511080822409571,0.2835512451780597,0
1.3152010711576496,1.0660002546279346,0.010393094986355395,0,0.736700731386182,0.8674620651153864,0.8671810995573102,0.6895642367205068,1
-0.7018123479337816,1.0511644428820375,0.10202103069868972,1,0.22465790935576319,0.5909046577643847,0.30634518127282273,0.11602016800633576,0
0.9335889382924349,1.0878830489677074,0.07036198555081892,0,0.06319645359679577,0.14954929933692596,0.015701925355239572,0.06550525097005064,0
0.8850561152731136,0.9762588763668825,0.13584151463411562,0,0.2839507972851218,0.04941338114546735,0.1464049925030074,0.1363791601393314,0
0.8035769307504441,1.170630451876327,0.04297507907828766,1,0.7383516932735796,0.6964938909768622,0.6973061616368103,0.6902621424841808,1
1.4389191754449702,0.8828639942861404,0.04019679242116023,0,0.08063923896517504,0.3273410725086963,0.1038414867120207,0.3043023233949573,0
1.6277842074099402,1.451768823392075,0.011521798561865344,0,0.5180281281883444,0.8220496672911826,0.6466442658207022,0.7322972596129433,1
-0.5512814082787438,0.836575742540568,0.19642814153218802,0,0.02647725260417071,0.5017107557054877,0.27697336356314606,0.09525362674946164,0
0.7365334987075522,1.0705128744072436,0.0263772111657291,0,0.525654261132738,0.4123412963961367,0.830352102216248,0.7275125606624695,1
-0.49708773460823613,1.0044753161316673,0.21866781988112016,1,0.005089396673663123,0.044136802769173734,0.06859326197957474,0.3820693452261533,0
-0.6692728059852282,1.0035376281872277,0.15638881464668308,0,0.08330279391990125,0.253233344084795,0.018281460700814003,0.33401644307803485,0
-0.8272135032045893,0.7609338117269608,0.042511497396901805,1,0.08348223966887326,0.07481993594672667,0.25969634314599355,0.13102877868642357,0
0.4188367912356613,0.9000513848461777,0.09208856717737708,0,0.13375901309280658,0.2665976614089121,0.30057451933807977,0.2493553406985591,0
0.3584528117399337,0.8659061330756175,0.14396910362002469,0,0.03142121407423237,0.15752009983973614,0.10350879654188547,0.08307150327277858,0
1.1560824522401558,0.9679147029623106,0.06424656911108678,0,0.040347679221747396,0.3747493816200625,0.4201030920868453,0.04850240529875185,0
2.9506868011054133,1.1428035669633214,0.010277784515868665,1,0.8107006885556057,0.754812002079708,0.6818458303902225,0.7971244548341748,1
0.25140915647500867,0.9742781331108311,0.17557446894996764,0,0.07246116052854401,0.16903411161335632,0.11960217224710037,0.05800560390653731,0
-0.37488151992741464,0.9463793402563275,0.10580210995555939,0,0.20105759015041447,0.31262086962796853,0.19266038059778834,0.31822013462548115,0
0.9466970433052039,1.3376629874515893,0.030406773525562203,0,0.5067913142699472,0.7696246366505477,0.3244007911969504,0.7978720010419862,1
0.026234818736965676,0.9172194663324541,0.19005943491798144,0,0.10239310029019916,0.5987974923825201,0.19496158212258854,0.026900049776531574,0
1.673913298808069,0.8656861206961339,0.14090766341683053,0,0.3365171880384488,0.47161012919115375,0.03126291871263794,0.40943309106155185,0
0.0546021109782148,0.8143517359561185,0.10335152788368798,0,0.07110821568479649,0.37535612060074647,0.04966596504727605,0.18210702970892712,0
1.0527115236987374,1.3573711590904887,0.01873316566198626,1,0.5757624758410814,0.7782224183408776,0.3418528291817414,0.7716609951862821,1
0.053037955937444904,0.9583920998584279,0.18125815186107425,0,0.1006703048959419,0.10381821401608934,0.022137827156439645,0.671988608829933,0
0.9792187344960323,0.931357649620241,0.15876513512811874,0,0.20011810701894095,0.5867372018466783,0.19803024929914761,0.07071044423152259,0
-0.672049542299457,1.1189820799384647,0.08171074753993461,0,0.025429843349767903,0.34669643318387056,0.12220300760670155,0.04597817699255563,0
-0.5362212044126461,1.0404739609437132,0.05902262299371327,0,0.1455641736986626,0.40690050286006757,0.029055708323141364,0.09646412728164525,0
-1.117148753160262,0.9906748025122915,0.1635065797552096,0,0.17400357057574473,0.1742492244836622,0.14538169813127716,0.03587901255789129,0
1.118647446408276,0.9878673391396902,0.0957124297788727,0,0.10514266144424739,0.2676539573825079,0.46729764105242905,0.49006592954396994,0
-0.3634248095862197,1.0471015723373338,0.08835743752151431,0,0.09962092365306591,0.06300353010291586,0.22291855850781747,0.45574209903851265,0
-0.06320822808968334,0.9561529194135382,0.11590431757393072,0,0.026818894551978525,0.45199893091655774,0.3907860722854296,0.09697450015449766,0
-0.8502981921450172,1.0281974914746361,0.14697297466075515,0,0.2730585756397963,0.33370193425362615,0.09520189234097881,0.06296267093852596,0
-0.7618463989217593,0.9535163228222605,0.09206736695767515,0,0.07251917654624965,0.46316123602675874,0.06481685011279027,0.034573604768240056,0
0.4890850563839666,0.983134693849498,0.0747007803085466,0,0.03803670308382938,0.06227615994764518,0.020226842069678376,0.6073062892219604,0
0.09228253438826786,1.0176908290036466,0.17245832257582666,0,0.08432463855154856,0.046901616085176914,0.1700963769984546,0.12506811792229303,0
1.5278136441227321,0.9057085550964717,0.10726953006112618,1,0.46947769469352024,0.17414892530349882,0.1500028256298466,0.10974829124959169,0
0.37726869436247107,0.9053092574170889,0.1737678709515766,0,0.23654676228022062,0.23167510424375828,0.0505312058970409,0.2616965026919888,0
0.6632235593986532,0.9447643051256627,0.17486282850274443,0,0.16500684634165178,0.4187255279933682,0.057633079476514866,0.24015529202098576,0
-0.7633316746571153,1.0298259480804508,0.12914648934385173,0,0.168130535111601,0.25462027704087664,0.08791690689006945,0.03278685539227594,0
4.73590435318817,1.1434013723334555,0.03460417689980462,0,0.3774671961418275,0.7028209598899094,0.8797094872756417,0.7910193899426481,1
-0.37859878619019316,0.9241165730777711,0.07867319913604258,0,0.18292994820745567,0.4372746008780978,0.17225707398766874,0.2340709453143359,0
1.937429403251063,1.4167151322633398,0.02835847203835795,1,0.498825433548136,0.5492478357538494,0.562731055037157,0.9396466739585306,1
1.6152100301320516,1.2160937606913702,0.02752307012156606,1,0.6521178344179529,0.5119241387510042,0.20332959446333485,0.8675023624405015,1
1.627075252186378,1.2110398469632522,0.04396164326901746,0,0.4984760483878727,0.5280187487919455,0.9281520116587937,0.489836599408724,1
-0.8371534417019894,0.836083157995722,0.03295278541217884,0,0.19374590896346144,0.06995329373286993,0.14747793723425923,0.27574214386742335,0
-0.8482545645829715,0.858113156112272,0.04245794997700007,0,0.16774727405293194,0.16108515564764353,0.14471067337754773,0.14442851390854092,0
-0.07967880014945393,0.8347481574715523,0.19488529455495507,0,0.33694948145213427,0.08925168952076484,0.1374973205132273,0.10018666381259886,0
2.4512842313710035,1.3224267182981702,0.043771984635974745,1,0.7359370585487952,0.8620095598161415,0.5005945526599823,0.5936714208636034,1
0.1896716154730812,1.0634196231614566,0.1719857800067235,0,0.2713020932832672,0.07735317282016217,0.260715088832916,0.05111198786666891,0
2.3242391832862594,0.9131257861345795,0.10122919856015798,0,0.06573327639152356,0.21044302256840536,0.23712942080938024,0.21213498202561965,0
0.7212190810135835,1.0991608332388916,0.002077136413108381,1,0.6909562139448272,0.5390807519842145,0.43561437391954927,0.893413558353974,1
1.26087804153948,0.9171746629945873,0.21837889834090812,0,0.11623458827223208,0.18597645655049505,0.2480603324595069,0.4518818218675277,0
-0.5350215409662084,0.9933972071857036,0.13389340314164427,0,0.10332533365240743,0.3152228609464295,0.1983887601135519,0.14640185597015584,0
1.1211471564789752,0.9875332275605114,0.032227269713299714,0,0.8833361342592108,0.755939208146974,0.9388172651200938,0.8023642866803047,1
-0.6269407650315248,0.8847181839466897,0.04202112656697913,0,0.003560546372639673,0.37251531915763414,0.056849807893874546,0.08280050862589407,0
-2.8671406060621654,0.821503895724406,0.04920008951480388,1,0.07371446904631564,0.3402592745286779,0.13373619472509327,0.3022609830693082,0
-0.2512977988958868,0.9428745841817711,0.120386542601951,0,0.19266127586988685,0.20181712669003454,0.0738916689519708,0.19542399659060342,0
0.4918774564744262,0.9442462553602488,0.0792164018002085,0,0.029488299049424207,0.2128288670230851,0.022953887837467716,0.11960708801705516,0
-0.5273382181398786,0.9583551554119594,0.03800941975827567,0,0.31478497087641816,0.28032812691102044,0.07748860329067501,0.05196727598268004,0
1.0703930871803582,0.9077056687490065,0.14487473519131489,0,0.010269403514005689,0.1844830849499212,0.09978160700654432,0.5278689168666592,0
0.20769027701766085,0.904046836790137,0.041822684076508056,0,0.17818104870990295,0.22532959536370045,0.2730613061917922,0.04717809868368838,0
-0.5875660902194165,0.998420840112474,0.08251747247124071,0,0.2859797169630746,0.37849830592644723,0.04341542506751869,0.14199288401431467,0
-0.2522062293611154,1.0576657039050439,0.051582388190166834,0,0.21451094858305625,0.29190662956423913,0.39206488116925786,0.04377041014573926,0
2.7497576867858164,1.227666929221114,0.026132843955193427,0,0.6359896785614031,0.6773420743805884,0.5434870492495985,0.8624458969578751,1
-0.6326458012300625,0.8692935714554917,0.05995553291349029,0,0.038424691007055096,0.1990755049206549,0.16314732120559566,0.26966732711008257,0
1.1300710607841753,0.9338661401992765,0.10168967603568967,0,0.31063902366291274,0.4310357344463214,0.08228165540617897,0.28146143341042434,0
0.850499844670694,1.269334612425551,0.013365447556206275,0,0.6448980753426047,0.34238470608777655,0.9253880195235527,0.7883630889188485,1
0.2509150227162437,0.8759501342537759,0.15757513413141833,0,0.2797385985193085,0.321858648346626,0.24008063615554834,0.11120905903310063,0
0.9787682977183807,1.193516874024182,0.044015848604855905,1,0.8054250200592974,0.45322964387424464,0.7087979927137245,0.8896791400925219,1
1.5684274715653084,0.9966534491830958,0.11829720334221108,0,0.06835017565283819,0.629489456658151,0.140944079141179,0.0423459501650329,0
0.13356041102700325,0.988557820741354,0.21216130806082112,0,0.2553098161626517,0.15158359736478158,0.06143297455967677,0.22645238910243315,0
0.7699477117478452,0.8726286725257013,0.03627381527012184,0,0.061815239241249306,0.20440288684414654,0.10829080803794065,0.025155434539132673,0
1.5155927532357372,1.2764872085187018,0.03379746591382199,1,0.8824280839593346,0.6969245081725742,0.8742444750057718,0.5080551461061765,1
1.138661021145828,1.281882394104878,0.01670861770271361,0,0.39376292992811646,0.48443857117579736,0.7948149289639772,0.8235752443770086,1
-1.0632556397902737,0.8384523139618526,0.1510655439422574,0,0.0811432356079256,0.2470605030827991,0.0954614270223504,0.24956234175103484,0
-0.36943285168141804,0.9499860457293469,0.13516738258811,0,0.008452435741380134,0.14563770629240866,0.18461377154753766,0.2583835809989339,0
0.7025862081631975,1.0296597315670721,0.04493346564638219,0,0.023292600404429317,0.3708045578850373,0.3921594201328894,0.4710114214749849,0
-0.7463224426242108,0.9537415472753186,0.09961545565686566,0,0.19272237642539947,0.11883227412274898,0.07831095783411816,0.2068376338415683,0
-0.7745727239331182,0.9778624730604296,0.11127912267508283,0,0.09972567195634693,0.6452779793594816,0.165622926381782,0.04921458336524556,0
0.9072916122746426,1.0423454014644067,0.017247431583003053,1,0.6617061654742544,0.44007595479523226,0.6887324874052956,0.7143677529464345,1
0.9759414043088575,1.192547374253135,0.005717286307243591,0,0.5101536087650674,0.8633936257009246,0.6647391787202205,0.9443038496195607,1
-0.5220020572639631,0.9326542543803091,0.18863746725476216,0,0.07207372205026051,0.08032572484787244,0.05594570102828947,0.30807987847976653,0
-0.07992437073154822,0.8758952070688524,0.1464062417507438,0,0.02284055812427647,0.12656984347602987,0.40167913527547483,0.17355617918507804,0
0.24187696541392023,1.0174733938777312,0.1757583717425763,0,0.13650108024278934,0.44977525868641843,0.137011659132292,0.06980461660834215,0
0.5425383176401702,0.9104182297396898,0.06923198867633856,0,0.2641125260072416,0.17116976265889944,0.10527686159772695,0.3033292796858562,0
0.47591386211619036,0.9155562576410506,0.140904614315373,0,0.16861928851742367,0.28193495844245847,0.016899608357751648,0.21620891590407743,0
-1.2460457943348648,1.015693439772743,0.04171640907397728,0,0.08641001092700465,0.17704216494344535,0.01127844194608442,0.31752510390083266,0
-1.5508482240138508,1.052287227465354,0.04585157710488004,0,0.13367185683398844,0.24443988879320674,0.10405146419396949,0.4671321304425679,0
0.4659553994737486,1.0437529435590511,0.05743219211502451,0,0.031122958162976305,0.2520202139575937,0.22542559228391099,0.4845229314445559,0
0.3209966052725679,1.0667108596400459,0.12917517879115592,0,0.17437537335076692,0.6248573733571148,0.048254122237775296,0.22828927630429494,0
-1.056594635007175,1.0005616217708284,0.02818544075468462,0,0.068519466771386,0.1314099518686576,0.0479854713555349,0.1377736929838492,0
1.9137376736717884,1.1122270715682285,0.0278182607258659,1,0.8160835634937724,0.26496377460726667,0.6171729673777715,0.5793427741518019,1
0.18835259535097515,0.961472130462675,0.10658160268883554,0,0.3802405800934516,0.1220702637032776,0.03921638371585069,0.4144603342621636,0
1.3321316589639705,1.125880817622312,0.030752252727250323,0,0.8025921798256314,0.6354044459739958,0.6551416212371335,0.8804762487381258,1
-0.2983897322269609,0.9330483898571889,0.16613167383621447,0,0.19649121062489108,0.27273192234065907,0.03970720205590224,0.2758144708307524,0
0.8146418873189222,0.9044319704669483,0.04956280492897756,0,0.054766849120079,0.19003726528443657,0.45624333868218153,0.23775197176534513,0
0.018510358552734474,0.9328702176583968,0.19339032155090963,0,0.015400421519898419,0.08611647681810089,0.22184550261201783,0.10419776477484231,0
-1.3849848929149304,0.9427465889961893,0.1410551179862219,0,0.04125328118686742,0.1634152020568539,0.2005425762237956,0.12288160517824454,0
1.3125148798424893,0.9657629489026995,0.08954034708396309,1,0.24335359975764634,0.09699553639533824,0.3825762772108063,0.26080912048302746,0
1.0247461188577494,0.9761863037138241,0.09774757237116295,0,0.03984616602938443,0.11472743948032699,0.036087146628830974,0.2734696538286923,0
0.2607932592828687,0.9846090134551356,0.06464760634672238,0,0.029325695994185618,0.21240998780790915,0.04435240857374076,0.1626846348433132,0
-0.6973999659009087,1.023568030635617,0.16217708984262674,0,0.10421826638118863,0.2666801791805955,0.20887165467189237,0.18790663988856815,0
0.7113900074448358,0.9228335137507505,0.16950155827146418,1,0.07140823754601557,0.17637397897439933,0.04495801766943281,0.2550978783153552,0
-0.22286180455084792,1.0649354759418128,0.03022060616276188,0,0.14063240661446352,0.2782632331238133,0.03890657135006733,0.2645812750347967,0
1.7950360991524563,0.9143487655839909,0.16268890895628452,0,0.06118356448539764,0.10834849668343775,0.4665278504004916,0.3914100626750456,0
1.2383166561830024,1.2099466067447744,0.03339692142475396,1,0.5288752296270511,0.44707644369920085,0.9636540476424033,0.8020647921167771,1
1.759893741405694,1.1056435126353452,0.135477366253919,0,0.39818873741332483,0.020055470618530746,0.09259043361848575,0.13205228645172065,0
1.1723600282759277,1.23424267804414,0.023945493833314235,1,0.6016657352739099,0.5947430291987226,0.7120918230607358,0.7376373517754936,1
-1.1407808140667486,1.0226871731838885,0.06558322123681308,0,0.19244275204557584,0.219295043462512,0.18102212072978277,0.17536831263486316,0
-0.05626167429197086,1.0356169227689187,0.2054984999155679,0,0.13329513196320697,0.22424495282174062,0.09789827293761631,0.037388878851920236,0
0.028803064213185695,1.0286319060233073,0.11354638157929298,0,0.15937883015877058,0.21610361067902842,0.160965578593524,0.28097319184608405,0
1.2334230082256428,0.9940257046664088,0.079839931488753,0,0.0825486234511263,0.07551217073349842,0.12102845652385498,0.05481851240823655,0
1.3284538231908694,0.9102372155556494,0.09623070609736323,0,0.07335879855228372,0.16858985751841224,0.2558759319973628,0.07745912017442699,0
0.1275294947417373,1.0129641467806778,0.04246484768370515,0,0.008416564659603507,0.21115838508487392,0.2152122260614919,0.050947274524120234,0
0.3376866433270795,1.018315295565636,0.21066177744486264,0,0.08614589703110845,0.19829222018514173,0.07501443778806152,0.42344554226461323,0
1.5521193727604536,0.8898580975030523,0.0313155702112687,0,0.1442763179508617,0.35258720512012626,0.0963546199026367,0.424182460441148,0
-0.07443787105406618,0.9966709362841187,0.14262262622368832,0,0.0800521260263493,0.5193878547528166,0.11287502378641834,0.015390790250276174,0
-0.9503121612433287,0.8611091363175629,0.06369080472178233,0,0.06880938314832584,0.16086240448261277,0.292662329324233,0.16009831398796728,0
0.8816243172862109,0.9779471725422466,0.05606966332477068,0,0.04374324057926604,0.2837264077462445,0.5101250136229554,0.14711354586142422,0
11.721410201378932,1.266476436568668,0.025252268277237783,1,0.4685637051618088,0.6281496696463434,0.5237802354022953,0.7693618985104871,1
1.9666428386756105,1.0744087887644886,0.03371685342652664,0,0.2607166027458599,0.3894033870913072,0.6453845586816744,0.7614101900611392,1
-0.8096103214144177,1.015237814889721,0.10597563375287883,0,0.18730466722692113,0.05668844123663669,0.055150628128972735,0.027163602275924285,0
2.6328884525296514,1.311130903228199,0.0034380340218151005,0,0.7099021203645074,0.7068520830080738,0.6723895384674218,0.5898741817003831,1
2.2936995656895114,0.9983861628293466,0.07005881888825816,0,0.025284872090721305,0.3422282999115649,0.008521516483628647,0.05468958336637196,0
2.1098196518359833,1.3231512831472099,0.022016234319060822,0,0.5137797305610184,0.5143315293627672,0.8456448286094616,0.8837291282284628,1
-1.6777058405778906,0.9380123759464166,0.08445423983505816,0,0.06717922325691492,0.3027447376810662,0.24089319311778987,0.09585030971855454,0
1.1489303259728176,1.0011906876861096,0.1135611644768441,0,0.07087230003709051,0.3123659440389599,0.026496987871035455,0.09987438218031791,0
0.8772387562490014,0.9357148539787268,0.12820556743563855,1,0.51179156527977,0.02512956841444808,0.08924249136677796,0.41175029228641846,0
1.1205234400321766,0.7436486694717779,0.17094448523899847,0,0.0025091438477760418,0.062447778371411716,0.3055022286254496,0.15149342402365654,0
2.7849664193846246,0.964044368627379,0.008129139911538701,1,0.8369208685945684,0.7663637967634724,0.7427966072890998,0.7725882335370837,1
-0.7117209894917862,0.8517993048447422,0.059206151358799086,0,0.13713009613356128,0.09742634233396333,0.19419832909820411,0.13202568680689414,0
-0.0967602675493875,0.971754823870935,0.10068375643523805,0,0.0657462103980226,0.49341360748211693,0.3495822411384432,0.16510898262493354,0
-0.4390822940203885,0.8608757837978686,0.04387806380992657,0,0.06970277687534868,0.3214330853324364,0.1647357741465531,0.04936846846721404,0
0.4904371051051262,1.1609245241267538,0.021348973701614576,1,0.0922643192597859,0.0815294539475713,0.010717462980904298,0.10184137053910289,0
0.4271171084294407,1.103898001468105,0.1950136153820688,0,0.03593033605925364,0.08758067460939037,0.07954140220352039,0.2722592478391398,0
-0.22924008093411047,1.0314958151511289,0.0726201465162482,0,0.337615248469287,0.2550994751546801,0.18651772759149451,0.059857155327249986,1
-0.15784107718781015,1.0623614935808128,0.18346929914711108,0,0.180205532171444,0.3263794723930603,0.30878508928704407,0.07330112439210858,0
-0.10040954240777035,0.8554104174215228,0.12271355965347668,0,0.4199607429717029,0.4812004850517971,0.26662627416405976,0.0845601126710239,0
-0.3437124702910694,0.9151391274416112,0.1526304418238431,1,0.18359985366429743,0.32037467215801624,0.04371713528145396,0.6281833205225655,0
1.5768107314610345,0.874701205448062,0.061827299723226134,0,0.2007302297397051,0.259784054210326,0.20253990975267952,0.40579673621937606,0
0.6872978090197315,0.9668888694607182,0.11448254700759065,0,0.026917650298150304,0.07404170449156751,0.27237908075369466,0.36521379137051496,0
0.1608843261060371,0.798612896150207,0.182917001866426,0,0.331640658831773,0.3900134235882882,0.4213898767446297,0.21044719359842756,0
0.8065791940898517,1.0383111646845422,0.09963207654057582,0,0.0806809301467246,0.16850857278604064,0.3814650497050742,0.07916744420872253,0
-1.716363122505321,0.8263064182004748,0.17012450657285128,0,0.07763227249626169,0.3004484990917452,0.061515181976226,0.054428467730090795,0
0.661228497894376,0.8821788386591999,0.11427457061249373,0,0.06665502475118618,0.2504568168726386,0.04478940233700668,0.16995985539213815,0
0.07536304163221542,0.9592569150745747,0.12018082976545023,1,0.3305529695883035,0.06719135799568242,0.155258308442132,0.16638935836420599,0
-0.8922198844137457,0.9494290728878761,0.051119853263670745,0,0.2580553579123073,0.20856356407725013,0.2904050683400549,0.08927816164004458,0
-0.24041185495792217,0.9545501259865637,0.102743967250127,0,0.1384453761580046,0.22803457769669586,0.05846551013509505,0.1684236236622003,1
1.8244452916946858,1.4721201982052765,0.04152915102468259,1,0.6930769890737684,0.734051145970555,0.7112189381919205,0.6615001340094808,1
-0.8085454774569804,0.963686337730652,0.0960752606176319,0,0.21613579514424183,0.1872171432961393,0.265525197324524,0.1805103663894473,0
1.9053532189727582,0.9179495252811692,0.17343915695827988,0,0.13608051505434093,0.25333664920033533,0.28309849866317693,0.05826443782296931,0
0.02698311902720501,0.9814274910293066,0.05798048903289858,0,0.2144021481163508,0.37745901420701894,0.11143100821949654,0.3422831711404965,0
-0.9576556899601101,1.035423081131206,0.09740014454612002,0,0.014805921043465196,0.2477210923501594,0.04604947330930445,0.18478802458787932,0
-0.49703978838498925,0.8897220958926352,0.19210684052929072,0,0.18803760638616798,0.5724059792602817,0.017622882966080142,0.0855131633217775,0
-0.4688593606540475,0.85012776888242,0.17907465863334582,1,0.06286620472776545,0.11568931392951083,0.02895769217759785,0.27176709173779373,0
0.8021295952409633,1.3070067327497048,0.0320677262721823,1,0.8219430871897014,0.5957065249337667,0.5712266822336974,0.8938676797862498,1
0.8167945882996821,1.0663167725240987,0.04463498196760707,1,0.9139883204380918,0.6368869531720662,0.6698410436237147,0.8582082752619022,1
0.4571346166247605,0.8851522960990059,0.13683800545495214,0,0.6422785366581335,0.14017660494224404,0.19240376005547652,0.3032333688267672,0
0.40622318009366815,0.9779387795628233,0.10352004566111198,0,0.297467586571089,0.1568786674944499,0.2811580031974292,0.0749772750546618,0
0.9978375679996132,0.8593705475272889,0.13496493100553505,1,0.3168978342711233,0.2358400196839086,0.22745226577355385,0.0629320524382572,0
-0.07104710596155944,1.0197584672083768,0.05318021235145382,0,0.07388167790338784,0.21102831978916212,0.03694215222548231,0.14556182846012136,0
1.5474298583040915,1.1960922028731586,0.005107722217343555,1,0.7512259898190449,0.7867205442338698,0.8391604315951178,0.9257448159711744,1
1.901745922740529,0.993414460179152,0.05893151482619012,0,0.13226602514329766,0.2847664993284143,0.07829154915313526,0.19031409500170693,0
-0.5119108507419017,0.9464118113857816,0.19771294628968888,0,0.22567548138818708,0.25470186980366205,0.023964416529671757,0.006539603475551245,0
-0.3867752518310815,0.9967195201339433,0.16445191728004632,0,0.10512399219717823,0.1346082730690464,0.15032980118990857,0.043738223315467714,0
-0.7249791191562134,0.8579453872003414,0.015049379276162627,1,0.052968980558987584,0.05088625324041693,0.17951707116306156,0.6793781943726729,0
-0.8384615744360655,0.9213672128431586,0.17736064085669018,0,0.032667915432982496,0.2043825863698534,0.11619347373118734,0.4327459952369851,0
0.9560910946055203,1.0919540211736976,0.0030394872955353492,1,0.8333689525359912,0.7534090562049055,0.788349673856099,0.38669896303721196,1
1.7966301307082595,1.2698031487069021,0.03858473028138822,1,0.574130735282839,0.3438669711227429,0.630261893259599,0.4226982399763173,1
0.7149294327987528,1.0036629370825885,0.14415708839619984,0,0.025336709857569934,0.3795430923505062,0.24093738935685585,0.5105046797744712,0
-1.3634505432608592,0.975587387221611,0.06679591544511287,0,0.053777015060295384,0.48270762189996663,0.02980807407386038,0.17472154538473,0
-0.21970898320610838,0.8919509397638441,0.19192089974630838,0,0.08196038940008503,0.08478421591632103,0.07758365674456605,0.10319461063165529,0
-0.28355289887749535,0.973780350912883,0.12867026843584,0,0.4777162021905253,0.19398900380740025,0.06411211076157543,0.3208628233502437,0
0.8021229008586277,0.9060052784967558,0.09942971804462188,1,0.07308748615245889,0.08697301729147408,0.12594456048047076,0.10547587183449225,0
1.0368005719896032,1.1891141326398655,0.020348251067190085,0,0.7532777596656455,0.47579751546812754,0.846121993302214,0.7681822508092493,1
0.9484798083331644,0.9928440068262093,0.06924240793561115,0,0.07358841214681523,0.4838154291612073,0.3789518629024795,0.13931827805338975,0
0.5658150319170802,1.0155138586553005,0.026652316996039635,1,0.05344397001826391,0.14875348317633064,0.18000089364295344,0.4067178795132194,0
1.7948507957016737,1.3143514403886694,0.00845241529716692,1,0.903057761760914,0.19771912186801696,0.5226624799639569,0.7928897290247088,1
0.5499613817080234,1.0027491918909106,0.21120695468001055,0,0.08310663468412846,0.2582051351425928,0.4701343095130935,0.18001654436101452,0
0.907587092482645,0.9013624880700992,0.05840193958470297,0,0.042227641973046084,0.4000552938693408,0.38251996162408813,0.286149053943991,0
0.2653221777000346,0.9811414617316508,0.03059736898692899,0,0.009140584835151126,0.421632446921777,0.11547579655106356,0.08289023413088924,0
-1.2671634533189067,0.9392916479704134,0.09757103447953147,0,0.35351084959658685,0.15228918139908787,0.18420479241458063,0.04366688225613111,0
0.5205519392319496,1.0154286067389948,0.16027872759292894,1,0.3535122080257268,0.22474765972772903,0.27359738363404446,0.24591118448492577,0
-0.24342117895105703,0.9521667802845677,0.14098090873536967,0,0.1409560646719503,0.3528323470528113,0.12894872439735597,0.15588868691271052,0
2.3967594371255485,1.206074242629042,0.011413875384513961,0,0.6446275907085719,0.7205892364445282,0.42622483051887583,0.7776605349686152,1
0.5855265192520083,0.955617731172894,0.14529666381167838,0,0.03189719201142279,0.31581577461673227,0.2905204545676829,0.15093540539135197,0
1.6662899057859697,0.9716050996767505,0.019551576662509316,1,0.028466855074980636,0.32871732902345585,0.013758537856967368,0.09570786532322603,0
0.2522162531766973,0.9923370292221865,0.17735200796567674,0,0.15423693373462785,0.10064676625179614,0.11088716858388076,0.046086009027941154,0
1.5599807881488894,1.1370917593799892,0.043597165363286054,0,0.26879980264281783,0.6849745328391887,0.765217608831207,0.9233337383377955,1
1.5040245411934086,0.9394975340598741,0.09055530615068134,0,0.0291392983916895,0.46085610607226735,0.12808109437812445,0.14699693640652292,0
0.25200663670397483,1.006872336093172,0.04184090668598939,0,0.2622653765659322,0.12193607045601246,0.0702785218970698,0.1711290041676011,0
0.5135317404877938,1.0220124395227825,0.13785189115383634,0,0.2571721252953107,0.25496257196949706,0.4020535763362177,0.13477215254851233,0
-1.138209886318578,0.8876308500004987,0.12111411482158328,1,0.11882947789316023,0.42067719766612643,0.06511442448890113,0.4820691350465949,0
1.379240983506447,1.0285389937176366,0.02995850824976598,0,0.22649379141335796,0.14694508908538284,0.10389843816863123,0.1362853822620347,0
-0.10925250474464447,0.9028255458407655,0.036145085980064016,1,0.27315106122663957,0.04024268041226556,0.09355938889936703,0.09896398508087723,0
1.2684851367488716,0.9297593680785425,0.02595409349015852,0,0.10775035455652035,0.1251658513252005,0.01605651222097718,0.08848416409072198,0
1.6993013391312817,0.914864305611161,0.1357693408759485,0,0.2883535317539016,0.15117730383821676,0.028318006802561125,0.19592400955670825,0
2.102966571843877,1.374778979608577,0.038906490566689406,1,0.8147631946045211,0.5866906131103451,0.9646095409020856,0.8882877934607809,1
2.0646856523124137,0.9848257371961373,0.0051349513512424965,0,0.90514233429175,0.3589039698622738,0.7039661298666056,0.6029106452457363,1
0.602166175457375,0.9943472658241387,0.11273454447920728,0,0.0768875297703499,0.5796942736256958,0.11560613675185352,0.043184338925451704,0
-0.8650148157188475,0.8763576411460757,0.21118331261844053,0,0.02054999852590827,0.10331567879730956,0.30237171002746793,0.15818237194861384,0
0.8893317486857809,1.0172698195752767,0.04107214378946182,0,0.005671061136041123,0.30962997553532545,0.17607002924011664,0.04347197835426758,0
-1.0080351450623664,1.0633648267461218,0.017496866260390993,0,0.01667458457160798,0.1544250209066225,0.1125077443190937,0.3145232107791564,0
0.6284504838807896,0.9437980618348135,0.02000751100282981,0,0.22182209990596222,0.18444353107072617,0.12787596886476615,0.1296632080073804,0
0.7648382116596445,0.8514451544240339,0.02094433258886934,0,0.0021561368200210466,0.22235290076443015,0.19970036362058793,0.05750743352095861,0
-1.343756468977372,1.068735159533122,0.11281160231611508,0,0.23047306692371342,0.30413105070024554,0.006049066429212213,0.2454725443719994,0
-0.28300992689391496,0.9799638551678461,0.1785783537969265,1,0.31460648356270116,0.18218123748004547,0.057277930030871595,0.06934235399689313,0
1.5665128508376585,0.9517130517275375,0.08319460296328275,0,0.03729386028789248,0.34836162058983405,0.08271234010673065,0.08213217942171576,0
-1.390813580628864,0.7916200395424788,0.10364125383794345,0,0.16985379916641546,0.2505968140561639,0.11515814798071405,0.11680428031294748,0
-0.34104660468908404,0.9548249115973985,0.20987430617387393,0,0.18352732288673193,0.1471407986001697,0.5788626722716228,0.39254266027670054,0
0.6600877875778169,1.0980981236508507,0.18582123253089533,0,0.1749617208988639,0.1865847095865057,0.05980724565621603,0.048268407200505736,0
0.663846859141358,0.9758714813741989,0.1557051543486293,0,0.11605106768660078,0.33969071728743555,0.019750412123592607,0.23078884301639496,0
-1.208710816437227,1.076074203862337,0.20867376644309343,0,0.12919121027956976,0.4462245627522618,0.01012647714520032,0.29102009852850574,0
1.1224917111489687,1.094531090951138,0.041606131604194636,0,0.4942061063901566,0.7598362047425493,0.8276441630624555,0.7122459454693545,1
0.7890401286726558,1.0194076689298361,0.03289613652251189,0,0.906537753947902,0.4327678746533286,0.6335719300113514,0.9046207876799517,1
1.1575179843727903,1.142280253880595,0.021712014248387812,1,0.6289947954217862,0.7288916929088154,0.7720071205212226,0.8017014312476883,1
0.6086048877956103,0.9255099544339921,0.06770929331973238,0,0.05080232193267094,0.33822987864360177,0.06496848962743156,0.19575927744831512,0
-1.5236787759143626,0.9978725932569973,0.09926467467899192,0,0.04412398421478055,0.15186787328563106,0.28102569854565246,0.046064273249393294,0
0.37200862431345494,0.8584535602762641,0.10509040174348064,0,0.11168479843724494,0.14283818054586855,0.10026042747173544,0.0737611861081167,0
-0.11235251358616706,0.98733281855621,0.18170234019331455,0,0.24557810359935753,0.19224743067491648,0.10643213956830273,0.02671414305851662,0
1.5253708671766155,1.1437424828819203,0.01543071035065595,1,0.6316727597546365,0.7229225610432043,0.3002594070383742,0.7375591033313611,1
-0.3579235681207121,0.9558781657180283,0.1750610240899227,0,0.4070867140568289,0.11715645478910619,0.13499588497443604,0.15335301713612154,0
4.581971956991122,1.2038134493526707,0.02378578247095183,0,0.8474338980598125,0.6770918186785175,0.3980828018517881,0.8205840635392198,1
0.6496812508182908,1.0197289091681725,0.1857197095597754,1,0.045768908059615365,0.11287147334444275,0.029382869469128943,0.21040811468036424,0
-0.23714854209995634,0.9086666543895694,0.16313540359106216,0,0.13551843297237842,0.15624050519859795,0.062363626448691666,0.10921275218881948,0
2.020822639895905,0.9783197113967472,0.0228641187315348,0,0.009089054384637004,0.29952732349950545,0.6134244051740941,0.12422137484965677,0
0.5005991492430888,1.0527871973110674,0.1630737895063601,0,0.36259047989341137,0.45243403057929354,0.07175546466895348,0.40583619089758677,0
1.111367465657444,0.9097812875132395,0.21932007197660935,0,0.02434123061059883,0.09477188008549312,0.09897815987706542,0.4014465318884398,0
0.5125170646930235,1.0761694159346047,0.16974886842625492,0,0.030117520362941623,0.04676834684770256,0.06522990969952618,0.07118207320881978,0
0.4927272543558551,0.9636802197802619,0.12320148220060226,0,0.12990652491318927,0.05543146705762038,0.227589178615647,0.20129311119638282,0
1.678375714759799,0.9708450733131767,0.1390128667055398,0,0.21092021427546026,0.44470401633018775,0.06167126783163181,0.04557236446154044,0
-0.15383568896484873,0.9859472168011895,0.15576333678757764,0,0.4651604591825198,0.24430086598120285,0.2424377701159207,0.048595803286285266,0
-1.2006152200872364,0.8679077010757704,0.051830154251131966,1,0.24895952470002988,0.21520688965973386,0.13241178819476376,0.12079651201812905,0
1.2374183327272656,1.3842017817344479,0.01772825168555226,0,0.40318994175205586,0.5223629137109054,0.701887645630009,0.7864597897418946,1
1.8554835993432106,1.1278351471305945,0.06228092124392411,0,0.14257240632601367,0.4047068093707921,0.2577278542634762,0.021624193453378734,0
1.3382301036480653,1.015205894106929,0.18518633481491542,1,0.38001291429211276,0.44719794680416536,0.18111379228176863,0.1559210883086041,0
1.1650517176454938,0.8703962062024102,0.08702796660425999,0,0.02090475785464361,0.12345432842595845,0.10537692486408429,0.08354434802050084,0
-0.525065572920552,0.8118525814740273,0.21210743424361522,0,0.01573466379341704,0.1632265929948947,0.11757348002435246,0.11799853647671729,0
-0.7899411631658764,0.9322158168833725,0.058816021036291695,0,0.2635790949961253,0.38454135915886933,0.341971398587601,0.13390788384963334,0
0.8226060049909988,0.9873460171163972,0.14742006387796924,0,0.009990272689340792,0.36929002053542925,0.2141693252645435,0.3109216184598548,0
0.7812732401547783,1.0300837434023835,0.10826490925260994,0,0.3836208561466816,0.22444064931912797,0.12868922613585043,0.07113273887248306,0
0.40141836493600064,1.0827585681435612,0.026950926791783195,0,0.10524229600318152,0.15423095828403008,0.32881137344886224,0.216575195398172,0
0.2119047360381306,0.9009554333070886,0.07042856323868454,1,0.028933007386372247,0.1197738751359233,0.14289146367940941,0.1558842272578289,0
1.3571580715979161,1.0865438683615327,0.029123027594027504,1,0.4859981164644666,0.7549617510679661,0.5610189136814104,0.5266716623831236,1
0.11963147688285648,0.8164886001705687,0.0835141441383235,0,0.2656466516889629,0.18365719763933466,0.14339694687404855,0.18782936195463143,0
-0.6774684568196363,0.811367883888137,0.14240020664464087,0,0.13267886773588783,0.43940803353808505,0.050968230383609724,0.2957294922967642,0
0.7076877071598721,0.9761322324103403,0.16266619787810482,0,0.08018611556665257,0.10388247358928085,0.007616164941718375,0.5050266867718292,0
-0.03645390975218489,1.0195348568252027,0.03565433301171314,0,0.08173729950583004,0.2786058879495896,0.09236970794090149,0.11519811132405786,0
0.6621944949054045,0.8334221466602818,0.044853891397717546,0,0.034610380754119846,0.06076877688627757,0.08031614962799458,0.09669310562140007,0
0.23691891844680002,0.9017538321715742,0.15560463639272526,0,0.05524411356498072,0.17829415286526176,0.4307927600210069,0.19577614359306142,0
-1.350923708793776,1.0030103922359903,0.025595564381782024,0,0.316902313511503,0.22930512007921808,0.17917729410318303,0.007389940966981151,0
0.035219393534523136,1.0743086166250853,0.2123708856360501,0,0.13754700654430596,0.36488881202461565,0.07350216468169089,0.39478647022294927,0
-0.2392472574876941,1.0264153449490088,0.10479689962301761,0,0.2759859200144829,0.2922202111780206,0.04536309214908961,0.2266360886964712,0
0.4592668209270209,0.8793670643657434,0.2169675018117742,0,0.04364388449851584,0.07015929293915704,0.083088323649921,0.18101320043907634,0
-0.42343135840082236,0.9919454081375304,0.0827103059709675,1,0.10354283318223767,0.3367238664993376,0.02271776863723206,0.26057982241815114,0
-0.5362762032530035,0.7843097743120042,0.02080917732859385,0,0.004914360390716352,0.12176530347171866,0.28616290168662556,0.022516434194696372,0
0.1775452222759143,0.7495415890536749,0.1367096855050441,0,0.25705410613936314,0.38322873119143674,0.04675630559998936,0.08636851923142679,0
-0.6635855490361098,0.9980134197196305,0.05777364219747836,0,0.07009833159781816,0.0859348168984326,0.3483784057178755,0.33642939648069903,0
1.0827173056339046,1.098475570848958,0.014837331752453166,1,0.7485919395935632,0.25310600172381853,0.8856991775785095,0.867821032827118,1
-1.2870043357332748,0.8919571777002364,0.05416563308527999,0,0.10523932635357156,0.2628293099035011,0.16687332162149351,0.11316845412099145,0
-0.5055278678922308,0.977104703515285,0.09669291590481598,0,0.01715570932513346,0.13156526862136222,0.10212571047465922,0.2676794285537307,0
-0.20299026359735944,0.9017230702655725,0.10160138695633023,0,0.22509468193455343,0.19491117763228552,0.007077233522127433,0.6144647888519541,0
-1.1916563483100375,1.1639207766974178,0.14482311387826408,0,0.042046111736264685,0.1511098372844524,0.03159507744951543,0.15327237389394396,0
0.554706073731411,1.0962011726503684,0.11674616811329767,0,0.04976028750267564,0.0955085620736951,0.030687285476066084,0.07191249361508215,0
0.7583761433682069,0.9073401270132921,0.14717512895096907,0,0.38191753649946786,0.25409459315094857,0.043281053206512,0.1458379880459579,0
-0.6792271933129429,1.0797368325956784,0.18250593726553604,0,0.20563628853483487,0.01762342164086052,0.1643102359931767,0.03019445597760669,0
-0.1673477012837009,1.085454594362186,0.0799270100151693,0,0.27467737476527126,0.03956691388825002,0.19487328974034807,0.04433831806251514,0
-0.5714869470846334,1.0032230355228555,0.1683731688008827,0,0.13034400577174543,0.25090824075306356,0.23479737407866766,0.32650326689931475,0
-0.5839093214884833,0.9856628580746147,0.10492769784462502,0,0.03701801685796622,0.37418909411095785,0.0274643696435941,0.21714099010806234,0
0.7505249685499741,0.820622264589178,0.07831648434347496,0,0.019298133368311175,0.31897244147242476,0.05405071356958341,0.1077394007413433,0
0.34588616927313237,0.9888518313148635,0.21603288501063017,0,0.07376043671883195,0.5483916418528563,0.41957493753175307,0.4759218154472883,0
0.044130816293487744,0.9629426266539387,0.03554948090485624,0,0.019517187608711708,0.6407093297274685,0.3950733063447803,0.06017512557970326,0
-0.46633000354472115,1.0066057055047044,0.059045194317124614,0,0.17386239994896646,0.23488984912650415,0.0025825610424777615,0.33599881601057957,0
2.171398388781487,1.1747367627393035,0.009290434440310705,1,0.5552727371365903,0.40942865596643163,0.6829888034548471,0.41299346223359035,0
0.6737950465368298,0.9830982402407868,0.13093928406140934,0,0.2323069477257552,0.16500727098589638,0.2500616919813713,0.06640765101251324,0
1.2869942838537356,0.9792992198725383,0.03560872353182636,0,0.0280837344665538,0.08892685549740778,0.1574724190351808,0.05038835981577862,0
3.0995854112038925,1.1551881696902384,0.02792972673065674,1,0.6599369947933591,0.6241737137554825,0.7071528450329789,0.39261441802224306,1
0.0391199469385509,0.9544293237359913,0.10537529810401576,0,0.2406865952179209,0.26736508908052103,0.02575892371326496,0.22643065975145646,0
0.7902904208928702,0.8386261042662656,0.023054848755891953,0,0.19895872953876628,0.2866628895363923,0.46939560986909956,0.13987574175289696,0
-1.3632022479014108,0.8708762839870405,0.06306922139054985,0,0.07563371635279195,0.10018087317238418,0.08251095835297173,0.17532366438299374,1
-2.32217296511519,1.037112554726069,0.16458842362657777,0,0.11963370899167682,0.28139374832572084,0.04691323159467554,0.22706695390913628,0
-0.7487429600218901,0.8847680866812517,0.019020159157221987,1,0.056539041280481754,0.1728170019168377,0.3119784650408671,0.25754470446546135,0
3.3626210454522614,1.0304255486410638,0.003436766947206923,1,0.9063503345261446,0.6611707862969006,0.5608696052637364,0.7920742117563534,1
0.4639749286452048,1.0398105661536194,0.11701815867356974,0,0.4943136218328282,0.3329054409894069,0.24521274562309187,0.2988454412282063,0
-1.270772739177196,0.9486776290129721,0.1275620606265882,0,0.17734812497959174,0.2630080878513011,0.3382323490649688,0.09005349905459269,0
-0.8257620467933999,1.0003586605106414,0.10707538156010359,0,0.03219347705616338,0.38385717125519847,0.29350909607375203,0.29734523012894387,0
1.3795301655743828,1.2834252415716918,0.03753740266074011,0,0.597689749678668,0.8274705289861111,0.5526112304873028,0.6924622594105755,1
-0.1313423805527662,0.966621832302834,0.1645693630932452,0,0.09963448707833399,0.3022795615846685,0.10527897339079866,0.15544690276920942,0
5.273721976149747,1.2288386361949,0.007730378567925261,0,0.360208800150555,0.5803809451444184,0.8821406013629464,0.8816843776863997,1
0.002835994480277493,1.096882304735263,0.06854603511115215,0,0.07764171301297805,0.20749811592663206,0.045619244573860164,0.3833539828865652,0
-0.3183541943017936,1.066022087234963,0.1028886540590537,0,0.17092125024866317,0.39368861904735936,0.06650704677335334,0.36074871033197486,0
-0.05326279732020911,0.9373488882604986,0.16436610714251926,0,0.627056809512135,0.5642558302095462,0.36379085531617517,0.10542274898064673,0
-0.07363460955945698,0.7846996919067775,0.17115725482625077,1,0.011059209067878046,0.39768099526143963,0.03761999265890966,0.39260188814916847,0
1.0514195374909328,0.9394443899902575,0.15281390268617606,0,0.0746002034279772,0.028880520701039178,0.085954843697234,0.36237247014138313,0
0.7312897549808167,0.9526880353992708,0.12767257172673718,0,0.10196380727176746,0.1391420875193256,0.1428276295272976,0.26500396218265543,0
-0.28257423595002273,1.0465689850394513,0.07073144897881273,0,0.010419271388175604,0.1548422402992029,0.2497130037983168,0.19774730018719106,0
-0.21124708976978623,0.9402893277988361,0.02761632199764156,0,0.09844972620161312,0.18264237724095186,0.06611555590375444,0.3678159251095832,0
-0.37303793298355137,1.0365036001673076,0.1165401176214513,0,0.16459254593547895,0.22230923056141946,0.1169316259096334,0.15926333914263746,0
1.667254167644742,1.28787987846842,0.03947093526622995,1,0.5602487459167798,0.795215850074491,0.9127440856250502,0.47141156419064756,1
1.330473322489946,1.0386146514215953,0.03803850986038543,0,0.026449512599168647,0.07860410915091125,0.011759040618196354,0.07748390555233202,0
-2.377197978647415,0.8963554345647293,0.17336713131132164,0,0.26209663751963974,0.23616487249477847,0.2398332349856243,0.28547229923498707,0
2.122700706187409,1.1252549666050176,0.021008788615615476,0,0.8509324823971448,0.5520914186281978,0.8229455555855328,0.5101802133879793,1
-0.38996447960764674,1.046404484731145,0.05662947154861274,0,0.058090103037958835,0.32142287206475706,0.1611426024155175,0.13958123335987568,0
1.801826747224093,1.1754118424898743,0.006440810656493602,0,0.5051723073230246,0.45122984836903063,0.5201909562353483,0.7627704618104233,1
-0.7635168773183107,0.9870366022585695,0.034616473791890236,0,0.033132577844517994,0.361845777574172,0.0504009379834676,0.13280105741827863,0
-0.21593228622624433,1.0237361541656593,0.09861641000432358,0,0.09583544155191442,0.20920105519487991,0.19490953657631221,0.28377160343277286,0
0.8340122330885231,1.0017800508814223,0.1832508473672247,1,0.03803795849410946,0.540518387111529,0.252112737542875,0.05848573763066282,0
1.0679642438817452,1.0409232415559044,0.007755240162082904,1,0.7973160330528414,0.5480930181794452,0.7641268294292175,0.9225798730793165,1
1.838355000529497,0.9935007968101996,0.016426305397174698,0,0.05755368951146035,0.24234308389582387,0.30182432840819795,0.23222688516707707,0
1.0492930777334788,1.0908518885924015,0.04233830652509159,0,0.44588476289664764,0.8647495059476582,0.8214767302489188,0.6988032164431163,1
-1.3133625022172781,0.9283455430594989,0.02286459157791873,0,0.13683930093470145,0.14778837004634485,0.29307651764053144,0.13731836784338364,0
0.29041398591033507,1.0154215225479089,0.06130568965138306,0,0.02676733416316285,0.25408768687252603,0.1408329802868963,0.2112872709952986,0
-1.6505866578509778,1.0262583752147698,0.21611104526859065,0,0.12402961874804781,0.28866305953513177,0.12794925456154096,0.23103778885994414,0
-0.9859126752575564,0.933919000334652,0.15280800070912404,0,0.4862770107714917,0.09982360588355235,0.007618086646577373,0.23929271160986085,0
0.04162971097524703,0.9299493067387571,0.18098322290805502,0,0.3535526732237301,0.24099274973988657,0.30306730841452995,0.08879559245633525,0
0.34503905555877673,0.8983039760360567,0.19109221016158395,0,0.10698385346171327,0.5372756998478334,0.34345229545233497,0.24156271108777683,0
-0.23947154609564436,1.1347277386704364,0.12100978206323275,0,0.20158597472930093,0.30862398344188485,0.1633134675117478,0.24160544536148937,0
1.5304709421511553,0.8828235659399428,0.06871717592390929,0,0.14053097392589134,0.22108521692813465,0.3532267361814891,0.4411420247690891,0
4.127924155015032,1.2304195662919628,0.038557064400220845,0,0.8496886569177022,0.6232220366088167,0.3215567697501924,0.9338695719967474,1
-0.6298446391179903,0.9372675921656962,0.18024983333195327,0,0.04597167394869377,0.2475329809237191,0.17741824977496548,0.3619108155543855,0
0.9967528559506268,0.9847915823504507,0.044625620900924805,0,0.1844836549564151,0.3743635296275702,0.22261100362972475,0.2998052053515705,0
-0.1531986704378821,0.789554681615424,0.19698906255769605,0,0.11868145523339006,0.20933160783338411,0.10720040085362324,0.39655601844944466,0
1.1246511102210275,1.1292836724924893,0.03810786682250333,0,0.971289446554366,0.8160589730845828,0.5791244882984874,0.6990592455657821,1
-1.0280901033299636,1.0267801061059905,0.04860600279540656,0,0.03490398284548716,0.22237208769339087,0.21511512993531032,0.5669853893794655,0
-0.8406653229133038,0.8784243744232915,0.10453931971128054,0,0.09676950119305112,0.04459614982729827,0.20310170646119963,0.13474265271471517,0
0.0449635830538581,0.8122741561756466,0.18183497197653287,0,0.27381060470624524,0.18897383586830108,0.25133204176971985,0.20401476403223065,0
1.055566248429315,1.0537374331772926,0.17750419818505403,0,0.0838270584158713,0.22485587537259952,0.09516762328459799,0.771610364695478,0
1.1729678654063604,0.9420544823297515,0.1289015167098926,1,0.16410195628075344,0.11851710643250787,0.17666961741343226,0.1584193294385324,0
-0.10691883211255225,1.0042855624854234,0.11726445986757623,0,0.05950951309200306,0.20133021159873304,0.18506525682002192,0.14158915709073977,0
0.24848728431248018,0.911692936200545,0.017966481508087332,0,0.2523294204943153,0.2013555585405607,0.14953560254482678,0.31113235246948484,1
-0.05957275754495518,0.9276510405847982,0.11888785834714656,0,0.203400409563001,0.15862962491838564,0.009412548328449831,0.05851326898476352,0
-0.786559774173169,0.8976784462784011,0.04778221522994614,0,0.21164914121147477,0.2679384950554727,0.19669610384028188,0.23268463577981863,0
1.681203702197236,0.9966244487940628,0.05101282108355983,0,0.0036682114395331787,0.5280181956882162,0.2022032432084162,0.2435883259748702,0
2.4930291156204127,1.1051200555278378,0.011708275274048358,1,0.737362592008936,0.5709922904513823,0.9360442008186574,0.8178026781189343,1
1.1189114496154073,0.9359627241023437,0.16593737925060142,0,0.06595657442002878,0.4319731745718427,0.3983033195334394,0.45742812947689754,0
-1.3455970879595194,0.8073753953698086,0.06710019242620197,1,0.02846302830146039,0.26551425192910744,0.17643238449218676,0.2597653183520152,0
2.070099599861146,1.154381144154591,0.038656095265937745,1,0.9091292138337836,0.5696726030649161,0.9180002585224606,0.7990719144271735,1
0.8592569450716476,1.0977815628760392,0.0391901841863915,1,0.5408496946160124,0.7845368009743579,0.7870153019110809,0.4886715592512575,1
1.340305631163094,1.339343019171984,0.03784495121130319,0,0.9097650511049126,0.5202212540138417,0.6594838168304671,0.7560227768653781,1
-0.46624159560721085,0.8580614304738563,0.0692028810755773,0,0.14332973648398745,0.07848744685052113,0.11710377139306484,0.1296427301395639,0
1.6042674661100647,0.9400742524277567,0.0487005002873249,0,0.03386713705506127,0.10124836956624228,0.24031387601809018,0.03418814311137207,0
0.03897790443777684,0.9748140429463931,0.19989280210676597,0,0.02536655977748949,0.40300802913959266,0.1743410460915478,0.09646608711905748,0
0.5620847712667478,0.9439717937764669,0.1077263129150307,0,0.08635368280493785,0.3782852582061124,0.17198008626762043,0.05556412147523696,1
0.6027500300390828,0.8507340675667648,0.07704126983054699,0,0.09243300658492705,0.31827171884963845,0.0746202109456925,0.3810877119142922,1
0.469722537001701,0.990653455180712,0.14338018866642177,1,0.1885362312489209,0.15148148181813548,0.3278420523832959,0.05814630156714285,0
1.9062724273188305,1.01262105409203,0.12304954239525896,0,0.07865248170319948,0.20865813793939406,0.052912917232647225,0.008308882140801449,0
0.891267975770863,0.946156095038959,0.03198494736192101,0,0.6778128868783969,0.592284337597165,0.5505365861215428,0.600800366987631,1
-0.02264492209772409,0.9890492502195618,0.061501605976726506,0,0.008487669510446027,0.3212423131754507,0.012155053372887114,0.04235325536989935,0
0.33922149390524575,0.8909205116028053,0.08680583598721216,1,0.13646294564445025,0.13576910992032037,0.0396412020904677,0.30611871751127245,0
0.12364642269280851,0.9253780893129289,0.1539102923304168,1,0.03659674369337006,0.4112410529690588,0.01658903502299696,0.09975037621997297,0
0.23263071876616975,1.0286411356241716,0.14719548890309403,1,0.20846330116363612,0.27999015921880344,0.08411161144897308,0.2168447945612365,0
4.621823530448593,1.1608357594408754,0.03694197530418877,0,0.3586244058659786,0.8025718993114291,0.9690473844426977,0.6179703503729265,1
